/*
Navicat MySQL Data Transfer

Source Server         : MySql
Source Server Version : 50527
Source Host           : localhost:3306
Source Database       : city_scm

Target Server Type    : MYSQL
Target Server Version : 50527
File Encoding         : 65001

Date: 2013-10-26 14:28:33
*/

SET FOREIGN_KEY_CHECKS=0;

-- ----------------------------
-- Table structure for `account_type`
-- ----------------------------
DROP TABLE IF EXISTS `account_type`;
CREATE TABLE `account_type` (
  `ACCOUNT_TYPE_ID` int(10) unsigned NOT NULL,
  `ACCOUNT_TYPE_NAME` varchar(100) DEFAULT NULL COMMENT 'Account Type Name,y,Y,,,20,1',
  `CREATED_DATE` datetime NOT NULL,
  `MODIFY_BY` varchar(50) DEFAULT NULL,
  `MODIFY_DATE` date DEFAULT NULL,
  `CREATED_BY` varchar(50) NOT NULL,
  PRIMARY KEY (`ACCOUNT_TYPE_ID`)
) ENGINE=MyISAM AUTO_INCREMENT=22 DEFAULT CHARSET=utf8;

-- ----------------------------
-- Records of account_type
-- ----------------------------
INSERT INTO `account_type` VALUES ('1', 'current', '2013-04-28 00:00:00', null, null, 'admin');

-- ----------------------------
-- Table structure for `amount_type`
-- ----------------------------
DROP TABLE IF EXISTS `amount_type`;
CREATE TABLE `amount_type` (
  `AMOUNT_TYPE_ID` int(11) NOT NULL,
  `AMOUNT_TYPE_NAME` varchar(255) DEFAULT NULL COMMENT 'expense Type Name,y,Y,,,20,1',
  `CREATED_BY` varchar(255) DEFAULT NULL,
  `CREATED_DATE` datetime DEFAULT NULL,
  `MODIFY_BY` varchar(255) DEFAULT NULL,
  `MODIFY_DATE` datetime DEFAULT NULL,
  PRIMARY KEY (`AMOUNT_TYPE_ID`)
) ENGINE=InnoDB DEFAULT CHARSET=latin1;

-- ----------------------------
-- Records of amount_type
-- ----------------------------
INSERT INTO `amount_type` VALUES ('1', 'Actual Amount', null, null, null, null);
INSERT INTO `amount_type` VALUES ('2', 'Percent wise', null, null, null, null);

-- ----------------------------
-- Table structure for `app_product_delivery_history`
-- ----------------------------
DROP TABLE IF EXISTS `app_product_delivery_history`;
CREATE TABLE `app_product_delivery_history` (
  `id` int(11) NOT NULL AUTO_INCREMENT,
  `req_id` int(11) NOT NULL,
  `product_id` int(11) NOT NULL,
  `delivery_qty` int(11) NOT NULL,
  `delivered_by` int(11) NOT NULL,
  `delivery_date` date NOT NULL,
  `challan_id` int(11) DEFAULT NULL,
  `challan_date` date NOT NULL,
  `receipt_by` int(11) NOT NULL,
  `receipt_date` date NOT NULL,
  `requisition_route` int(11) NOT NULL,
  `perchase_order_id` int(11) NOT NULL,
  `comments` varchar(255) COLLATE latin1_general_ci NOT NULL,
  `updated_on` timestamp NOT NULL DEFAULT CURRENT_TIMESTAMP ON UPDATE CURRENT_TIMESTAMP,
  `rate` int(11) DEFAULT NULL,
  `CREATED_DATE` datetime NOT NULL,
  `MODIFY_BY` varchar(50) CHARACTER SET utf8 DEFAULT NULL,
  `MODIFY_DATE` date DEFAULT NULL,
  `CREATED_BY` varchar(50) CHARACTER SET utf8 NOT NULL,
  PRIMARY KEY (`id`),
  KEY `challan_id` (`challan_id`)
) ENGINE=MyISAM AUTO_INCREMENT=32 DEFAULT CHARSET=latin1 COLLATE=latin1_general_ci;

-- ----------------------------
-- Records of app_product_delivery_history
-- ----------------------------
INSERT INTO `app_product_delivery_history` VALUES ('1', '117', '2743', '1', '22', '2013-09-22', '1', '0000-00-00', '0', '0000-00-00', '0', '0', '', '2013-09-22 11:47:12', null, '0000-00-00 00:00:00', null, null, '');
INSERT INTO `app_product_delivery_history` VALUES ('2', '118', '1487', '10', '22', '2013-09-22', '2', '0000-00-00', '0', '0000-00-00', '0', '0', '', '2013-09-22 12:07:30', null, '0000-00-00 00:00:00', null, null, '');
INSERT INTO `app_product_delivery_history` VALUES ('3', '118', '2743', '20', '22', '2013-09-22', '3', '0000-00-00', '0', '0000-00-00', '0', '0', '', '2013-09-22 12:07:36', null, '0000-00-00 00:00:00', null, null, '');
INSERT INTO `app_product_delivery_history` VALUES ('4', '119', '2755', '1', '22', '2013-09-22', '4', '0000-00-00', '0', '0000-00-00', '0', '0', '', '2013-09-22 12:30:08', null, '0000-00-00 00:00:00', null, null, '');
INSERT INTO `app_product_delivery_history` VALUES ('5', '119', '2743', '1', '22', '2013-09-22', '5', '0000-00-00', '0', '0000-00-00', '0', '0', '', '2013-09-22 12:50:59', null, '0000-00-00 00:00:00', null, null, '');
INSERT INTO `app_product_delivery_history` VALUES ('6', '58', '1487', '0', '22', '2013-09-22', null, '0000-00-00', '0', '0000-00-00', '0', '0', '', '2013-09-22 12:33:28', null, '0000-00-00 00:00:00', null, null, '');
INSERT INTO `app_product_delivery_history` VALUES ('7', '58', '2761', '0', '22', '2013-09-22', null, '0000-00-00', '0', '0000-00-00', '0', '0', '', '2013-09-22 12:33:28', null, '0000-00-00 00:00:00', null, null, '');
INSERT INTO `app_product_delivery_history` VALUES ('8', '120', '2743', '1', '22', '2013-09-22', '5', '0000-00-00', '0', '0000-00-00', '0', '0', '', '2013-09-22 12:50:59', null, '0000-00-00 00:00:00', null, null, '');
INSERT INTO `app_product_delivery_history` VALUES ('9', '120', '2755', '1', '22', '2013-09-22', '5', '0000-00-00', '0', '0000-00-00', '0', '0', '', '2013-09-22 12:50:59', null, '0000-00-00 00:00:00', null, null, '');
INSERT INTO `app_product_delivery_history` VALUES ('10', '118', '2762', '100', '22', '2013-09-22', '6', '0000-00-00', '0', '0000-00-00', '0', '0', '', '2013-09-22 12:53:58', null, '0000-00-00 00:00:00', null, null, '');
INSERT INTO `app_product_delivery_history` VALUES ('11', '121', '2761', '100', '22', '2013-09-22', '7', '0000-00-00', '0', '0000-00-00', '0', '0', '', '2013-09-22 13:00:52', null, '0000-00-00 00:00:00', null, null, '');
INSERT INTO `app_product_delivery_history` VALUES ('12', '121', '2743', '120', '22', '2013-09-22', '7', '0000-00-00', '0', '0000-00-00', '0', '0', '', '2013-09-22 13:00:52', null, '0000-00-00 00:00:00', null, null, '');
INSERT INTO `app_product_delivery_history` VALUES ('13', '123', '1487', '1', '22', '2013-09-22', '8', '0000-00-00', '0', '0000-00-00', '0', '0', '', '2013-09-22 15:17:34', null, '0000-00-00 00:00:00', null, null, '');
INSERT INTO `app_product_delivery_history` VALUES ('14', '123', '2743', '1', '22', '2013-09-22', '9', '0000-00-00', '0', '0000-00-00', '0', '0', '', '2013-09-22 15:17:38', null, '0000-00-00 00:00:00', null, null, '');
INSERT INTO `app_product_delivery_history` VALUES ('15', '115', '1207', '11', '0', '2013-09-22', '10', '0000-00-00', '0', '0000-00-00', '0', '0', '', '2013-09-22 15:59:32', null, '0000-00-00 00:00:00', null, null, '');
INSERT INTO `app_product_delivery_history` VALUES ('16', '115', '1253', '13', '0', '2013-09-22', '10', '0000-00-00', '0', '0000-00-00', '0', '0', '', '2013-09-22 15:59:32', null, '0000-00-00 00:00:00', null, null, '');
INSERT INTO `app_product_delivery_history` VALUES ('17', '125', '2755', '10', '0', '2013-09-22', null, '0000-00-00', '0', '0000-00-00', '0', '0', '', '2013-09-22 16:02:15', null, '0000-00-00 00:00:00', null, null, '');
INSERT INTO `app_product_delivery_history` VALUES ('18', '125', '2743', '19', '0', '2013-09-22', null, '0000-00-00', '0', '0000-00-00', '0', '0', '', '2013-09-22 16:02:15', null, '0000-00-00 00:00:00', null, null, '');
INSERT INTO `app_product_delivery_history` VALUES ('19', '125', '2755', '10', '22', '2013-09-22', null, '0000-00-00', '0', '0000-00-00', '0', '0', '', '2013-09-22 16:02:28', null, '0000-00-00 00:00:00', null, null, '');
INSERT INTO `app_product_delivery_history` VALUES ('20', '125', '2743', '19', '22', '2013-09-22', null, '0000-00-00', '0', '0000-00-00', '0', '0', '', '2013-09-22 16:02:29', null, '0000-00-00 00:00:00', null, null, '');
INSERT INTO `app_product_delivery_history` VALUES ('21', '126', '2755', '111', '0', '2013-09-22', '11', '0000-00-00', '0', '0000-00-00', '0', '0', '', '2013-09-22 16:11:36', null, '0000-00-00 00:00:00', null, null, '');
INSERT INTO `app_product_delivery_history` VALUES ('22', '126', '2743', '111', '0', '2013-09-22', '11', '0000-00-00', '0', '0000-00-00', '0', '0', '', '2013-09-22 16:11:36', null, '0000-00-00 00:00:00', null, null, '');
INSERT INTO `app_product_delivery_history` VALUES ('23', '128', '1317', '100', '0', '2013-09-22', '12', '0000-00-00', '0', '0000-00-00', '0', '0', '', '2013-09-22 16:53:01', null, '0000-00-00 00:00:00', null, null, '');
INSERT INTO `app_product_delivery_history` VALUES ('24', '128', '1210', '1', '0', '2013-09-22', '12', '0000-00-00', '0', '0000-00-00', '0', '0', '', '2013-09-22 16:53:01', null, '0000-00-00 00:00:00', null, null, '');
INSERT INTO `app_product_delivery_history` VALUES ('25', '128', '2743', '5', '22', '2013-09-22', '13', '0000-00-00', '0', '0000-00-00', '0', '0', '', '2013-09-22 16:56:46', null, '0000-00-00 00:00:00', null, null, '');
INSERT INTO `app_product_delivery_history` VALUES ('26', '128', '2762', '1', '22', '2013-09-22', '13', '0000-00-00', '0', '0000-00-00', '0', '0', '', '2013-09-22 16:56:46', null, '0000-00-00 00:00:00', null, null, '');
INSERT INTO `app_product_delivery_history` VALUES ('27', '127', '1210', '13', '0', '2013-09-23', null, '0000-00-00', '0', '0000-00-00', '0', '0', '', '2013-09-23 10:11:50', null, '0000-00-00 00:00:00', null, null, '');
INSERT INTO `app_product_delivery_history` VALUES ('28', '133', '1487', '10', '22', '2013-09-23', '14', '0000-00-00', '0', '0000-00-00', '0', '0', '', '2013-09-23 11:06:48', null, '0000-00-00 00:00:00', null, null, '');
INSERT INTO `app_product_delivery_history` VALUES ('29', '133', '2743', '8', '22', '2013-09-23', '14', '0000-00-00', '0', '0000-00-00', '0', '0', '', '2013-09-23 11:06:48', null, '0000-00-00 00:00:00', null, null, '');
INSERT INTO `app_product_delivery_history` VALUES ('30', '133', '1210', '6', '0', '2013-09-23', '15', '0000-00-00', '0', '0000-00-00', '0', '0', '', '2013-09-23 11:13:20', null, '0000-00-00 00:00:00', null, null, '');
INSERT INTO `app_product_delivery_history` VALUES ('31', '133', '1317', '7', '0', '2013-09-23', '15', '0000-00-00', '0', '0000-00-00', '0', '0', '', '2013-09-23 11:13:20', null, '0000-00-00 00:00:00', null, null, '');

-- ----------------------------
-- Table structure for `assignment_category`
-- ----------------------------
DROP TABLE IF EXISTS `assignment_category`;
CREATE TABLE `assignment_category` (
  `ASSIGNMENT_CATEGORY_ID` int(10) unsigned NOT NULL,
  `ASSIGNMENT_CATEGORY_NAME` varchar(200) DEFAULT NULL COMMENT 'Assignment Category Name,y,Y,,,20,1',
  `CREATED_DATE` datetime NOT NULL,
  `MODIFY_BY` varchar(50) DEFAULT NULL,
  `MODIFY_DATE` date DEFAULT NULL,
  `CREATED_BY` varchar(50) NOT NULL,
  PRIMARY KEY (`ASSIGNMENT_CATEGORY_ID`)
) ENGINE=MyISAM AUTO_INCREMENT=22 DEFAULT CHARSET=utf8;

-- ----------------------------
-- Records of assignment_category
-- ----------------------------
INSERT INTO `assignment_category` VALUES ('1', 'Software Eng', '2013-04-28 00:00:00', '2013-04-28', null, 'admin');

-- ----------------------------
-- Table structure for `blood_group`
-- ----------------------------
DROP TABLE IF EXISTS `blood_group`;
CREATE TABLE `blood_group` (
  `BLOOD_GROUP_ID` int(10) unsigned NOT NULL,
  `BLOOD_GROUP_NAME` varchar(10) DEFAULT NULL COMMENT 'Blood Group Name,y,Y,,,20,1',
  `CREATED_DATE` datetime NOT NULL,
  `MODIFY_BY` varchar(50) DEFAULT NULL,
  `MODIFY_DATE` date DEFAULT NULL,
  `CREATED_BY` varchar(50) NOT NULL,
  PRIMARY KEY (`BLOOD_GROUP_ID`)
) ENGINE=MyISAM AUTO_INCREMENT=22 DEFAULT CHARSET=utf8;

-- ----------------------------
-- Records of blood_group
-- ----------------------------
INSERT INTO `blood_group` VALUES ('1', 'B+', '2013-04-23 00:00:00', '2013-04-23', null, 'admin');
INSERT INTO `blood_group` VALUES ('2', 'A+', '2013-04-23 00:00:00', null, null, 'admin');
INSERT INTO `blood_group` VALUES ('3', 'AB+', '2013-04-24 00:00:00', null, null, '2010441');
INSERT INTO `blood_group` VALUES ('4', 'AB-', '2013-04-24 00:00:00', null, null, '2010441');
INSERT INTO `blood_group` VALUES ('8', 'B-', '2013-06-15 00:00:00', null, null, 'admin');

-- ----------------------------
-- Table structure for `branch`
-- ----------------------------
DROP TABLE IF EXISTS `branch`;
CREATE TABLE `branch` (
  `BRANCH_ID` int(11) NOT NULL,
  `DIVISION_ID` int(11) NOT NULL,
  `BRANCH_NAME` varchar(150) COLLATE latin1_general_ci NOT NULL,
  `ADDRESS` varchar(255) COLLATE latin1_general_ci NOT NULL,
  `BRANCH_LOCATION` varchar(255) COLLATE latin1_general_ci NOT NULL,
  `CREATED_BY` varchar(255) CHARACTER SET latin1 DEFAULT NULL,
  `CREATED_DATE` datetime DEFAULT NULL,
  `MODIFY_BY` varchar(255) CHARACTER SET latin1 DEFAULT NULL,
  `MODIFY_DATE` datetime DEFAULT NULL,
  PRIMARY KEY (`BRANCH_ID`)
) ENGINE=MyISAM AUTO_INCREMENT=253 DEFAULT CHARSET=latin1 COLLATE=latin1_general_ci;

-- ----------------------------
-- Records of branch
-- ----------------------------
INSERT INTO `branch` VALUES ('1', '14', 'Urdu Rd.Branch', 'Dhaka', 'Dhaka', null, null, null, null);
INSERT INTO `branch` VALUES ('2', '14', 'Tangail Branch', 'Dhaka', 'Dhaka', null, null, null, null);
INSERT INTO `branch` VALUES ('3', '14', 'Imamgonj Br', 'Dhaka', 'Dhaka', null, null, null, null);
INSERT INTO `branch` VALUES ('4', '14', 'Mymensingh Br.', 'Dhaka', 'Dhaka', null, null, null, null);
INSERT INTO `branch` VALUES ('5', '14', 'Johnson Rd. Br.', 'Dhaka', 'Dhaka', null, null, null, null);
INSERT INTO `branch` VALUES ('6', '14', 'Nawabpur Br.', 'Dhaka', 'Dhaka', null, null, null, null);
INSERT INTO `branch` VALUES ('7', '14', 'Tongi Branch', 'Dhaka', 'Dhaka', null, null, null, null);
INSERT INTO `branch` VALUES ('8', '14', 'Shyamoli Branch', 'Dhaka', 'Dhaka', null, null, null, null);
INSERT INTO `branch` VALUES ('9', '14', 'Uttara Branch', 'Dhaka', 'Dhaka', null, null, null, null);
INSERT INTO `branch` VALUES ('10', '14', 'Madhabdi Br', 'Dhaka', 'Dhaka', null, null, null, null);
INSERT INTO `branch` VALUES ('11', '14', 'Gulshan Branch', 'Dhaka', 'Dhaka', null, null, null, null);
INSERT INTO `branch` VALUES ('12', '14', 'Nawabgonj Br.', 'Dhaka', 'Dhaka', null, null, null, null);
INSERT INTO `branch` VALUES ('13', '14', 'Islami Banking Br', 'Dhaka', 'Dhaka', null, null, null, null);
INSERT INTO `branch` VALUES ('14', '14', 'Mouchak Br', 'Dhaka', 'Dhaka', null, null, null, null);
INSERT INTO `branch` VALUES ('15', '14', 'Foreign Ex. Br.', 'Dhaka', 'Dhaka', null, null, null, null);
INSERT INTO `branch` VALUES ('16', '14', 'Tanbazar Branch', 'Dhaka', 'Dhaka', null, null, null, null);
INSERT INTO `branch` VALUES ('17', '14', 'Mirpur Branch', 'Dhaka', 'Dhaka', null, null, null, null);
INSERT INTO `branch` VALUES ('18', '14', 'Manikgonj Br.', 'Dhaka', 'Dhaka', null, null, null, null);
INSERT INTO `branch` VALUES ('19', '14', 'Netaigonj Br', 'Dhaka', 'Dhaka', null, null, null, null);
INSERT INTO `branch` VALUES ('20', '14', 'Sadarghat Br.', 'Dhaka', 'Dhaka', null, null, null, null);
INSERT INTO `branch` VALUES ('21', '14', 'Dhanmondi Br.', 'Dhaka', 'Dhaka', null, null, null, null);
INSERT INTO `branch` VALUES ('22', '14', 'Posta Branch', 'Dhaka', 'Dhaka', null, null, null, null);
INSERT INTO `branch` VALUES ('23', '14', 'Karwan Bazar Br', 'Dhaka', 'Dhaka', null, null, null, null);
INSERT INTO `branch` VALUES ('24', '14', 'Rekabi Bazar', 'Dhaka', 'Dhaka', null, null, null, null);
INSERT INTO `branch` VALUES ('25', '14', 'Principal Office', 'Dhaka', 'Dhaka', null, null, null, null);
INSERT INTO `branch` VALUES ('26', '14', 'B B Avenue Br', 'Dhaka', 'Dhaka', null, null, null, null);
INSERT INTO `branch` VALUES ('27', '14', 'Zinzira Branch', 'Dhaka', 'Dhaka', null, null, null, null);
INSERT INTO `branch` VALUES ('28', '14', 'New Market Br', 'Dhaka', 'Dhaka', null, null, null, null);
INSERT INTO `branch` VALUES ('29', '14', 'Bhairab Bazar ', 'Dhaka', 'Dhaka', null, null, null, null);
INSERT INTO `branch` VALUES ('30', '14', 'Kaligonj Br', 'Dhaka', 'Dhaka', null, null, null, null);
INSERT INTO `branch` VALUES ('31', '14', 'Bow Bazar Br', 'Dhaka', 'Dhaka', null, null, null, null);
INSERT INTO `branch` VALUES ('32', '14', 'Islampur Rd Br', 'Dhaka', 'Dhaka', null, null, null, null);
INSERT INTO `branch` VALUES ('33', '14', 'Dhaka Cham.', 'Dhaka', 'Dhaka', null, null, null, null);
INSERT INTO `branch` VALUES ('34', '14', 'Narsingdi Br.', 'Dhaka', 'Dhaka', null, null, null, null);
INSERT INTO `branch` VALUES ('35', '14', 'VIP Rd. Br', 'Dhaka', 'Dhaka', null, null, null, null);
INSERT INTO `branch` VALUES ('36', '14', 'Progati Sarani', 'Dhaka', 'Dhaka', null, null, null, null);
INSERT INTO `branch` VALUES ('37', '14', 'DSENikunja Br', 'Dhaka', 'Dhaka', null, null, null, null);
INSERT INTO `branch` VALUES ('38', '14', 'Gulshan Av.Br', 'Dhaka', 'Dhaka', null, null, null, null);
INSERT INTO `branch` VALUES ('39', '14', 'Banani Br', 'Dhaka', 'Dhaka', null, null, null, null);
INSERT INTO `branch` VALUES ('40', '14', 'Moghbazar Br', 'Dhaka', 'Dhaka', null, null, null, null);
INSERT INTO `branch` VALUES ('41', '14', 'Chandpur Br.', 'Comilla', 'Comilla', null, null, null, null);
INSERT INTO `branch` VALUES ('42', '14', 'Comilla', 'Comilla', 'Comilla', null, null, null, null);
INSERT INTO `branch` VALUES ('43', '14', 'Doulatgonj Br', 'Comilla', 'Comilla', null, null, null, null);
INSERT INTO `branch` VALUES ('44', '14', 'Hajigonj Br.', 'Comilla', 'Comilla', null, null, null, null);
INSERT INTO `branch` VALUES ('45', '14', 'Chouddagram ', 'Comilla', 'Comilla', null, null, null, null);
INSERT INTO `branch` VALUES ('46', '14', 'Kochua Br', 'Comilla', 'Comilla', null, null, null, null);
INSERT INTO `branch` VALUES ('47', '14', 'B-Baria Br', 'Comilla', 'Comilla', null, null, null, null);
INSERT INTO `branch` VALUES ('48', '14', 'Jubilee Rd Br', 'Chittagong', 'Chittagong', null, null, null, null);
INSERT INTO `branch` VALUES ('49', '14', 'Feni Branch', 'Chittagong', 'Chittagong', null, null, null, null);
INSERT INTO `branch` VALUES ('50', '14', 'Khatungonj Br', 'Chittagong', 'Chittagong', null, null, null, null);
INSERT INTO `branch` VALUES ('51', '14', 'Bandartila Br', 'Chittagong', 'Chittagong', null, null, null, null);
INSERT INTO `branch` VALUES ('52', '14', 'Chowmuhani ', 'Chittagong', 'Chittagong', null, null, null, null);
INSERT INTO `branch` VALUES ('53', '14', 'Laxmipur Br', 'Chittagong', 'Chittagong', null, null, null, null);
INSERT INTO `branch` VALUES ('54', '14', 'OR Nizam Rd.', 'Chittagong', 'Chittagong', null, null, null, null);
INSERT INTO `branch` VALUES ('55', '14', 'Pahartali Br.', 'Chittagong', 'Chittagong', null, null, null, null);
INSERT INTO `branch` VALUES ('56', '14', 'Cox\'s Bazar', 'Chittagong', 'Chittagong', null, null, null, null);
INSERT INTO `branch` VALUES ('57', '14', 'Agrabad Br.', 'Chittagong', 'Chittagong', null, null, null, null);
INSERT INTO `branch` VALUES ('58', '14', 'Patherhat Br.', 'Chittagong', 'Chittagong', null, null, null, null);
INSERT INTO `branch` VALUES ('59', '14', 'Kadamtali Br', 'Chittagong', 'Chittagong', null, null, null, null);
INSERT INTO `branch` VALUES ('60', '14', 'Andarkilla Br', 'Chittagong', 'Chittagong', null, null, null, null);
INSERT INTO `branch` VALUES ('61', '14', 'Satkania Br.', 'Chittagong', 'Chittagong', null, null, null, null);
INSERT INTO `branch` VALUES ('62', '14', 'Chawk Bazar Br', 'Chittagong', 'Chittagong', null, null, null, null);
INSERT INTO `branch` VALUES ('63', '14', 'Prabartak Br', 'Chittagong', 'Chittagong', null, null, null, null);
INSERT INTO `branch` VALUES ('64', '14', 'Bandar Bazar', 'Sylhet', 'Sylhet', null, null, null, null);
INSERT INTO `branch` VALUES ('65', '14', 'Jagannathpur', 'Sylhet', 'Sylhet', null, null, null, null);
INSERT INTO `branch` VALUES ('66', '14', 'Zindabazar Br', 'Sylhet', 'Sylhet', null, null, null, null);
INSERT INTO `branch` VALUES ('67', '14', 'Ambarkhana', 'Sylhet', 'Sylhet', null, null, null, null);
INSERT INTO `branch` VALUES ('68', '14', 'Sreemongal Br', 'Sylhet', 'Sylhet', null, null, null, null);
INSERT INTO `branch` VALUES ('69', '14', 'Dhaka Dakhin', 'Sylhet', 'Sylhet', null, null, null, null);
INSERT INTO `branch` VALUES ('70', '14', 'Moulvibazar Br', 'Sylhet', 'Sylhet', null, null, null, null);
INSERT INTO `branch` VALUES ('71', '14', 'Beani Bazar Br.', 'Sylhet', 'Sylhet', null, null, null, null);
INSERT INTO `branch` VALUES ('72', '14', 'Bishwasnath', 'Sylhet', 'Sylhet', null, null, null, null);
INSERT INTO `branch` VALUES ('73', '14', 'Sherpur Br', 'Bogra', 'Bogra', null, null, null, null);
INSERT INTO `branch` VALUES ('74', '14', 'Sirajgonj Br', 'Bogra', 'Bogra', null, null, null, null);
INSERT INTO `branch` VALUES ('75', '14', 'Chapainawab', 'Bogra', 'Bogra', null, null, null, null);
INSERT INTO `branch` VALUES ('76', '14', 'Gobindagonj', 'Bogra', 'Bogra', null, null, null, null);
INSERT INTO `branch` VALUES ('77', '14', 'Rangpur Br.', 'Bogra', 'Bogra', null, null, null, null);
INSERT INTO `branch` VALUES ('78', '14', 'Bogra Branch', 'Bogra', 'Bogra', null, null, null, null);
INSERT INTO `branch` VALUES ('79', '14', 'Syedpur Br.', 'Bogra', 'Bogra', null, null, null, null);
INSERT INTO `branch` VALUES ('80', '14', 'Dinajpur Br.', 'Bogra', 'Bogra', null, null, null, null);
INSERT INTO `branch` VALUES ('81', '14', 'Pabna Branch', 'Bogra', 'Bogra', null, null, null, null);
INSERT INTO `branch` VALUES ('82', '14', 'Rajshahi Br', 'Bogra', 'Bogra', null, null, null, null);
INSERT INTO `branch` VALUES ('83', '14', 'Kushtia Branch', 'Khulna', 'Khulna', null, null, null, null);
INSERT INTO `branch` VALUES ('84', '14', 'Jessore Br', 'Khulna', 'Khulna', null, null, null, null);
INSERT INTO `branch` VALUES ('85', '14', 'Faridpur Br.', 'Khulna', 'Khulna', null, null, null, null);
INSERT INTO `branch` VALUES ('86', '14', 'Barisal Branch', 'Khulna', 'Khulna', null, null, null, null);
INSERT INTO `branch` VALUES ('87', '14', 'Khulna Branch', 'Khulna', 'Khulna', null, null, null, null);
INSERT INTO `branch` VALUES ('88', '14', 'Benapole Br', 'Khulna', 'Khulna', null, null, null, null);
INSERT INTO `branch` VALUES ('89', '14', 'Satkhira Br.', 'Khulna', 'Khulna', null, null, null, null);
INSERT INTO `branch` VALUES ('242', '14', 'Gazipur SME Agri Br.', 'House: N/A(1st fl), Road: N/A, Area: Kalmeshwar, Board Bazar, PO: National University, PS: Gagipur Sadar, Dist: Gagipur - 1704.', '', null, null, null, null);
INSERT INTO `branch` VALUES ('247', '14', 'Hobigonj SME Agri Br.', 'House: 3557/KA Amir Chand Complex(1st fl), Road: Badiuzzaman Khan Road, Area: Hobigonj, PO: Hobiganj, PS: Hobigonj Sadar, Dist: Hobigonj - 3300.', '', null, null, null, null);
INSERT INTO `branch` VALUES ('251', '14', 'Jamalpur SME Agri Br.', 'House: 422 Thakur Bhaban(1st fl), Road: Station Road, Area: Jamalpur, PO: Jamalpur, PS: Jamalpur Sadar, Dist: Jamalpur - 2000.', '', null, null, null, null);
INSERT INTO `branch` VALUES ('250', '14', 'Kishoregonj SME Agri Br.', 'House: 238 Hanif Bepari Super Market(1st fl), Road: Dhan Moholer More, Area: Boro Bazar, PO: Kishorgonj, PS: Kishoregonj, Dist: Kishoregonj - 2300.', '', null, null, null, null);
INSERT INTO `branch` VALUES ('248', '14', 'Maijdi SME Agri Br.', 'House: 1040(GR fl), Road: Main Road, Area: Maijdi PO: Maijdi, PS: Sudharam, Dist: Noakhali - 3800.', '', null, null, null, null);
INSERT INTO `branch` VALUES ('243', '14', 'Savar SME Agri Br.', 'House: 111/A(1st fl), Road: Savar Bazar Road, Area: Savar, PO: Savar, PS: Savar, Dist: Dhaka - 1340.', '', null, null, null, null);
INSERT INTO `branch` VALUES ('252', '14', 'Jatrabari SME Service Center', 'House: 314, A/5 Yousuf Mansion(1st fl), Road: A.T.M Haider Road, Area: Pubali Area, PO: Jatrabari, PS: Jatrabari, Dist: Dhaka - 1204.', '', null, null, null, null);
INSERT INTO `branch` VALUES ('244', '14', 'Bhatiary SME Agri Br.', 'House: City Bank Building, Road: Bhatiary Station Road, Area: Bhatiary, PO: Sitakunda, PS: Sitakunda, Dist: Chittagong - 4001.', '', null, null, null, null);
INSERT INTO `branch` VALUES ('249', '14', 'Lohagara SME Agri Br.', 'House: Mostafa City (1st fl), Area: Amirabad, Lohagara, PO: Lohagara, PS: Lohagara, Dist: Chittagong - 4396.', '', null, null, null, null);
INSERT INTO `branch` VALUES ('241', '14', 'Joypara SME Agri Br.', 'House: 77 Ahmed Shopping Complex(1st fl), Road: 260, Area: Joypara, PO: Joypara, PS: Dohar, Dist: Dhaka - 1330.', '', null, null, null, null);
INSERT INTO `branch` VALUES ('228', '14', 'Pallabi Branch', '', '', null, null, null, null);
INSERT INTO `branch` VALUES ('234', '14', 'motijheel', '', '', null, null, null, null);
INSERT INTO `branch` VALUES ('235', '14', 'Narayanganj', '', '', null, null, null, null);
INSERT INTO `branch` VALUES ('246', '14', 'Chhatak SME Agri Br.', 'House: 28 Tahir Centre(1st fl), Road: Traffic Point, Area: Chhatak Municipality, P.O: Chhatak, P.S: Chhatak, Dist: Sunamganj - 3080.', '', null, null, null, null);
INSERT INTO `branch` VALUES ('245', '14', 'Natore SME Agri Br.', 'House: 240/241, F.K. Zaman Plaza(GR fl), Area: Alaipur Boipotty, PO: Natore, PS: Natore Sadar, Dist: Natore - 6400.', '', null, null, null, null);

-- ----------------------------
-- Table structure for `branch_dept`
-- ----------------------------
DROP TABLE IF EXISTS `branch_dept`;
CREATE TABLE `branch_dept` (
  `BRANCH_DEPT_ID` int(11) NOT NULL,
  `OFFICE_TYPE_ID` int(1) DEFAULT NULL COMMENT 'Office Type,y,Y,,,20,2',
  `BRANCH_DEPT_CODE` varchar(255) DEFAULT NULL COMMENT 'Code,y,Y,,,20,1',
  `BRANCH_DEPT_NAME` varchar(100) DEFAULT NULL COMMENT 'Name,y,Y,,,20,1',
  `ADDRESS` varchar(256) DEFAULT NULL COMMENT 'Address,y,N,,,20,1',
  `BRANCH_DEPT_ROUTE` varchar(255) DEFAULT NULL COMMENT 'Route,y,,,,20,1',
  `BRANCH_DEPT_SORT` int(3) DEFAULT NULL COMMENT 'Sort,y,,,,20,1',
  `FAD_CODE` varchar(100) DEFAULT NULL COMMENT 'Fad Code,y,Y,N,,20,1',
  `AD_CODE` varchar(100) DEFAULT NULL COMMENT 'Ad Code,y,,,,20,1',
  `COMPANY_CODE` varchar(100) DEFAULT NULL COMMENT 'Company Code,y,,,,20,1',
  `CREATED_BY` varchar(255) DEFAULT NULL,
  `CREATED_DATE` datetime DEFAULT NULL,
  `MODIFY_BY` varchar(255) DEFAULT NULL,
  `MODIFY_DATE` datetime DEFAULT NULL,
  PRIMARY KEY (`BRANCH_DEPT_ID`),
  KEY `branch_dept_ibfk_1` (`OFFICE_TYPE_ID`),
  CONSTRAINT `branch_dept_ibfk_1` FOREIGN KEY (`OFFICE_TYPE_ID`) REFERENCES `office_type` (`OFFICE_TYPE_ID`) ON UPDATE NO ACTION
) ENGINE=InnoDB DEFAULT CHARSET=latin1;

-- ----------------------------
-- Records of branch_dept
-- ----------------------------
INSERT INTO `branch_dept` VALUES ('1', '2', '2006', 'Gulshan', '', '', '0', null, null, null, null, null, '2013-05-30', null);
INSERT INTO `branch_dept` VALUES ('2', '2', 'Br-300', 'Bonani', 'bonani', 'bonani->gulshan', '2', null, null, null, 'admin', '2013-06-01 00:00:00', null, null);
INSERT INTO `branch_dept` VALUES ('3', '1', 'DEPT-2009', 'Procurement', '', '', '0', null, null, null, 'admin', '2013-06-01 00:00:00', null, null);
INSERT INTO `branch_dept` VALUES ('4', '2', '00254', 'APSIS', 'APSIS', 'ICS', '1', null, null, null, 'admin', '2013-06-15 00:00:00', null, null);
INSERT INTO `branch_dept` VALUES ('5', '1', '002158', 'UCB', 'FFF', 'FF', '0', 'F001', 'A001', 'C001', 'admin', '2013-06-15 00:00:00', '2013-06-24', null);
INSERT INTO `branch_dept` VALUES ('6', '2', '003', 'motijil', 'address', 'route', '1', 'fad0001', 'ad 001', 'c 003', 'admin', '2013-07-10 00:00:00', null, null);

-- ----------------------------
-- Table structure for `budget`
-- ----------------------------
DROP TABLE IF EXISTS `budget`;
CREATE TABLE `budget` (
  `BUDGET_ID` int(11) NOT NULL AUTO_INCREMENT,
  `GL_ID` int(13) DEFAULT NULL,
  `COST_CENTER_ID` int(11) DEFAULT NULL,
  `SOL_ID` int(11) DEFAULT NULL,
  `DIVISION_ID` int(11) DEFAULT NULL,
  `BUDGET_YEAR` varchar(4) NOT NULL,
  `JAN` decimal(20,2) DEFAULT NULL,
  `FEB` decimal(20,2) DEFAULT NULL,
  `MAR` decimal(20,2) DEFAULT NULL,
  `APR` decimal(20,2) DEFAULT NULL,
  `MAY` decimal(20,2) DEFAULT NULL,
  `JUN` decimal(20,2) DEFAULT NULL,
  `JUL` decimal(20,2) DEFAULT NULL,
  `AUG` decimal(20,2) DEFAULT NULL,
  `SEP` decimal(20,2) DEFAULT NULL,
  `OCT` decimal(20,2) DEFAULT NULL,
  `NOV` decimal(20,2) DEFAULT NULL,
  `DEC` decimal(20,2) DEFAULT NULL,
  `TOTAL_AMOUNT` decimal(20,2) DEFAULT NULL,
  `CREATED_BY` varchar(255) CHARACTER SET utf8 NOT NULL COMMENT ',,,,,20,',
  `CREATED_DATE` datetime NOT NULL,
  `MODIFY_BY` varchar(255) DEFAULT NULL,
  `MODIFY_DATE` datetime DEFAULT NULL,
  PRIMARY KEY (`BUDGET_ID`)
) ENGINE=InnoDB AUTO_INCREMENT=160 DEFAULT CHARSET=latin1;

-- ----------------------------
-- Records of budget
-- ----------------------------
INSERT INTO `budget` VALUES ('1', '0', null, null, null, '', '0.00', '0.00', '0.00', '0.00', '0.00', '0.00', '0.00', '0.00', '0.00', '0.00', '0.00', '0.00', '0.00', '631', '2013-10-26 14:24:38', null, null);
INSERT INTO `budget` VALUES ('2', '0', null, null, null, '', '0.00', '0.00', '0.00', '0.00', '0.00', '0.00', '0.00', '0.00', '0.00', '0.00', '0.00', '0.00', '0.00', '631', '2013-10-26 14:24:39', null, null);
INSERT INTO `budget` VALUES ('3', '0', null, null, null, '', '0.00', '0.00', '0.00', '0.00', '0.00', '0.00', '0.00', '0.00', '0.00', '0.00', '0.00', '0.00', '0.00', '631', '2013-10-26 14:24:40', null, null);
INSERT INTO `budget` VALUES ('4', '0', null, null, null, '', '0.00', '0.00', '0.00', '0.00', '0.00', '0.00', '0.00', '0.00', '0.00', '0.00', '0.00', '0.00', '0.00', '631', '2013-10-26 14:24:41', null, null);
INSERT INTO `budget` VALUES ('5', '0', null, null, null, '', '0.00', '0.00', '0.00', '0.00', '0.00', '0.00', '0.00', '0.00', '0.00', '0.00', '0.00', '0.00', '0.00', '631', '2013-10-26 14:24:42', null, null);
INSERT INTO `budget` VALUES ('6', '0', null, null, null, '', '0.00', '0.00', '0.00', '0.00', '0.00', '0.00', '0.00', '0.00', '0.00', '0.00', '0.00', '0.00', '0.00', '631', '2013-10-26 14:24:43', null, null);
INSERT INTO `budget` VALUES ('7', '0', null, null, null, '', '0.00', '0.00', '0.00', '0.00', '0.00', '0.00', '0.00', '0.00', '0.00', '0.00', '0.00', '0.00', '0.00', '631', '2013-10-26 14:24:44', null, null);
INSERT INTO `budget` VALUES ('8', '0', null, null, null, '', '0.00', '0.00', '0.00', '0.00', '0.00', '0.00', '0.00', '0.00', '0.00', '0.00', '0.00', '0.00', '0.00', '631', '2013-10-26 14:24:45', null, null);
INSERT INTO `budget` VALUES ('9', '0', null, null, null, '', '0.00', '0.00', '0.00', '0.00', '0.00', '0.00', '0.00', '0.00', '0.00', '0.00', '0.00', '0.00', '0.00', '631', '2013-10-26 14:24:47', null, null);
INSERT INTO `budget` VALUES ('10', '0', null, null, null, '', '0.00', '0.00', '0.00', '0.00', '0.00', '0.00', '0.00', '0.00', '0.00', '0.00', '0.00', '0.00', '0.00', '631', '2013-10-26 14:24:48', null, null);
INSERT INTO `budget` VALUES ('11', '0', null, null, null, '', '0.00', '0.00', '0.00', '0.00', '0.00', '0.00', '0.00', '0.00', '0.00', '0.00', '0.00', '0.00', '0.00', '631', '2013-10-26 14:24:49', null, null);
INSERT INTO `budget` VALUES ('12', '0', null, null, null, '', '0.00', '0.00', '0.00', '0.00', '0.00', '0.00', '0.00', '0.00', '0.00', '0.00', '0.00', '0.00', '0.00', '631', '2013-10-26 14:24:50', null, null);
INSERT INTO `budget` VALUES ('13', '76139870', null, null, null, '', '76139870.14', '76314819.96', '77051703.83', '77987995.26', '78936350.69', '80822369.05', '82593002.83', '85665453.00', '86709272.80', '87222769.89', '87376376.61', '87376376.61', '984196360.67', '631', '2013-10-26 14:24:51', null, null);
INSERT INTO `budget` VALUES ('14', '38069935', null, null, null, '', '38069935.07', '38157409.98', '38525851.92', '38993997.63', '39468175.35', '40411184.53', '41296501.42', '42832726.50', '43354636.40', '43611384.95', '43688188.31', '43688188.31', '492098180.34', '631', '2013-10-26 14:24:52', null, null);
INSERT INTO `budget` VALUES ('15', '3506590', null, null, null, '', '3506589.67', '3516736.76', '3555082.96', '3608442.58', '3661260.10', '3732676.06', '3802532.36', '3923938.58', '3954024.55', '3975777.62', '3984686.81', '3984686.81', '45206434.84', '631', '2013-10-26 14:24:53', null, null);
INSERT INTO `budget` VALUES ('16', '7566113', null, null, null, '', '7566113.39', '7582558.68', '7652352.93', '7740229.28', '7831588.78', '8028246.63', '8210812.79', '8526443.91', '8643116.19', '8695822.42', '8710261.45', '8710261.45', '97897807.90', '631', '2013-10-26 14:24:54', null, null);
INSERT INTO `budget` VALUES ('17', '15324918', null, null, null, '', '15324917.57', '15360257.43', '15508932.25', '15696361.60', '15887821.40', '16275803.65', '16638270.18', '17258787.31', '17475076.76', '17580493.65', '17611522.20', '17611522.20', '198229766.20', '631', '2013-10-26 14:24:55', null, null);
INSERT INTO `budget` VALUES ('18', '128116', null, null, null, '', '128116.25', '128116.25', '128116.25', '128116.25', '128116.25', '128116.25', '128116.25', '128116.25', '128116.25', '128116.25', '128116.25', '128116.25', '1537395.00', '631', '2013-10-26 14:24:56', null, null);
INSERT INTO `budget` VALUES ('19', '119092', null, null, null, '', '119092.07', '119092.07', '119092.07', '119092.07', '119092.07', '119092.07', '119092.07', '119092.07', '119092.07', '119092.07', '119092.07', '119092.07', '1429104.80', '631', '2013-10-26 14:24:57', null, null);
INSERT INTO `budget` VALUES ('20', '91135', null, null, null, '', '91135.00', '91135.00', '91135.00', '91135.00', '91135.00', '91135.00', '91135.00', '91135.00', '91135.00', '91135.00', '91135.00', '91135.00', '1093620.00', '631', '2013-10-26 14:24:58', null, null);
INSERT INTO `budget` VALUES ('21', '450150', null, null, null, '', '450150.00', '450150.00', '450150.00', '450150.00', '450150.00', '450150.00', '450150.00', '450150.00', '450150.00', '450150.00', '450150.00', '450150.00', '5401800.00', '631', '2013-10-26 14:24:59', null, null);
INSERT INTO `budget` VALUES ('22', '159000', null, null, null, '', '159000.00', '159000.00', '159000.00', '159000.00', '159000.00', '159000.00', '159000.00', '159000.00', '159000.00', '159000.00', '159000.00', '159000.00', '1908000.00', '631', '2013-10-26 14:25:00', null, null);
INSERT INTO `budget` VALUES ('23', '161750', null, null, null, '', '161750.00', '161750.00', '161750.00', '161750.00', '161750.00', '161750.00', '161750.00', '161750.00', '161750.00', '161750.00', '161750.00', '161750.00', '1941000.00', '631', '2013-10-26 14:25:01', null, null);
INSERT INTO `budget` VALUES ('24', '671160', null, null, null, '', '671160.00', '671160.00', '671160.00', '671160.00', '671160.00', '671160.00', '671160.00', '671160.00', '671160.00', '671160.00', '671160.00', '671160.00', '8053920.00', '631', '2013-10-26 14:25:02', null, null);
INSERT INTO `budget` VALUES ('25', '7828927', null, null, null, '', '7828927.01', '7846422.00', '7920110.38', '8013739.53', '8113178.75', '8298185.90', '8473030.71', '8792090.51', '8904359.48', '8955709.19', '8971069.86', '8971069.86', '101087893.18', '631', '2013-10-26 14:25:03', null, null);
INSERT INTO `budget` VALUES ('26', '20709902', null, null, null, '', '20709902.33', '20757284.57', '20956857.29', '21210436.22', '21467282.48', '21981823.59', '22463681.25', '23298114.18', '23580815.37', '23719887.50', '23761489.32', '23761489.32', '267669063.42', '631', '2013-10-26 14:25:04', null, null);
INSERT INTO `budget` VALUES ('27', '7406355', null, null, null, '', '7406354.53', '7423849.52', '7497537.90', '7590829.44', '7685664.99', '7860817.48', '8026511.46', '8323552.16', '8415338.85', '8462794.59', '8478155.27', '8478155.27', '95649561.47', '631', '2013-10-26 14:25:06', null, null);
INSERT INTO `budget` VALUES ('28', '30060', null, null, null, '', '30060.31', '30060.31', '30060.31', '30060.31', '30060.31', '30060.31', '30060.31', '30060.31', '30060.31', '30060.31', '30060.31', '30060.31', '360723.72', '631', '2013-10-26 14:25:07', null, null);
INSERT INTO `budget` VALUES ('29', '50300', null, null, null, '', '50300.00', '50772.50', '51315.88', '51940.76', '52659.37', '53485.78', '54436.14', '55529.06', '56785.92', '58231.31', '59893.51', '61805.03', '657155.25', '631', '2013-10-26 14:25:08', null, null);
INSERT INTO `budget` VALUES ('30', '3607692', null, null, null, '', '3607692.42', '3786568.78', '3815176.60', '3848075.59', '3885909.43', '3929418.34', '3979453.59', '4036994.13', '4103165.75', '4179263.12', '4266775.09', '4367413.85', '47805906.70', '631', '2013-10-26 14:25:09', null, null);
INSERT INTO `budget` VALUES ('31', '5999250', null, null, null, '', '5999250.00', '6243500.00', '6487750.00', '6842000.00', '7196250.00', '7550500.00', '7704500.00', '7858500.00', '7979500.00', '8018611.11', '8018611.11', '8018611.11', '87917583.33', '631', '2013-10-26 14:25:10', null, null);
INSERT INTO `budget` VALUES ('32', '2153783', null, null, null, '', '2153783.33', '2265816.67', '2377850.00', '2589883.33', '2801916.67', '3013950.00', '3125950.00', '3237950.00', '3326950.00', '3337616.67', '3337616.67', '3337616.67', '34906900.00', '631', '2013-10-26 14:25:11', null, null);
INSERT INTO `budget` VALUES ('33', '20361339', null, null, null, '', '20361339.20', '20503459.20', '20644905.60', '20785584.89', '20930035.08', '20943664.39', '20957531.27', '20971639.93', '20985994.69', '21000599.91', '21015460.07', '21030579.70', '250130793.93', '631', '2013-10-26 14:25:12', null, null);
INSERT INTO `budget` VALUES ('34', '586050', null, null, null, '', '586049.60', '586049.60', '586049.60', '586049.60', '586049.60', '586049.60', '586049.60', '586049.60', '586049.60', '586049.60', '586049.60', '586049.60', '7032595.20', '631', '2013-10-26 14:25:13', null, null);
INSERT INTO `budget` VALUES ('35', '2767500', null, null, null, '', '2767500.00', '2809012.50', '2851147.69', '2893914.90', '2937323.63', '2981383.48', '3026104.23', '3086626.32', '3148358.84', '3211326.02', '3275552.54', '3341063.59', '36329313.75', '631', '2013-10-26 14:25:14', null, null);
INSERT INTO `budget` VALUES ('36', '980000', null, null, null, '', '980000.00', '980000.00', '980000.00', '980000.00', '980000.00', '980000.00', '980000.00', '980000.00', '980000.00', '980000.00', '980000.00', '980000.00', '11760000.00', '631', '2013-10-26 14:25:15', null, null);
INSERT INTO `budget` VALUES ('37', '3078585', null, null, null, '', '3078584.75', '3109753.40', '3139544.53', '3169641.33', '3200046.97', '3230764.71', '3261797.80', '3293149.55', '3324823.29', '3356822.42', '3389150.33', '3421810.47', '38975889.53', '631', '2013-10-26 14:25:16', null, null);
INSERT INTO `budget` VALUES ('38', '44000', null, null, null, '', '44000.00', '44440.00', '44884.40', '45333.24', '45786.58', '46244.44', '46706.89', '47173.96', '47645.70', '48122.15', '48603.37', '49089.41', '558030.13', '631', '2013-10-26 14:25:17', null, null);
INSERT INTO `budget` VALUES ('39', '102000', null, null, null, '', '102000.00', '102000.00', '102000.00', '102000.00', '102000.00', '102000.00', '102000.00', '102000.00', '102000.00', '102000.00', '102000.00', '102000.00', '1224000.00', '631', '2013-10-26 14:25:18', null, null);
INSERT INTO `budget` VALUES ('40', '6882039', null, null, null, '', '6882039.16', '6966559.01', '7055076.24', '7158612.65', '7264143.20', '7371715.98', '7510388.28', '7626292.45', '7744489.23', '7865034.03', '7768411.14', '7689621.73', '88902383.09', '631', '2013-10-26 14:25:19', null, null);
INSERT INTO `budget` VALUES ('41', '88750', null, null, null, '', '88750.00', '88750.00', '88750.00', '88750.00', '88750.00', '88750.00', '88750.00', '92325.00', '92325.00', '92325.00', '92325.00', '92325.00', '1082875.00', '631', '2013-10-26 14:25:20', null, null);
INSERT INTO `budget` VALUES ('42', '259574', null, null, null, '', '259573.86', '261450.13', '263345.56', '265260.32', '267194.63', '269148.68', '274797.67', '280650.57', '286716.76', '293006.11', '299528.95', '306296.13', '3326969.35', '631', '2013-10-26 14:25:21', null, null);
INSERT INTO `budget` VALUES ('43', '3158260', null, null, null, '', '3158260.00', '3158260.00', '3158260.00', '3158260.00', '3158260.00', '3158260.00', '3158260.00', '3158260.00', '3158260.00', '3158260.00', '3158260.00', '3158260.00', '37899120.00', '631', '2013-10-26 14:25:22', null, null);
INSERT INTO `budget` VALUES ('44', '1624732', null, null, null, '', '1624731.77', '1634979.07', '1645328.84', '1655782.11', '1666339.91', '1677003.29', '1699623.31', '1710501.02', '1721487.51', '1732583.87', '1743791.19', '1755110.58', '20267262.48', '631', '2013-10-26 14:25:23', null, null);
INSERT INTO `budget` VALUES ('45', '2072000', null, null, null, '', '2072000.00', '2088120.00', '2272998.40', '2310847.09', '2333694.08', '2356785.67', '2380124.62', '2403713.75', '2427555.89', '2293821.26', '2159441.81', '2045244.76', '27144347.33', '631', '2013-10-26 14:25:25', null, null);
INSERT INTO `budget` VALUES ('46', '23431', null, null, null, '', '23431.10', '23431.10', '23431.10', '23431.10', '23431.10', '23431.10', '23431.10', '23431.10', '23431.10', '23431.10', '23431.10', '23431.10', '281173.20', '631', '2013-10-26 14:25:26', null, null);
INSERT INTO `budget` VALUES ('47', '55000', null, null, null, '', '55000.00', '55000.00', '55000.00', '55000.00', '55000.00', '55000.00', '55000.00', '55000.00', '55000.00', '55000.00', '55000.00', '55000.00', '660000.00', '631', '2013-10-26 14:25:27', null, null);
INSERT INTO `budget` VALUES ('48', '34500', null, null, null, '', '34500.00', '34500.00', '34500.00', '34500.00', '34500.00', '34500.00', '36225.00', '36225.00', '36225.00', '36225.00', '36225.00', '36225.00', '424350.00', '631', '2013-10-26 14:25:28', null, null);
INSERT INTO `budget` VALUES ('49', '118850', null, null, null, '', '118850.00', '118850.00', '118850.00', '118850.00', '118850.00', '118850.00', '118850.00', '118850.00', '118850.00', '118850.00', '118850.00', '118850.00', '1426200.00', '631', '2013-10-26 14:25:29', null, null);
INSERT INTO `budget` VALUES ('50', '1458333', null, null, null, '', '1458333.33', '1458333.33', '1458333.33', '1458333.33', '1458333.33', '1458333.33', '1458333.33', '1458333.33', '1458333.33', '1458333.33', '1458333.33', '1458333.33', '17500000.00', '631', '2013-10-26 14:25:30', null, null);
INSERT INTO `budget` VALUES ('51', '3460353', null, null, null, '', '3460353.28', '3489464.01', '3518879.47', '3548603.81', '3578641.29', '3608996.32', '3664323.45', '3695327.37', '3726662.96', '3758335.27', '3790349.53', '3822711.19', '43662647.96', '631', '2013-10-26 14:25:31', null, null);
INSERT INTO `budget` VALUES ('52', '0', null, null, null, '', '0.00', '0.00', '0.00', '0.00', '0.00', '0.00', '0.00', '0.00', '0.00', '0.00', '0.00', '0.00', '0.00', '631', '2013-10-26 14:25:32', null, null);
INSERT INTO `budget` VALUES ('53', '130198', null, null, null, '', '130198.43', '130198.43', '130198.43', '130198.43', '130198.43', '130198.43', '130198.43', '130198.43', '130198.43', '130198.43', '130198.43', '130198.43', '1562381.16', '631', '2013-10-26 14:25:33', null, null);
INSERT INTO `budget` VALUES ('54', '1600000', null, null, null, '', '1600000.00', '1614700.00', '1629547.00', '1644542.47', '1659687.89', '1674984.77', '1691434.62', '1707038.97', '1722799.36', '1738717.35', '1754794.52', '1771032.47', '20209279.43', '631', '2013-10-26 14:25:34', null, null);
INSERT INTO `budget` VALUES ('55', '254212', null, null, null, '', '254211.81', '254211.81', '254211.81', '254211.81', '254211.81', '254211.81', '260511.81', '260511.81', '260511.81', '260511.81', '260511.81', '260511.81', '3088341.71', '631', '2013-10-26 14:25:35', null, null);
INSERT INTO `budget` VALUES ('56', '303937', null, null, null, '', '303936.99', '304280.99', '304628.43', '304979.34', '305333.76', '305691.73', '311553.28', '317693.44', '324126.01', '330865.45', '337926.96', '345326.50', '3796342.85', '631', '2013-10-26 14:25:36', null, null);
INSERT INTO `budget` VALUES ('57', '952000', null, null, null, '', '952000.00', '952000.00', '952000.00', '952000.00', '952000.00', '952000.00', '999600.00', '999600.00', '999600.00', '999600.00', '999600.00', '999600.00', '11709600.00', '631', '2013-10-26 14:25:37', null, null);
INSERT INTO `budget` VALUES ('58', '5053333', null, null, null, '', '5053333.33', '5553333.33', '5553333.33', '5553333.33', '5553333.33', '5553333.33', '6088833.33', '6088833.33', '6088833.33', '6088833.33', '6088833.33', '6088833.33', '69353000.00', '631', '2013-10-26 14:25:38', null, null);
INSERT INTO `budget` VALUES ('59', '590000', null, null, null, '', '590000.00', '590000.00', '590000.00', '590000.00', '590000.00', '590000.00', '590000.00', '590000.00', '590000.00', '590000.00', '590000.00', '590000.00', '7080000.00', '631', '2013-10-26 14:25:39', null, null);
INSERT INTO `budget` VALUES ('60', '0', null, null, null, '', '0.00', '0.00', '0.00', '0.00', '0.00', '0.00', '0.00', '0.00', '0.00', '0.00', '0.00', '0.00', '0.00', '631', '2013-10-26 14:25:40', null, null);
INSERT INTO `budget` VALUES ('61', '7000', null, null, null, '', '7000.00', '7000.00', '7000.00', '7000.00', '7000.00', '7000.00', '7000.00', '7000.00', '7000.00', '7000.00', '7000.00', '7000.00', '84000.00', '631', '2013-10-26 14:25:41', null, null);
INSERT INTO `budget` VALUES ('62', '3000', null, null, null, '', '3000.00', '3000.00', '3000.00', '3000.00', '3000.00', '3000.00', '3000.00', '3000.00', '3000.00', '3000.00', '3000.00', '3000.00', '36000.00', '631', '2013-10-26 14:25:43', null, null);
INSERT INTO `budget` VALUES ('63', '80000', null, null, null, '', '80000.00', '80000.00', '80000.00', '80000.00', '80000.00', '80000.00', '80000.00', '80000.00', '80000.00', '80000.00', '80000.00', '80000.00', '960000.00', '631', '2013-10-26 14:25:44', null, null);
INSERT INTO `budget` VALUES ('64', '300000', null, null, null, '', '300000.00', '300000.00', '300000.00', '300000.00', '300000.00', '300000.00', '300000.00', '300000.00', '300000.00', '300000.00', '300000.00', '300000.00', '3600000.00', '631', '2013-10-26 14:25:45', null, null);
INSERT INTO `budget` VALUES ('65', '42577', null, null, null, '', '42576.88', '42576.88', '42576.88', '42576.88', '42576.88', '42576.88', '42576.88', '42576.88', '42576.88', '42576.88', '42576.88', '42576.88', '510922.50', '631', '2013-10-26 14:25:46', null, null);
INSERT INTO `budget` VALUES ('66', '1756937', null, null, null, '', '1756937.15', '1757438.34', '1777921.24', '1778432.50', '1778948.88', '1799470.42', '1849560.63', '1850092.66', '1850630.00', '1851172.72', '1851720.87', '1852274.49', '21754599.91', '631', '2013-10-26 14:25:47', null, null);
INSERT INTO `budget` VALUES ('67', '800596', null, null, null, '', '800596.20', '800987.52', '801382.76', '801781.96', '802185.14', '802592.36', '831903.29', '832318.69', '832738.25', '833162.00', '833589.99', '834022.26', '9807260.41', '631', '2013-10-26 14:25:48', null, null);
INSERT INTO `budget` VALUES ('68', '11683210', null, null, null, '', '11683210.00', '11800042.10', '11918042.52', '12037222.95', '12157595.18', '12279171.13', '12401962.84', '12525982.47', '12651242.29', '12777754.71', '12905532.26', '13034587.58', '148172346.03', '631', '2013-10-26 14:25:49', null, null);
INSERT INTO `budget` VALUES ('69', '2068543', null, null, null, '', '2068543.23', '2068543.23', '2068543.23', '2068543.23', '2068543.23', '2068543.23', '2130947.65', '2130947.65', '2130947.65', '2130947.65', '2130947.65', '2130947.65', '25196945.26', '631', '2013-10-26 14:25:50', null, null);
INSERT INTO `budget` VALUES ('70', '343233', null, null, null, '', '343232.61', '343232.61', '343232.61', '343232.61', '343232.61', '343232.61', '356607.61', '356607.61', '356607.61', '356607.61', '356607.61', '356607.61', '4199041.32', '631', '2013-10-26 14:25:51', null, null);
INSERT INTO `budget` VALUES ('71', '0', null, null, null, '', '0.00', '0.00', '0.00', '0.00', '0.00', '0.00', '0.00', '0.00', '0.00', '0.00', '0.00', '0.00', '0.00', '631', '2013-10-26 14:25:52', null, null);
INSERT INTO `budget` VALUES ('72', '788475', null, null, null, '', '788475.16', '788475.16', '788475.16', '788475.16', '788475.16', '788475.16', '788915.16', '788915.16', '788915.16', '788915.16', '788915.16', '788915.16', '9464341.92', '631', '2013-10-26 14:25:53', null, null);
INSERT INTO `budget` VALUES ('73', '2405159', null, null, null, '', '2405159.13', '2405308.06', '2405458.48', '2405610.40', '2405763.85', '2405918.82', '2443325.35', '2443483.44', '2443643.12', '2443804.39', '2443967.27', '2444131.78', '29095574.09', '631', '2013-10-26 14:25:54', null, null);
INSERT INTO `budget` VALUES ('74', '438821', null, null, null, '', '438820.75', '443480.15', '448063.50', '460904.21', '461001.47', '461099.71', '461627.94', '461728.15', '466636.01', '466904.89', '467176.46', '467450.74', '5504893.99', '631', '2013-10-26 14:25:55', null, null);
INSERT INTO `budget` VALUES ('75', '0', null, null, null, '', '0.00', '0.00', '0.00', '0.00', '0.00', '0.00', '0.00', '0.00', '0.00', '0.00', '0.00', '0.00', '0.00', '631', '2013-10-26 14:25:56', null, null);
INSERT INTO `budget` VALUES ('76', '0', null, null, null, '', '0.00', '0.00', '0.00', '0.00', '0.00', '0.00', '0.00', '0.00', '0.00', '0.00', '0.00', '0.00', '0.00', '631', '2013-10-26 14:25:57', null, null);
INSERT INTO `budget` VALUES ('77', '1301655', null, null, null, '', '1301654.58', '1301676.22', '1301698.08', '1301720.16', '1301742.46', '1301764.98', '1336987.73', '1337010.70', '1337033.91', '1337057.34', '1337081.01', '1337104.92', '15832532.10', '631', '2013-10-26 14:25:59', null, null);
INSERT INTO `budget` VALUES ('78', '3255634', null, null, null, '', '3255634.33', '3255634.33', '3255634.33', '3255634.33', '3255634.33', '3255634.33', '3303014.33', '3303014.33', '3303014.33', '3303014.33', '3303014.33', '3303014.33', '39351891.94', '631', '2013-10-26 14:26:00', null, null);
INSERT INTO `budget` VALUES ('79', '312500', null, null, null, '', '312500.00', '312500.00', '312500.00', '312500.00', '312500.00', '312500.00', '312500.00', '312500.00', '312500.00', '312500.00', '312500.00', '312500.00', '3750000.00', '631', '2013-10-26 14:26:01', null, null);
INSERT INTO `budget` VALUES ('80', '4940647', null, null, null, '', '4940647.22', '4971847.44', '5003752.20', '5036408.12', '5069866.30', '5104182.66', '5214054.31', '5224759.98', '5236270.76', '5248664.87', '5262028.31', '5276455.67', '61588937.85', '631', '2013-10-26 14:26:02', null, null);
INSERT INTO `budget` VALUES ('81', '3114950', null, null, null, '', '3114950.00', '3114950.00', '3114950.00', '3114950.00', '3114950.00', '3114950.00', '3213650.00', '3213650.00', '3213650.00', '3213650.00', '3213650.00', '3213650.00', '37971600.00', '631', '2013-10-26 14:26:03', null, null);
INSERT INTO `budget` VALUES ('82', '17361500', null, null, null, '', '17361500.00', '17362750.00', '17364000.00', '17366150.00', '17369400.00', '17370650.00', '17779000.00', '17785250.00', '17789500.00', '17790750.00', '18242000.00', '18243250.00', '211824200.00', '631', '2013-10-26 14:26:04', null, null);
INSERT INTO `budget` VALUES ('83', '0', null, null, null, '', '0.00', '0.00', '0.00', '0.00', '0.00', '0.00', '0.00', '0.00', '0.00', '0.00', '0.00', '0.00', '0.00', '631', '2013-10-26 14:26:05', null, null);
INSERT INTO `budget` VALUES ('84', '912284', null, null, null, '', '912284.00', '912284.00', '912284.00', '1162284.00', '1162284.00', '1328950.67', '1363050.67', '1363050.67', '1363050.67', '1363050.67', '1363050.67', '1363050.67', '14568674.67', '631', '2013-10-26 14:26:06', null, null);
INSERT INTO `budget` VALUES ('85', '939270', null, null, null, '', '939270.40', '939572.65', '939877.93', '940186.25', '940497.66', '940812.19', '964129.86', '964450.70', '964774.75', '965102.05', '965432.62', '965766.49', '11429873.55', '631', '2013-10-26 14:26:07', null, null);
INSERT INTO `budget` VALUES ('86', '7073323', null, null, null, '', '7073322.94', '7074972.94', '7074972.94', '7074972.94', '7074972.94', '7074972.94', '7137297.94', '7137297.94', '7137297.94', '7138964.44', '7140647.61', '7142347.60', '85282041.14', '631', '2013-10-26 14:26:08', null, null);
INSERT INTO `budget` VALUES ('87', '138882', null, null, null, '', '138881.60', '139425.60', '139882.12', '140343.21', '140808.90', '141279.25', '154854.31', '155334.12', '155818.72', '156401.09', '156989.29', '157583.37', '1777601.58', '631', '2013-10-26 14:26:09', null, null);
INSERT INTO `budget` VALUES ('88', '3029366', null, null, null, '', '3029365.94', '3029365.94', '3029365.94', '3029365.94', '3029365.94', '3029365.94', '3048165.94', '3048165.94', '3048165.94', '3048165.94', '3048165.94', '3048165.94', '36465191.28', '631', '2013-10-26 14:26:10', null, null);
INSERT INTO `budget` VALUES ('89', '2859048', null, null, null, '', '2859047.58', '2873691.36', '2875149.58', '2876622.37', '2878109.90', '2879612.30', '2907504.73', '2910852.33', '2914396.75', '2931488.31', '2948948.43', '2966800.58', '34822224.22', '631', '2013-10-26 14:26:11', null, null);
INSERT INTO `budget` VALUES ('90', '1213123', null, null, null, '', '1213122.98', '1217314.20', '1217325.55', '1217337.00', '1217348.57', '1217360.26', '1253522.06', '1254083.98', '1254701.02', '1259600.48', '1264608.83', '1269733.15', '14856058.08', '631', '2013-10-26 14:26:12', null, null);
INSERT INTO `budget` VALUES ('91', '1399423', null, null, null, '', '1399423.45', '1409999.53', '1419949.78', '1430291.87', '1441056.13', '1452275.80', '1463987.29', '1471594.15', '1479312.89', '1488145.08', '1497102.49', '1503652.31', '17456790.78', '631', '2013-10-26 14:26:13', null, null);
INSERT INTO `budget` VALUES ('92', '404919', null, null, null, '', '404918.83', '404923.02', '404927.25', '404931.52', '404935.84', '404940.19', '404944.60', '404949.04', '404953.53', '404958.07', '404962.65', '404967.28', '4859311.81', '631', '2013-10-26 14:26:14', null, null);
INSERT INTO `budget` VALUES ('93', '61030', null, null, null, '', '61030.48', '61505.48', '61781.03', '62079.14', '62402.00', '62752.06', '64481.96', '64540.35', '64599.31', '64881.07', '65165.65', '65453.07', '760671.59', '631', '2013-10-26 14:26:15', null, null);
INSERT INTO `budget` VALUES ('94', '671781', null, null, null, '', '671781.00', '672081.00', '672411.00', '672774.00', '673173.30', '673612.53', '740095.68', '740095.68', '740095.68', '740095.68', '740095.68', '740095.68', '8476406.93', '631', '2013-10-26 14:26:17', null, null);
INSERT INTO `budget` VALUES ('95', '0', null, null, null, '', '0.00', '0.00', '0.00', '0.00', '0.00', '0.00', '0.00', '0.00', '0.00', '0.00', '0.00', '0.00', '0.00', '631', '2013-10-26 14:26:18', null, null);
INSERT INTO `budget` VALUES ('96', '5339524', null, null, null, '', '5339523.79', '5339523.79', '5339523.79', '5339523.79', '5339523.79', '5339523.79', '5374373.79', '5374373.79', '5374373.79', '5374373.79', '5374373.79', '5374373.79', '64283385.48', '631', '2013-10-26 14:26:19', null, null);
INSERT INTO `budget` VALUES ('97', '4083000', null, null, null, '', '4083000.00', '4083000.00', '4083000.00', '4083000.00', '4083000.00', '4083000.00', '4283000.00', '4283000.00', '4283000.00', '4283000.00', '4283000.00', '4283000.00', '50196000.00', '631', '2013-10-26 14:26:20', null, null);
INSERT INTO `budget` VALUES ('98', '3962500', null, null, null, '', '3962500.00', '3962500.00', '3962500.00', '3962500.00', '3962500.00', '3962500.00', '3962500.00', '3962500.00', '3962500.00', '3962500.00', '3962500.00', '3962500.00', '47550000.00', '631', '2013-10-26 14:26:21', null, null);
INSERT INTO `budget` VALUES ('99', '3915736', null, null, null, '', '3915735.50', '3915735.50', '3915735.50', '3915735.50', '3915735.50', '3915735.50', '3917735.50', '3917735.50', '3917735.50', '3917735.50', '3917735.50', '3917735.50', '47000826.00', '631', '2013-10-26 14:26:22', null, null);
INSERT INTO `budget` VALUES ('100', '8000', null, null, null, '', '8000.00', '8000.00', '8000.00', '8000.00', '8000.00', '8000.00', '8000.00', '8000.00', '8000.00', '8000.00', '8000.00', '8000.00', '96000.00', '631', '2013-10-26 14:26:23', null, null);
INSERT INTO `budget` VALUES ('101', '3035547', null, null, null, '', '3035546.67', '3035546.67', '3035546.67', '3035546.67', '3035546.67', '3035546.67', '3035546.67', '3035546.67', '3035546.67', '3035546.67', '3035546.67', '3035546.67', '36426560.00', '631', '2013-10-26 14:26:24', null, null);
INSERT INTO `budget` VALUES ('102', '5505986', null, null, null, '', '5505985.74', '5505985.74', '5505985.74', '5505985.74', '5505985.74', '5505985.74', '5519460.74', '5519460.74', '5519460.74', '5519460.74', '5519460.74', '5519460.74', '66152678.92', '631', '2013-10-26 14:26:25', null, null);
INSERT INTO `budget` VALUES ('103', '3595871', null, null, null, '', '3595870.97', '3595870.97', '3595870.97', '3595870.97', '3595870.97', '3595870.97', '3595870.97', '3595870.97', '3595870.97', '3595870.97', '3595870.97', '3595870.97', '43150451.60', '631', '2013-10-26 14:26:26', null, null);
INSERT INTO `budget` VALUES ('104', '1196431', null, null, null, '', '1196430.68', '1196430.68', '1196430.68', '1196430.68', '1196430.68', '1196430.68', '1199730.68', '1199730.68', '1199730.68', '1199730.68', '1199730.68', '1199730.68', '14376968.16', '631', '2013-10-26 14:26:27', null, null);
INSERT INTO `budget` VALUES ('105', '830833', null, null, null, '', '830833.33', '830833.33', '830833.33', '830833.33', '830833.33', '830833.33', '830833.33', '830833.33', '830833.33', '830833.33', '830833.33', '830833.33', '9970000.00', '631', '2013-10-26 14:26:28', null, null);
INSERT INTO `budget` VALUES ('106', '680145', null, null, null, '', '680145.20', '680145.20', '680145.20', '680145.20', '680145.20', '680145.20', '681045.20', '681045.20', '681045.20', '681045.20', '681045.20', '681045.20', '8167142.40', '631', '2013-10-26 14:26:29', null, null);
INSERT INTO `budget` VALUES ('107', '114750', null, null, null, '', '114750.00', '114750.00', '114750.00', '114750.00', '114750.00', '114750.00', '116850.00', '116850.00', '116850.00', '116850.00', '116850.00', '116850.00', '1389600.00', '631', '2013-10-26 14:26:30', null, null);
INSERT INTO `budget` VALUES ('108', '126500', null, null, null, '', '126500.00', '126500.00', '126500.00', '126500.00', '126500.00', '126500.00', '126500.00', '126500.00', '126500.00', '126500.00', '126500.00', '126500.00', '1518000.00', '631', '2013-10-26 14:26:31', null, null);
INSERT INTO `budget` VALUES ('109', '162000', null, null, null, '', '162000.00', '162000.00', '162000.00', '162000.00', '162000.00', '162000.00', '162000.00', '162000.00', '162000.00', '162000.00', '162000.00', '162000.00', '1944000.00', '631', '2013-10-26 14:26:32', null, null);
INSERT INTO `budget` VALUES ('110', '165000', null, null, null, '', '165000.00', '165000.00', '165000.00', '165000.00', '165000.00', '165000.00', '173250.00', '173250.00', '173250.00', '173250.00', '173250.00', '173250.00', '2029500.00', '631', '2013-10-26 14:26:33', null, null);
INSERT INTO `budget` VALUES ('111', '1204860', null, null, null, '', '1204860.00', '1204860.00', '1204860.00', '1204860.00', '1204860.00', '1204860.00', '1232910.00', '1232910.00', '1232910.00', '1232910.00', '1232910.00', '1232910.00', '14626620.00', '631', '2013-10-26 14:26:35', null, null);
INSERT INTO `budget` VALUES ('112', '851', null, null, null, '', '850.75', '850.75', '850.75', '850.75', '850.75', '850.75', '850.75', '850.75', '850.75', '850.75', '850.75', '850.75', '10209.00', '631', '2013-10-26 14:26:36', null, null);
INSERT INTO `budget` VALUES ('113', '41956', null, null, null, '', '41956.40', '41956.40', '41956.40', '41956.40', '41956.40', '41956.40', '43478.42', '43478.42', '43478.42', '43478.42', '43478.42', '43478.42', '512608.92', '631', '2013-10-26 14:26:37', null, null);
INSERT INTO `budget` VALUES ('114', '70833', null, null, null, '', '70833.33', '70833.33', '70833.33', '70833.33', '70833.33', '70833.33', '70833.33', '70833.33', '70833.33', '70833.33', '70833.33', '70833.33', '850000.00', '631', '2013-10-26 14:26:38', null, null);
INSERT INTO `budget` VALUES ('115', '603263', null, null, null, '', '603262.59', '603262.59', '603262.59', '603262.59', '603262.59', '603262.59', '603632.15', '603632.15', '603632.15', '603632.15', '603632.15', '603632.15', '7241368.44', '631', '2013-10-26 14:26:39', null, null);
INSERT INTO `budget` VALUES ('116', '180000', null, null, null, '', '180000.00', '180000.00', '180000.00', '180000.00', '180000.00', '180000.00', '180000.00', '180000.00', '180000.00', '180000.00', '180000.00', '180000.00', '2160000.00', '631', '2013-10-26 14:26:40', null, null);
INSERT INTO `budget` VALUES ('117', '1630000', null, null, null, '', '1630000.00', '1630000.00', '1630000.00', '1630000.00', '1630000.00', '1630000.00', '1630000.00', '1630000.00', '1630000.00', '1630000.00', '1630000.00', '1630000.00', '19560000.00', '631', '2013-10-26 14:26:41', null, null);
INSERT INTO `budget` VALUES ('118', '1025000', null, null, null, '', '1025000.00', '1025000.00', '1025000.00', '1025000.00', '1025000.00', '1025000.00', '1025000.00', '1025000.00', '1025000.00', '1025000.00', '1025000.00', '1025000.00', '12300000.00', '631', '2013-10-26 14:26:42', null, null);
INSERT INTO `budget` VALUES ('119', '1452000', null, null, null, '', '1452000.00', '1452000.00', '1452000.00', '1452000.00', '1452000.00', '1452000.00', '1452000.00', '1452000.00', '1452000.00', '1452000.00', '1452000.00', '1452000.00', '17424000.00', '631', '2013-10-26 14:26:43', null, null);
INSERT INTO `budget` VALUES ('120', '566667', null, null, null, '', '566666.67', '566666.67', '566666.67', '566666.67', '566666.67', '566666.67', '566666.67', '566666.67', '566666.67', '566666.67', '566666.67', '566666.67', '6800000.00', '631', '2013-10-26 14:26:44', null, null);
INSERT INTO `budget` VALUES ('121', '2982777', null, null, null, '', '2982776.69', '2982776.69', '2982776.69', '2982776.69', '2982776.69', '2982776.69', '2982776.69', '2982776.69', '2982776.69', '2982776.69', '2982776.69', '2982776.69', '35793320.22', '631', '2013-10-26 14:26:45', null, null);
INSERT INTO `budget` VALUES ('122', '756754', null, null, null, '', '756753.90', '756753.90', '756753.90', '756753.90', '756753.90', '756753.90', '774767.43', '774767.43', '774767.43', '774767.43', '774767.43', '774767.43', '9189127.98', '631', '2013-10-26 14:26:46', null, null);
INSERT INTO `budget` VALUES ('123', '172500', null, null, null, '', '172500.00', '172500.00', '172500.00', '172500.00', '172500.00', '172500.00', '181125.00', '181125.00', '181125.00', '181125.00', '181125.00', '181125.00', '2121750.00', '631', '2013-10-26 14:26:47', null, null);
INSERT INTO `budget` VALUES ('124', '0', null, null, null, '', '0.00', '0.00', '0.00', '0.00', '0.00', '0.00', '0.00', '0.00', '0.00', '0.00', '0.00', '0.00', '0.00', '631', '2013-10-26 14:26:48', null, null);
INSERT INTO `budget` VALUES ('125', '50000', null, null, null, '', '50000.00', '50000.00', '50000.00', '50000.00', '50000.00', '50000.00', '50000.00', '50000.00', '50000.00', '50000.00', '50000.00', '50000.00', '600000.00', '631', '2013-10-26 14:26:49', null, null);
INSERT INTO `budget` VALUES ('126', '262500', null, null, null, '', '262500.00', '262500.00', '262500.00', '262500.00', '262500.00', '262500.00', '262500.00', '262500.00', '262500.00', '262500.00', '262500.00', '262500.00', '3150000.00', '631', '2013-10-26 14:26:50', null, null);
INSERT INTO `budget` VALUES ('127', '53227', null, null, null, '', '53226.55', '53226.55', '53226.55', '53226.55', '53226.55', '53226.55', '53554.68', '53554.68', '53554.68', '53554.68', '53554.68', '53554.68', '640687.39', '631', '2013-10-26 14:26:51', null, null);
INSERT INTO `budget` VALUES ('128', '1666667', null, null, null, '', '1666666.67', '1666666.67', '1666666.67', '1666666.67', '1666666.67', '1666666.67', '1666666.67', '1666666.67', '1666666.67', '1666666.67', '1666666.67', '1666666.67', '20000000.00', '631', '2013-10-26 14:26:52', null, null);
INSERT INTO `budget` VALUES ('129', '850000', null, null, null, '', '850000.00', '850000.00', '850000.00', '850000.00', '850000.00', '850000.00', '850000.00', '850000.00', '850000.00', '850000.00', '850000.00', '850000.00', '10200000.00', '631', '2013-10-26 14:26:53', null, null);
INSERT INTO `budget` VALUES ('130', '132600', null, null, null, '', '132600.00', '132600.00', '132600.00', '132600.00', '132600.00', '132600.00', '132600.00', '132600.00', '132600.00', '132600.00', '132600.00', '132600.00', '1591200.00', '631', '2013-10-26 14:26:54', null, null);
INSERT INTO `budget` VALUES ('131', '6050000', null, null, null, '', '6050000.00', '6050000.00', '6050000.00', '6050000.00', '6050000.00', '6050000.00', '6050000.00', '6050000.00', '6050000.00', '6050000.00', '6050000.00', '6050000.00', '72600000.00', '631', '2013-10-26 14:26:56', null, null);
INSERT INTO `budget` VALUES ('132', '340000', null, null, null, '', '340000.00', '340000.00', '340000.00', '340000.00', '340000.00', '340000.00', '340000.00', '340000.00', '340000.00', '340000.00', '340000.00', '340000.00', '4080000.00', '631', '2013-10-26 14:26:57', null, null);
INSERT INTO `budget` VALUES ('133', '44000', null, null, null, '', '44000.00', '44000.00', '44000.00', '44000.00', '44000.00', '44000.00', '44000.00', '44000.00', '44000.00', '44000.00', '44000.00', '44000.00', '528000.00', '631', '2013-10-26 14:26:58', null, null);
INSERT INTO `budget` VALUES ('134', '1000000', null, null, null, '', '1000000.00', '1000000.00', '1000000.00', '1000000.00', '1000000.00', '1000000.00', '1000000.00', '1000000.00', '1000000.00', '1000000.00', '1000000.00', '1000000.00', '12000000.00', '631', '2013-10-26 14:26:59', null, null);
INSERT INTO `budget` VALUES ('135', '1030', null, null, null, '', '1030.00', '1030.00', '1030.00', '1030.00', '1030.00', '1030.00', '1030.00', '1030.00', '1030.00', '1030.00', '1030.00', '1030.00', '12360.00', '631', '2013-10-26 14:27:00', null, null);
INSERT INTO `budget` VALUES ('136', '420000', null, null, null, '', '420000.00', '420000.00', '420000.00', '420000.00', '420000.00', '420000.00', '420000.00', '420000.00', '420000.00', '420000.00', '420000.00', '420000.00', '5040000.00', '631', '2013-10-26 14:27:01', null, null);
INSERT INTO `budget` VALUES ('137', '0', null, null, null, '', '0.00', '0.00', '0.00', '0.00', '0.00', '0.00', '0.00', '0.00', '0.00', '0.00', '0.00', '0.00', '0.00', '631', '2013-10-26 14:27:02', null, null);
INSERT INTO `budget` VALUES ('138', '0', null, null, null, '', '0.00', '0.00', '0.00', '0.00', '0.00', '0.00', '0.00', '0.00', '0.00', '0.00', '0.00', '0.00', '0.00', '631', '2013-10-26 14:27:03', null, null);
INSERT INTO `budget` VALUES ('139', '20600', null, null, null, '', '20600.00', '20600.00', '20600.00', '20600.00', '20600.00', '20600.00', '20600.00', '20600.00', '20600.00', '20600.00', '20600.00', '20600.00', '247200.00', '631', '2013-10-26 14:27:04', null, null);
INSERT INTO `budget` VALUES ('140', '463500', null, null, null, '', '463500.00', '463500.00', '463500.00', '463500.00', '463500.00', '463500.00', '463500.00', '463500.00', '463500.00', '463500.00', '463500.00', '463500.00', '5562000.00', '631', '2013-10-26 14:27:05', null, null);
INSERT INTO `budget` VALUES ('141', '618000', null, null, null, '', '618000.00', '618000.00', '618000.00', '618000.00', '618000.00', '618000.00', '618000.00', '618000.00', '618000.00', '618000.00', '618000.00', '618000.00', '7416000.00', '631', '2013-10-26 14:27:06', null, null);
INSERT INTO `budget` VALUES ('142', '94500', null, null, null, '', '94500.00', '94500.00', '94500.00', '94500.00', '94500.00', '94500.00', '94500.00', '94500.00', '94500.00', '94500.00', '94500.00', '94500.00', '1134000.00', '631', '2013-10-26 14:27:07', null, null);
INSERT INTO `budget` VALUES ('143', '9948500', null, null, null, '', '9948500.00', '10047985.00', '10148464.85', '10249949.50', '10352448.99', '10455973.48', '10560533.22', '10666138.55', '10772799.94', '10880527.94', '10989333.21', '11099226.55', '126171881.23', '631', '2013-10-26 14:27:08', null, null);
INSERT INTO `budget` VALUES ('144', '600000', null, null, null, '', '600000.00', '600000.00', '600000.00', '600000.00', '600000.00', '600000.00', '600000.00', '600000.00', '600000.00', '600000.00', '600000.00', '600000.00', '7200000.00', '631', '2013-10-26 14:27:09', null, null);
INSERT INTO `budget` VALUES ('145', '116888', null, null, null, '', '116887.70', '116887.70', '116887.70', '116887.70', '116887.70', '116887.70', '116887.70', '116887.70', '116887.70', '116887.70', '116887.70', '116887.70', '1402652.37', '631', '2013-10-26 14:27:10', null, null);
INSERT INTO `budget` VALUES ('146', '73162', null, null, null, '', '73161.58', '73161.58', '73161.58', '73161.58', '73161.58', '73161.58', '73161.58', '73161.58', '73161.58', '73161.58', '73161.58', '73161.58', '877939.01', '631', '2013-10-26 14:27:11', null, null);
INSERT INTO `budget` VALUES ('147', '0', null, null, null, '', '0.00', '0.00', '0.00', '0.00', '0.00', '0.00', '0.00', '0.00', '0.00', '0.00', '0.00', '0.00', '0.00', '631', '2013-10-26 14:27:13', null, null);
INSERT INTO `budget` VALUES ('148', '2362718', null, null, null, '', '2362718.48', '2362718.48', '2362718.48', '2362718.48', '2362718.48', '2362718.48', '2362718.48', '2362718.48', '2362718.48', '2362718.48', '2362718.48', '2362718.48', '28352621.76', '631', '2013-10-26 14:27:14', null, null);
INSERT INTO `budget` VALUES ('149', '1910', null, null, null, '', '1910.07', '1910.07', '1910.07', '1910.07', '1910.07', '1910.07', '1910.07', '1910.07', '1910.07', '1910.07', '1910.07', '1910.07', '22920.80', '631', '2013-10-26 14:27:15', null, null);
INSERT INTO `budget` VALUES ('150', '1818155', null, null, null, '', '1818155.15', '1818155.15', '1818155.15', '1818155.15', '1818155.15', '1818155.15', '1818155.15', '1818155.15', '1818155.15', '1818155.15', '1818155.15', '1818155.15', '21817861.81', '631', '2013-10-26 14:27:16', null, null);
INSERT INTO `budget` VALUES ('151', '2426765', null, null, null, '', '2426765.27', '2426765.27', '2426765.27', '2426765.27', '2426765.27', '2426765.27', '2426765.27', '2426765.27', '2426765.27', '2426765.27', '2426765.27', '2426765.27', '29121183.28', '631', '2013-10-26 14:27:17', null, null);
INSERT INTO `budget` VALUES ('152', '74678', null, null, null, '', '74677.63', '74677.63', '74677.63', '74677.63', '74677.63', '74677.63', '74677.63', '74677.63', '74677.63', '74677.63', '74677.63', '74677.63', '896131.50', '631', '2013-10-26 14:27:18', null, null);
INSERT INTO `budget` VALUES ('153', '123461', null, null, null, '', '123460.93', '123460.93', '123460.93', '123460.93', '123460.93', '123460.93', '123460.93', '123460.93', '123460.93', '123460.93', '123460.93', '123460.93', '1481531.18', '631', '2013-10-26 14:27:19', null, null);
INSERT INTO `budget` VALUES ('154', '18593', null, null, null, '', '18593.14', '18593.14', '18593.14', '18593.14', '18593.14', '18593.14', '18593.14', '18593.14', '18593.14', '18593.14', '18593.14', '18593.14', '223117.70', '631', '2013-10-26 14:27:20', null, null);
INSERT INTO `budget` VALUES ('155', '12378', null, null, null, '', '12377.96', '12377.96', '12377.96', '12377.96', '12377.96', '12377.96', '12377.96', '12377.96', '12377.96', '12377.96', '12377.96', '12377.96', '148535.57', '631', '2013-10-26 14:27:21', null, null);
INSERT INTO `budget` VALUES ('156', '0', null, null, null, '', '0.00', '0.00', '0.00', '0.00', '0.00', '0.00', '0.00', '0.00', '0.00', '0.00', '0.00', '0.00', '0.00', '631', '2013-10-26 14:27:22', null, null);
INSERT INTO `budget` VALUES ('157', '1942500', null, null, null, '', '1942500.00', '1942500.00', '1942500.00', '1942500.00', '1942500.00', '1942500.00', '1942500.00', '1942500.00', '1942500.00', '1942500.00', '1942500.00', '1942500.00', '23310000.00', '631', '2013-10-26 14:27:23', null, null);
INSERT INTO `budget` VALUES ('158', '2992500', null, null, null, '', '2992500.00', '2992500.00', '2992500.00', '2992500.00', '2992500.00', '2992500.00', '2992500.00', '2992500.00', '2992500.00', '2992500.00', '2992500.00', '2992500.00', '35910000.00', '631', '2013-10-26 14:27:24', null, null);
INSERT INTO `budget` VALUES ('159', '231000', null, null, null, '', '231000.00', '231000.00', '231000.00', '231000.00', '231000.00', '231000.00', '231000.00', '231000.00', '231000.00', '231000.00', '231000.00', '231000.00', '2772000.00', '631', '2013-10-26 14:27:25', null, null);

-- ----------------------------
-- Table structure for `budget_allocation`
-- ----------------------------
DROP TABLE IF EXISTS `budget_allocation`;
CREATE TABLE `budget_allocation` (
  `BUDGET_ALLOCATION_ID` int(11) NOT NULL AUTO_INCREMENT,
  `REQUISITION_ID` int(11) DEFAULT NULL,
  `EXPENCE_ACCOUNT_ID` int(11) DEFAULT NULL,
  `PRODUCT_GROUP_ID` int(11) DEFAULT NULL,
  `REQUISITION_CC_ID` int(11) DEFAULT NULL,
  `REQUISITION_DETAILS_ID` int(5) DEFAULT NULL,
  `PRODUCT_ID` int(4) DEFAULT NULL,
  `QTY` decimal(11,2) DEFAULT NULL,
  `UNIT_PRICE` decimal(15,2) DEFAULT NULL,
  `TOTAL` decimal(17,2) DEFAULT NULL,
  `TAX_TYPE_ID` int(5) DEFAULT NULL,
  `TAX` decimal(6,2) DEFAULT NULL,
  `VAT` decimal(6,2) DEFAULT NULL,
  `PAYABLE` decimal(17,2) DEFAULT NULL,
  `ISBUDGETED` int(2) DEFAULT NULL,
  `EXPENCE_BUDGET_STATUS` int(1) NOT NULL,
  `CREATED_DATE` date NOT NULL,
  `MODIFY_BY` varchar(50) NOT NULL,
  `MODIFY_DATE` datetime DEFAULT NULL,
  `CREATED_BY` varchar(50) DEFAULT NULL,
  PRIMARY KEY (`BUDGET_ALLOCATION_ID`)
) ENGINE=InnoDB AUTO_INCREMENT=10 DEFAULT CHARSET=latin1;

-- ----------------------------
-- Records of budget_allocation
-- ----------------------------
INSERT INTO `budget_allocation` VALUES ('1', '178', '1', '0', '21', '281', '2562', null, null, '450.00', null, null, null, null, null, '0', '2013-10-26', '', null, '631');
INSERT INTO `budget_allocation` VALUES ('2', '178', '15', '0', '61', '281', '2562', null, null, '900.00', null, null, null, null, null, '0', '2013-10-26', '', null, '631');
INSERT INTO `budget_allocation` VALUES ('3', '178', '12', '0', '76', '281', '2562', null, null, '450.00', null, null, null, null, null, '0', '2013-10-26', '', null, '631');
INSERT INTO `budget_allocation` VALUES ('4', '178', '122100001', '0', '21', '281', '2562', null, null, '450.00', null, null, null, null, null, '0', '2013-10-26', '', null, '631');
INSERT INTO `budget_allocation` VALUES ('5', '178', '122101001', '0', '61', '281', '2562', null, null, '900.00', null, null, null, null, null, '0', '2013-10-26', '', null, '631');
INSERT INTO `budget_allocation` VALUES ('6', '178', '122102001', '0', '76', '281', '2562', null, null, '450.00', null, null, null, null, null, '0', '2013-10-26', '', null, '631');
INSERT INTO `budget_allocation` VALUES ('7', '178', '181000001', '0', '21', '281', '2562', null, null, '450.00', null, null, null, null, null, '0', '2013-10-26', '', null, '631');
INSERT INTO `budget_allocation` VALUES ('8', '178', '181000002', '0', '61', '281', '2562', null, null, '900.00', null, null, null, null, null, '0', '2013-10-26', '', null, '631');
INSERT INTO `budget_allocation` VALUES ('9', '178', '181000003', '0', '76', '281', '2562', null, null, '450.00', null, null, null, null, null, '0', '2013-10-26', '', null, '631');

-- ----------------------------
-- Table structure for `budget_type`
-- ----------------------------
DROP TABLE IF EXISTS `budget_type`;
CREATE TABLE `budget_type` (
  `budget_typeid` varchar(1) NOT NULL,
  `budget_name` varchar(100) NOT NULL,
  PRIMARY KEY (`budget_typeid`)
) ENGINE=MyISAM DEFAULT CHARSET=latin1;

-- ----------------------------
-- Records of budget_type
-- ----------------------------
INSERT INTO `budget_type` VALUES ('O', 'OPEx');
INSERT INTO `budget_type` VALUES ('C', 'CAPEx');

-- ----------------------------
-- Table structure for `category`
-- ----------------------------
DROP TABLE IF EXISTS `category`;
CREATE TABLE `category` (
  `CATEGORY_ID` int(10) NOT NULL,
  `CATEGORY_NAME` varchar(80) DEFAULT NULL COMMENT 'Category Name,y,Y,,,20,1',
  `DESCRIPTION` varchar(200) DEFAULT NULL COMMENT 'Description,y,,,,20,7',
  `CREATED_BY` varchar(255) DEFAULT NULL COMMENT ',,,,,20,',
  `CREATED_DATE` datetime DEFAULT NULL,
  `MODIFY_BY` varchar(255) CHARACTER SET latin1 DEFAULT NULL,
  `MODIFY_DATE` datetime DEFAULT NULL,
  PRIMARY KEY (`CATEGORY_ID`),
  KEY `FK_CATEGORY_VAT` (`DESCRIPTION`)
) ENGINE=InnoDB DEFAULT CHARSET=utf8;

-- ----------------------------
-- Records of category
-- ----------------------------
INSERT INTO `category` VALUES ('0', 'Procure', '', null, null, '2013-09-10', null);
INSERT INTO `category` VALUES ('1', 'BROCHURE', 'zx', 'admin', '2013-05-30 00:00:00', '2013-05-30', null);
INSERT INTO `category` VALUES ('2', 'Cheque Book', '', 'admin', '2013-05-30 00:00:00', null, null);
INSERT INTO `category` VALUES ('3', 'Forms and Vouchers', 'nfgngfn', 'admin', '2013-05-30 00:00:00', null, null);
INSERT INTO `category` VALUES ('4', 'MISCELLANEOUS', 'nfgngfn', 'admin', '2013-05-30 00:00:00', null, null);
INSERT INTO `category` VALUES ('5', 'Register', 'nfgngfn', 'admin', '2013-05-30 00:00:00', null, null);
INSERT INTO `category` VALUES ('6', 'Nill', '', 'admin', '2013-05-30 00:00:00', null, null);
INSERT INTO `category` VALUES ('8', 'Safety Item', 'Safety Item', 'admin', '2013-06-01 00:00:00', '2013-06-06', null);
INSERT INTO `category` VALUES ('9', 'c', '', null, null, '2013-07-09', null);
INSERT INTO `category` VALUES ('10', 'd', '', null, null, '2013-07-09', null);
INSERT INTO `category` VALUES ('11', 'Computer', '', null, null, '2013-09-10', null);
INSERT INTO `category` VALUES ('100', 'Server', 'desc bbbbbb bbbbb bbbbbbbb nnnnnnnn nnnnnnnn', 'admin', '2013-06-01 00:00:00', '2013-09-10', null);
INSERT INTO `category` VALUES ('101', 'IT', '', 'admin', '2013-06-01 00:00:00', null, null);
INSERT INTO `category` VALUES ('102', 'Printing', '', 'admin', '2013-06-01 00:00:00', '2013-09-10', null);
INSERT INTO `category` VALUES ('103', 'Rakib Islam -Testing', 'Testing - 0021554', 'admin', '2013-06-15 00:00:00', null, null);

-- ----------------------------
-- Table structure for `category_sub`
-- ----------------------------
DROP TABLE IF EXISTS `category_sub`;
CREATE TABLE `category_sub` (
  `CATEGORY_SUB_ID` int(10) NOT NULL,
  `CATEGORY_SUB_NAME` varchar(100) DEFAULT NULL COMMENT 'Subcategory Name,y,Y,,,20,1',
  `CATEGORY_ID` int(3) DEFAULT NULL COMMENT 'Category ,y,Y,,,20,2',
  `DESCRIPTION` varchar(200) DEFAULT NULL COMMENT 'Description,y,Y,,,20,7',
  `CREATED_BY` varchar(255) CHARACTER SET latin1 DEFAULT NULL,
  `CREATED_DATE` datetime DEFAULT NULL,
  `MODIFY_BY` varchar(255) CHARACTER SET latin1 DEFAULT NULL,
  `MODIFY_DATE` datetime DEFAULT NULL,
  PRIMARY KEY (`CATEGORY_SUB_ID`),
  KEY `category_sub_ibfk_1` (`CATEGORY_ID`),
  CONSTRAINT `category_sub_ibfk_1` FOREIGN KEY (`CATEGORY_ID`) REFERENCES `category` (`CATEGORY_ID`) ON UPDATE NO ACTION
) ENGINE=InnoDB DEFAULT CHARSET=utf8;

-- ----------------------------
-- Records of category_sub
-- ----------------------------
INSERT INTO `category_sub` VALUES ('0', 'General', null, null, null, null, null, null);
INSERT INTO `category_sub` VALUES ('1', 'ACCOUNTS DEPARTMENT', '5', 'vxcvcx', 'admin', '2013-05-30 00:00:00', '2013-06-01', null);
INSERT INTO `category_sub` VALUES ('2', 'BILLS & REMITTANCE', '5', 'vxcvdv', 'admin', '2013-06-01 00:00:00', null, null);
INSERT INTO `category_sub` VALUES ('3', 'CASH DEPARTMENT', '5', 'aa', 'admin', '2013-06-01 00:00:00', '2013-06-01', null);
INSERT INTO `category_sub` VALUES ('4', 'CLEARING DEPARTMENT', '5', 'desc vvvvvvvvv ------- bbbbbbbbbb nnn bbbb gggggg', 'admin', '2013-06-01 00:00:00', '2013-06-01', null);
INSERT INTO `category_sub` VALUES ('5', 'CREDIT DEPARTMENT', '3', '', 'admin', '2013-06-01 00:00:00', null, null);
INSERT INTO `category_sub` VALUES ('6', 'FOREIGN EXCHANGE', '3', 'Fire Proctector', 'admin', '2013-06-06 00:00:00', null, null);
INSERT INTO `category_sub` VALUES ('7', 'FOREIGN EXCHANGE DEPARTMENT', '5', 'Rakib_Sub Testing', 'admin', '2013-06-15 00:00:00', null, null);
INSERT INTO `category_sub` VALUES ('8', 'GENERAL DEPARTMENT', '3', null, null, null, null, null);
INSERT INTO `category_sub` VALUES ('10', 'INTERNATIONAL DIVISION', '6', null, null, null, null, null);
INSERT INTO `category_sub` VALUES ('11', 'INVESTMENT WING', '5', null, null, null, null, null);
INSERT INTO `category_sub` VALUES ('12', 'Non-MICR', '2', null, null, null, null, null);
INSERT INTO `category_sub` VALUES ('13', 'OTHERS', '4', null, null, null, null, null);
INSERT INTO `category_sub` VALUES ('14', 'RETURNS/STATEMENT', '6', null, null, null, null, null);
INSERT INTO `category_sub` VALUES ('15', 'SECURITY DEPOSIT DEPARTMENT', '5', null, null, null, null, null);
INSERT INTO `category_sub` VALUES ('16', 'nill', '6', null, null, null, null, null);
INSERT INTO `category_sub` VALUES ('17', 'Rakib Sub', '103', '', 'admin', '2013-07-07 00:00:00', null, null);
INSERT INTO `category_sub` VALUES ('18', 'Hp', '102', '', '01', '2013-09-10 00:00:00', null, null);
INSERT INTO `category_sub` VALUES ('19', 'Dell', '11', '', '01', '2013-09-10 00:00:00', null, null);
INSERT INTO `category_sub` VALUES ('20', 'PC', '101', 'ddddddddd', 'admin', '2013-09-22 00:00:00', null, null);

-- ----------------------------
-- Table structure for `category_sub_under`
-- ----------------------------
DROP TABLE IF EXISTS `category_sub_under`;
CREATE TABLE `category_sub_under` (
  `CATEGORY_SUB_UNDER_ID` int(5) NOT NULL,
  `CATEGORY_SUB_UNDER_NAME` varchar(100) DEFAULT NULL COMMENT 'Under Category Sub,y,,,,20,1',
  `CATEGORY_SUB_ID` int(5) DEFAULT NULL COMMENT 'Sub Category Name,y,Y,,,20,2',
  `DESCRIPTION` varchar(200) DEFAULT NULL COMMENT 'Description,y,N,,,20,1',
  `CATEGORY_ID` int(5) NOT NULL,
  `CREATED_BY` varchar(255) CHARACTER SET latin1 DEFAULT NULL,
  `CREATED_DATE` datetime DEFAULT NULL,
  `MODIFY_BY` varchar(255) CHARACTER SET latin1 NOT NULL,
  `MODIFY_DATE` datetime NOT NULL,
  PRIMARY KEY (`CATEGORY_SUB_UNDER_ID`),
  KEY `category_sub_under_ibfk_1` (`CATEGORY_SUB_ID`),
  CONSTRAINT `category_sub_under_ibfk_1` FOREIGN KEY (`CATEGORY_SUB_ID`) REFERENCES `category_sub` (`CATEGORY_SUB_ID`) ON UPDATE NO ACTION
) ENGINE=InnoDB DEFAULT CHARSET=utf8;

-- ----------------------------
-- Records of category_sub_under
-- ----------------------------
INSERT INTO `category_sub_under` VALUES ('1', 'ss', '3', null, '0', 'admin', '2013-06-01 00:00:00', '', '0000-00-00 00:00:00');
INSERT INTO `category_sub_under` VALUES ('4', 'under sub', '4', null, '0', 'admin', '2013-06-01 00:00:00', '', '0000-00-00 00:00:00');
INSERT INTO `category_sub_under` VALUES ('5', 'Model-3', '5', 'ccc', '0', 'admin', '2013-06-01 00:00:00', '', '0000-00-00 00:00:00');
INSERT INTO `category_sub_under` VALUES ('6', 'Sefty', '6', 'Sefty', '0', 'admin', '2013-06-06 00:00:00', '', '0000-00-00 00:00:00');
INSERT INTO `category_sub_under` VALUES ('7', 'Rakib_Under_sub-007', '7', 'Rakib Islam TS-007', '0', 'admin', '2013-06-15 00:00:00', '', '0000-00-00 00:00:00');
INSERT INTO `category_sub_under` VALUES ('8', 'Rakib Under Sub', '17', 'ccc', '0', 'admin', '2013-07-07 00:00:00', '', '0000-00-00 00:00:00');
INSERT INTO `category_sub_under` VALUES ('9', 'Under Sub', '12', 'aa', '0', 'admin', '2013-07-10 00:00:00', '', '0000-00-00 00:00:00');

-- ----------------------------
-- Table structure for `cbl_budget`
-- ----------------------------
DROP TABLE IF EXISTS `cbl_budget`;
CREATE TABLE `cbl_budget` (
  `CBL_BUDGET_ID` int(11) NOT NULL,
  `DIVISION_ID` int(11) NOT NULL,
  `COSTCENTER_ID` int(11) NOT NULL,
  `GL_ACCOUNT_ID` int(11) NOT NULL,
  `BUDGET_YEAR` varchar(4) NOT NULL,
  `BUDGET_COMMENT` varchar(200) NOT NULL,
  `BUDGET_STATUS` int(2) NOT NULL DEFAULT '0',
  `CREATED_BY` varchar(50) DEFAULT NULL,
  `CREATED_DATE` datetime DEFAULT NULL,
  `MODIFY_BY` varchar(50) DEFAULT NULL,
  `MODIFY_DATE` datetime DEFAULT NULL,
  PRIMARY KEY (`CBL_BUDGET_ID`)
) ENGINE=InnoDB DEFAULT CHARSET=latin1;

-- ----------------------------
-- Records of cbl_budget
-- ----------------------------
INSERT INTO `cbl_budget` VALUES ('1', '0', '15', '1', '2013', '', '0', '2010441', '2013-03-17 13:41:01', null, null);
INSERT INTO `cbl_budget` VALUES ('2', '0', '22', '8', '2013', '', '0', '2010441', '2013-03-17 13:43:22', null, null);

-- ----------------------------
-- Table structure for `cbl_budget_details`
-- ----------------------------
DROP TABLE IF EXISTS `cbl_budget_details`;
CREATE TABLE `cbl_budget_details` (
  `CBL_BUDGET_DETAILS_ID` int(11) NOT NULL DEFAULT '0',
  `CBL_BUDGET_ID` int(11) NOT NULL,
  `JAN` decimal(17,2) NOT NULL,
  `FEB` double(17,2) NOT NULL,
  `MAR` double(17,2) NOT NULL,
  `APR` double(17,2) NOT NULL,
  `MAY` double(17,2) NOT NULL,
  `JUN` double(17,2) NOT NULL,
  `JUL` double(17,2) NOT NULL,
  `AUG` double(17,2) NOT NULL,
  `SEP` double(17,2) NOT NULL,
  `OCTO` double(17,2) NOT NULL,
  `NOV` double(17,2) NOT NULL,
  `DECE` double(17,2) NOT NULL,
  PRIMARY KEY (`CBL_BUDGET_DETAILS_ID`)
) ENGINE=MyISAM DEFAULT CHARSET=latin1;

-- ----------------------------
-- Records of cbl_budget_details
-- ----------------------------
INSERT INTO `cbl_budget_details` VALUES ('1', '1', '1000.00', '9000.00', '800.00', '1000.00', '1000.00', '1000.00', '1000.00', '1000.00', '1000.00', '1000.00', '1000.00', '1000.00');
INSERT INTO `cbl_budget_details` VALUES ('2', '2', '0.00', '0.00', '0.00', '0.00', '0.00', '0.00', '0.00', '0.00', '0.00', '0.00', '0.00', '0.00');

-- ----------------------------
-- Table structure for `challan`
-- ----------------------------
DROP TABLE IF EXISTS `challan`;
CREATE TABLE `challan` (
  `challanid` int(11) NOT NULL AUTO_INCREMENT,
  `requisition_id` varchar(50) DEFAULT NULL,
  `challan_no` varchar(100) NOT NULL,
  `delivery_info` varchar(100) DEFAULT NULL,
  `branchid` int(3) NOT NULL,
  `createdby` varchar(30) DEFAULT NULL,
  `received_by` varchar(30) DEFAULT NULL,
  `receive_date` datetime DEFAULT NULL,
  `departmentid` int(11) DEFAULT NULL,
  `date_time` timestamp NOT NULL DEFAULT CURRENT_TIMESTAMP ON UPDATE CURRENT_TIMESTAMP,
  `status` int(11) NOT NULL,
  PRIMARY KEY (`challanid`)
) ENGINE=MyISAM AUTO_INCREMENT=16 DEFAULT CHARSET=latin1;

-- ----------------------------
-- Records of challan
-- ----------------------------
INSERT INTO `challan` VALUES ('1', '117', '1300001', null, '2', '22', null, null, null, '2013-09-22 11:47:12', '0');
INSERT INTO `challan` VALUES ('2', '118', '1300002', null, '2', '22', null, null, null, '2013-09-22 12:07:30', '0');
INSERT INTO `challan` VALUES ('3', '118', '1300003', null, '2', '22', null, null, null, '2013-09-22 12:07:36', '0');
INSERT INTO `challan` VALUES ('4', '119', '1300004', null, '2', '22', null, null, null, '2013-09-22 12:30:08', '0');
INSERT INTO `challan` VALUES ('5', '119,120,120', '1300005', 'wewewqe', '2', '22', '04', '2013-09-22 12:52:27', null, '2013-09-22 12:52:27', '2');
INSERT INTO `challan` VALUES ('6', '118', '1300006', 'hj', '2', '22', '04', '2013-09-22 12:54:45', null, '2013-09-22 12:54:45', '2');
INSERT INTO `challan` VALUES ('7', '121,121', '1300007', 'asas', '2', '22', '04', '2013-09-22 13:02:02', null, '2013-09-22 13:02:02', '2');
INSERT INTO `challan` VALUES ('8', '123', '1300008', '', '2', '22', '04', '2013-09-22 15:18:17', null, '2013-09-22 15:18:17', '2');
INSERT INTO `challan` VALUES ('9', '123', '1300009', '', '2', '22', '04', '2013-09-22 15:18:17', null, '2013-09-22 15:18:17', '2');
INSERT INTO `challan` VALUES ('10', '115,115', '13000010', null, '2', '21', null, null, null, '2013-09-22 15:59:32', '0');
INSERT INTO `challan` VALUES ('11', '126,126', '13000011', 'aa', '2', '22', '04', '2013-09-22 16:12:40', null, '2013-09-22 16:12:40', '2');
INSERT INTO `challan` VALUES ('12', '128,128', '13000012', 'dsdsd', '2', '623', '04', '2013-09-22 16:56:23', null, '2013-09-22 16:56:23', '2');
INSERT INTO `challan` VALUES ('13', '128,128', '13000013', 'xxxxx', '2', '22', '04', '2013-09-22 16:59:04', null, '2013-09-22 16:59:04', '2');
INSERT INTO `challan` VALUES ('14', '133,133', '13000014', 'sdsdsd', '2', '22', '04', '2013-09-23 11:08:11', null, '2013-09-23 11:08:11', '2');
INSERT INTO `challan` VALUES ('15', '133,133', '13000015', 'cccccccccccccccccccccccccc', '2', '623', '04', '2013-09-23 11:14:01', null, '2013-09-23 11:14:01', '2');

-- ----------------------------
-- Table structure for `challan_item`
-- ----------------------------
DROP TABLE IF EXISTS `challan_item`;
CREATE TABLE `challan_item` (
  `challan_details_id` int(11) NOT NULL AUTO_INCREMENT,
  `challanid` int(11) NOT NULL,
  `productid` int(11) NOT NULL,
  `quantity` int(11) NOT NULL,
  `uniteprice` decimal(11,2) DEFAULT NULL,
  PRIMARY KEY (`challan_details_id`)
) ENGINE=MyISAM AUTO_INCREMENT=25 DEFAULT CHARSET=latin1;

-- ----------------------------
-- Records of challan_item
-- ----------------------------
INSERT INTO `challan_item` VALUES ('1', '1', '2743', '1', '2.00');
INSERT INTO `challan_item` VALUES ('2', '2', '1487', '30', '70.00');
INSERT INTO `challan_item` VALUES ('3', '3', '2743', '20', '2.00');
INSERT INTO `challan_item` VALUES ('4', '4', '2755', '2', '20.00');
INSERT INTO `challan_item` VALUES ('5', '5', '2743', '1', '2.00');
INSERT INTO `challan_item` VALUES ('6', '5', '2743', '1', '2.00');
INSERT INTO `challan_item` VALUES ('7', '5', '2755', '1', '20.00');
INSERT INTO `challan_item` VALUES ('8', '6', '2762', '100', '0.00');
INSERT INTO `challan_item` VALUES ('9', '7', '2761', '100', '0.00');
INSERT INTO `challan_item` VALUES ('10', '7', '2743', '120', '2.00');
INSERT INTO `challan_item` VALUES ('11', '8', '1487', '1', '70.00');
INSERT INTO `challan_item` VALUES ('12', '9', '2743', '1', '2.00');
INSERT INTO `challan_item` VALUES ('13', '10', '1207', '11', '140000.00');
INSERT INTO `challan_item` VALUES ('14', '10', '1253', '13', '70.00');
INSERT INTO `challan_item` VALUES ('15', '11', '2755', '111', '20.00');
INSERT INTO `challan_item` VALUES ('16', '11', '2743', '111', '2.00');
INSERT INTO `challan_item` VALUES ('17', '12', '1317', '100', '0.00');
INSERT INTO `challan_item` VALUES ('18', '12', '1210', '1', '0.00');
INSERT INTO `challan_item` VALUES ('19', '13', '2743', '5', '2.00');
INSERT INTO `challan_item` VALUES ('20', '13', '2762', '1', '0.00');
INSERT INTO `challan_item` VALUES ('21', '14', '1487', '10', '70.00');
INSERT INTO `challan_item` VALUES ('22', '14', '2743', '8', '2.00');
INSERT INTO `challan_item` VALUES ('23', '15', '1210', '6', '0.00');
INSERT INTO `challan_item` VALUES ('24', '15', '1317', '7', '0.00');

-- ----------------------------
-- Table structure for `challan_status`
-- ----------------------------
DROP TABLE IF EXISTS `challan_status`;
CREATE TABLE `challan_status` (
  `challan_status_id` int(11) DEFAULT NULL,
  `challan_status_name` varchar(100) DEFAULT NULL
) ENGINE=InnoDB DEFAULT CHARSET=latin1;

-- ----------------------------
-- Records of challan_status
-- ----------------------------
INSERT INTO `challan_status` VALUES ('1', 'Pending');
INSERT INTO `challan_status` VALUES ('2', 'Received');
INSERT INTO `challan_status` VALUES ('3', 'All');
INSERT INTO `challan_status` VALUES ('0', 'Not Define');

-- ----------------------------
-- Table structure for `comparative_referance`
-- ----------------------------
DROP TABLE IF EXISTS `comparative_referance`;
CREATE TABLE `comparative_referance` (
  `detailsid` int(11) NOT NULL AUTO_INCREMENT,
  `comparison_id` int(11) NOT NULL,
  `supplier_id` int(11) NOT NULL,
  `reference` varchar(100) NOT NULL,
  PRIMARY KEY (`detailsid`)
) ENGINE=MyISAM AUTO_INCREMENT=147 DEFAULT CHARSET=latin1;

-- ----------------------------
-- Records of comparative_referance
-- ----------------------------
INSERT INTO `comparative_referance` VALUES ('1', '2', '1', '4rf4');
INSERT INTO `comparative_referance` VALUES ('2', '2', '2', 'r4r4r');
INSERT INTO `comparative_referance` VALUES ('3', '2', '3', '4r4r');
INSERT INTO `comparative_referance` VALUES ('4', '5', '14', 'CSL/TQO/Citybank/11/1634/47 R dated 07-07-2011');
INSERT INTO `comparative_referance` VALUES ('5', '5', '26', 'TVSL/EH/CityBank/UPS-1107/06 Dated:05.07.2011');
INSERT INTO `comparative_referance` VALUES ('6', '5', '75', 'Nill Dteded: 05.07.2011');
INSERT INTO `comparative_referance` VALUES ('7', '5', '128', 'CHQ/CBL/MK/11-12/101 Dated: 05.07.2011');
INSERT INTO `comparative_referance` VALUES ('8', '6', '12', 'nil dtd 09-Sep-11');
INSERT INTO `comparative_referance` VALUES ('9', '6', '45', 'nil dtd 26-Sep-11');
INSERT INTO `comparative_referance` VALUES ('10', '6', '46', 'nil dtd 07-Sep-11');
INSERT INTO `comparative_referance` VALUES ('11', '7', '33', 'quotation date 07/7/11');
INSERT INTO `comparative_referance` VALUES ('12', '7', '71', 'quotation date 21/7/11');
INSERT INTO `comparative_referance` VALUES ('13', '7', '196', 'quotation date 10/7/11');
INSERT INTO `comparative_referance` VALUES ('14', '12', '202', 'Nil, dated: 04/09/11');
INSERT INTO `comparative_referance` VALUES ('15', '12', '203', '110904, dated: 04/09/11');
INSERT INTO `comparative_referance` VALUES ('16', '12', '204', 'TCBL-10072, dated: 04/09/11');
INSERT INTO `comparative_referance` VALUES ('17', '14', '197', '22/3/11');
INSERT INTO `comparative_referance` VALUES ('18', '14', '198', '22/3/11');
INSERT INTO `comparative_referance` VALUES ('19', '14', '205', '22/3/11');
INSERT INTO `comparative_referance` VALUES ('20', '14', '206', '22/3/11');
INSERT INTO `comparative_referance` VALUES ('21', '18', '33', 'dt. 07/7/11');
INSERT INTO `comparative_referance` VALUES ('22', '18', '71', 'dt. 21/7/11');
INSERT INTO `comparative_referance` VALUES ('23', '18', '196', 'dt. 10/7/11');
INSERT INTO `comparative_referance` VALUES ('24', '20', '197', 'dt.18/9/11');
INSERT INTO `comparative_referance` VALUES ('25', '21', '201', '25/9/11');
INSERT INTO `comparative_referance` VALUES ('26', '21', '207', '25/9/11');
INSERT INTO `comparative_referance` VALUES ('27', '21', '208', '26/9/11');
INSERT INTO `comparative_referance` VALUES ('28', '21', '209', '26/9/11');
INSERT INTO `comparative_referance` VALUES ('29', '22', '197', '12/8/11');
INSERT INTO `comparative_referance` VALUES ('30', '22', '198', '12/8/11');
INSERT INTO `comparative_referance` VALUES ('31', '22', '201', '12/8/11');
INSERT INTO `comparative_referance` VALUES ('32', '22', '205', '12/8/11');
INSERT INTO `comparative_referance` VALUES ('33', '22', '208', '12/8/11');
INSERT INTO `comparative_referance` VALUES ('34', '24', '197', '11/10/11');
INSERT INTO `comparative_referance` VALUES ('35', '24', '201', '11/10/11');
INSERT INTO `comparative_referance` VALUES ('36', '24', '205', '11/10/11');
INSERT INTO `comparative_referance` VALUES ('37', '24', '208', '11/10/11');
INSERT INTO `comparative_referance` VALUES ('38', '29', '46', 'nil dtd 07-Sep-11');
INSERT INTO `comparative_referance` VALUES ('39', '31', '46', 'nil dtd 07-Sep-11');
INSERT INTO `comparative_referance` VALUES ('40', '30', '221', 'Quotation date 25/6/2011');
INSERT INTO `comparative_referance` VALUES ('41', '32', '21', 'Nil, dated: 22-Nov-10');
INSERT INTO `comparative_referance` VALUES ('42', '32', '72', 'SBL/CORP/CITY/0250/11');
INSERT INTO `comparative_referance` VALUES ('43', '32', '84', 'Nil, dated: 21-Nov-10');
INSERT INTO `comparative_referance` VALUES ('44', '33', '12', 'nil dtd 07-Sep-11');
INSERT INTO `comparative_referance` VALUES ('45', '33', '23', '');
INSERT INTO `comparative_referance` VALUES ('46', '33', '64', '');
INSERT INTO `comparative_referance` VALUES ('47', '33', '72', '');
INSERT INTO `comparative_referance` VALUES ('48', '33', '84', '');
INSERT INTO `comparative_referance` VALUES ('49', '39', '43', 'LTL/1156/11 dt.17/8/11');
INSERT INTO `comparative_referance` VALUES ('50', '39', '78', 'TML/RIR/CBL/CARD/208/2011 dt. 17/8/11');
INSERT INTO `comparative_referance` VALUES ('51', '39', '198', 'dt. 17/8/11');
INSERT INTO `comparative_referance` VALUES ('52', '50', '70', 'Quotation dt. 17/7/2011');
INSERT INTO `comparative_referance` VALUES ('53', '58', '34', 'Quotation dated 02/8/11');
INSERT INTO `comparative_referance` VALUES ('54', '60', '28', 'Quotation dt.02/8/11');
INSERT INTO `comparative_referance` VALUES ('55', '60', '229', 'Quotation dt.31/7/11');
INSERT INTO `comparative_referance` VALUES ('56', '60', '230', 'Quotation dt.09/8/11');
INSERT INTO `comparative_referance` VALUES ('57', '68', '197', 'Nil, 23th Aug');
INSERT INTO `comparative_referance` VALUES ('58', '68', '198', 'Nil, 23th Aug');
INSERT INTO `comparative_referance` VALUES ('59', '68', '201', '12/8/11');
INSERT INTO `comparative_referance` VALUES ('60', '68', '205', '22/3/11');
INSERT INTO `comparative_referance` VALUES ('61', '68', '206', 'dt.2/12/10');
INSERT INTO `comparative_referance` VALUES ('62', '68', '208', 'dt.5/12/10');
INSERT INTO `comparative_referance` VALUES ('63', '68', '218', '25/9/11');
INSERT INTO `comparative_referance` VALUES ('64', '69', '236', 'DBAL/City Bank/Quotation/2011-347R2');
INSERT INTO `comparative_referance` VALUES ('65', '70', '237', 'Quotation date 27/9/11');
INSERT INTO `comparative_referance` VALUES ('66', '71', '198', '11/10/11');
INSERT INTO `comparative_referance` VALUES ('67', '71', '201', '11/10/11');
INSERT INTO `comparative_referance` VALUES ('68', '71', '205', '12/10/11');
INSERT INTO `comparative_referance` VALUES ('69', '71', '208', '11/10/11');
INSERT INTO `comparative_referance` VALUES ('70', '72', '197', '24/7/11');
INSERT INTO `comparative_referance` VALUES ('71', '72', '201', '25/7/11');
INSERT INTO `comparative_referance` VALUES ('72', '72', '207', '24/7/11');
INSERT INTO `comparative_referance` VALUES ('73', '72', '208', '24/7/11');
INSERT INTO `comparative_referance` VALUES ('74', '72', '209', '21/7/11');
INSERT INTO `comparative_referance` VALUES ('75', '73', '45', 'LQ/TCB/11/29M dated 12-Jun-11');
INSERT INTO `comparative_referance` VALUES ('76', '73', '109', 'EMPL0611432 dtd 13-Jun-11');
INSERT INTO `comparative_referance` VALUES ('77', '73', '238', 'RESL/CB/ARH/FER/2011 dated 13-Jun-11');
INSERT INTO `comparative_referance` VALUES ('78', '74', '197', '13/3/11');
INSERT INTO `comparative_referance` VALUES ('79', '74', '198', '13/3/11');
INSERT INTO `comparative_referance` VALUES ('80', '74', '201', '13/3/11');
INSERT INTO `comparative_referance` VALUES ('81', '74', '205', '13/3/11');
INSERT INTO `comparative_referance` VALUES ('82', '74', '208', '13/3/11');
INSERT INTO `comparative_referance` VALUES ('83', '74', '218', '13/3/11');
INSERT INTO `comparative_referance` VALUES ('84', '75', '201', '23/10/11');
INSERT INTO `comparative_referance` VALUES ('85', '75', '205', 'Nil');
INSERT INTO `comparative_referance` VALUES ('86', '75', '206', '23/10/11');
INSERT INTO `comparative_referance` VALUES ('87', '75', '208', '20/10/11');
INSERT INTO `comparative_referance` VALUES ('88', '83', '201', '23/10/11');
INSERT INTO `comparative_referance` VALUES ('89', '83', '205', 'Nil');
INSERT INTO `comparative_referance` VALUES ('90', '83', '206', '23/10/11');
INSERT INTO `comparative_referance` VALUES ('91', '83', '208', '20/10/2011');
INSERT INTO `comparative_referance` VALUES ('92', '99', '26', 'chq-8014 dt. 17/09/2011');
INSERT INTO `comparative_referance` VALUES ('93', '99', '31', 'Nil dt 22/09/2011');
INSERT INTO `comparative_referance` VALUES ('94', '99', '32', 'IOM/quot.#11966 dt. 08/08/2011');
INSERT INTO `comparative_referance` VALUES ('95', '99', '74', 'STBL/qn-2011/238/ dt. 17/09/2011');
INSERT INTO `comparative_referance` VALUES ('96', '101', '240', 'Sample#4 dt. 06/03/11');
INSERT INTO `comparative_referance` VALUES ('97', '103', '75', 'TVSL/EH/CityBank/UPS-1103/018rev');
INSERT INTO `comparative_referance` VALUES ('98', '104', '241', 'Quotation dt. 11/10/11');
INSERT INTO `comparative_referance` VALUES ('99', '163', '43', 'LTL/1167/11 dt. 05/09/2011');
INSERT INTO `comparative_referance` VALUES ('100', '163', '78', 'TML/RER/CBL/POS/QO/229 dt. 25/09/2011');
INSERT INTO `comparative_referance` VALUES ('101', '163', '82', '');
INSERT INTO `comparative_referance` VALUES ('102', '163', '198', '');
INSERT INTO `comparative_referance` VALUES ('103', '165', '43', 'LTL/1111/11 dt.09/03/2011');
INSERT INTO `comparative_referance` VALUES ('104', '166', '75', 'TVSL/EH/CityBank/UPS-1103/018rev dt. 07/04/2011');
INSERT INTO `comparative_referance` VALUES ('105', '231', '34', 'Revised quotation dated 29/12/2011');
INSERT INTO `comparative_referance` VALUES ('106', '244', '43', 'LTL/JH/1196/11 dt. 28/12/11');
INSERT INTO `comparative_referance` VALUES ('107', '244', '70', 'Quotation dt. 27/12/11');
INSERT INTO `comparative_referance` VALUES ('108', '244', '78', 'TML/RER/TCBL/Pin Mailer/QO/293 dt. 27/12/11');
INSERT INTO `comparative_referance` VALUES ('109', '323', '38', 'Quotation dated 08/03/12');
INSERT INTO `comparative_referance` VALUES ('110', '323', '70', 'Quotation dated 08/3/12');
INSERT INTO `comparative_referance` VALUES ('111', '323', '78', 'TML/RAN/Prime/QO/54 dated 08/3/12');
INSERT INTO `comparative_referance` VALUES ('112', '347', '5', 'ATL/CBL/Fin/Proc/92/Y11');
INSERT INTO `comparative_referance` VALUES ('113', '347', '36', 'BD/ITCL/TCBL/RFQ/29092011');
INSERT INTO `comparative_referance` VALUES ('114', '347', '43', 'LTL/1175/11');
INSERT INTO `comparative_referance` VALUES ('115', '347', '78', 'TML/CBL/QT/001/12-Finan');
INSERT INTO `comparative_referance` VALUES ('116', '395', '14', '');
INSERT INTO `comparative_referance` VALUES ('117', '395', '75', '');
INSERT INTO `comparative_referance` VALUES ('118', '395', '113', '');
INSERT INTO `comparative_referance` VALUES ('119', '395', '335', '');
INSERT INTO `comparative_referance` VALUES ('120', '395', '337', '');
INSERT INTO `comparative_referance` VALUES ('121', '421', '43', 'LTL/JH/1228/12 dt. 30/4/2012');
INSERT INTO `comparative_referance` VALUES ('122', '421', '78', 'TML/RER/CBL/QO/85/2012 dt. 30/4/2012');
INSERT INTO `comparative_referance` VALUES ('123', '422', '43', 'LTL/JH/1228 dt. 30/4/12');
INSERT INTO `comparative_referance` VALUES ('124', '422', '345', 'LOS-T/ASP/TCBL/30042012 dt. 20/4/12');
INSERT INTO `comparative_referance` VALUES ('125', '476', '43', 'LTL/JH/1243/12 dt.24/6/12');
INSERT INTO `comparative_referance` VALUES ('126', '476', '70', 'dt. 21/6/12');
INSERT INTO `comparative_referance` VALUES ('127', '476', '78', 'TML/RFR/TCBL/Pin mailer/QO/109 dt. 21/6/12');
INSERT INTO `comparative_referance` VALUES ('128', '522', '70', 'Quotation dt. 24/5/12');
INSERT INTO `comparative_referance` VALUES ('129', '522', '345', 'LOS-T/Card/TCBL/14062012 dt. 16/6/12');
INSERT INTO `comparative_referance` VALUES ('130', '525', '5', 'ATL/CBL/ATM/1904-12-1 dt. 19/4/12');
INSERT INTO `comparative_referance` VALUES ('131', '525', '36', 'BD/ITCL/RFP/ATM-280/19042012 DT. 19/4/12');
INSERT INTO `comparative_referance` VALUES ('132', '525', '78', 'TML/CBL/QT/79/11-Finan, dt.19/4/12');
INSERT INTO `comparative_referance` VALUES ('133', '532', '26', 'CHQ/CBL/MK/11-12/174 dt. 19/4/12');
INSERT INTO `comparative_referance` VALUES ('134', '532', '75', 'TVSL/EH/CBL/UPS-1204/013 dt. 19/4/12');
INSERT INTO `comparative_referance` VALUES ('135', '532', '77', 'CBL/UPS/20120419 dt. 19/4/12');
INSERT INTO `comparative_referance` VALUES ('136', '1', '44', 'as');
INSERT INTO `comparative_referance` VALUES ('137', '1', '55', 'sasas');
INSERT INTO `comparative_referance` VALUES ('138', '6', '1', '004');
INSERT INTO `comparative_referance` VALUES ('139', '6', '2', '00234');
INSERT INTO `comparative_referance` VALUES ('140', '6', '3', '0254');
INSERT INTO `comparative_referance` VALUES ('141', '7', '1', '001');
INSERT INTO `comparative_referance` VALUES ('142', '7', '2', '002');
INSERT INTO `comparative_referance` VALUES ('143', '7', '3', '003');
INSERT INTO `comparative_referance` VALUES ('144', '46', '1', 'efe');
INSERT INTO `comparative_referance` VALUES ('145', '46', '2', 'qfcew');
INSERT INTO `comparative_referance` VALUES ('146', '46', '3', 'cecews');

-- ----------------------------
-- Table structure for `cost_center`
-- ----------------------------
DROP TABLE IF EXISTS `cost_center`;
CREATE TABLE `cost_center` (
  `COST_CENTER_ID` int(11) NOT NULL,
  `COST_CENTER_NAME` varchar(100) DEFAULT NULL,
  `COST_CENTER_CODE` int(11) DEFAULT NULL,
  `DIVISION_ID` int(11) DEFAULT NULL,
  `SHOW` int(11) DEFAULT NULL,
  `CREATED_BY` varchar(255) DEFAULT NULL,
  `CREATED_DATE` datetime DEFAULT NULL,
  `MODIFY_BY` varchar(255) DEFAULT NULL,
  `MODIFY_DATE` datetime DEFAULT NULL,
  PRIMARY KEY (`COST_CENTER_ID`)
) ENGINE=MyISAM AUTO_INCREMENT=92 DEFAULT CHARSET=latin1;

-- ----------------------------
-- Records of cost_center
-- ----------------------------
INSERT INTO `cost_center` VALUES ('14', 'MD\\\'S OFFICE CENTRAL', '1001', '1', '1', null, null, null, null);
INSERT INTO `cost_center` VALUES ('15', 'HUMAN RESOURCES', '1002', '5', '1', null, null, null, null);
INSERT INTO `cost_center` VALUES ('16', 'FINANCE', '1003', '6', '1', null, null, null, null);
INSERT INTO `cost_center` VALUES ('17', 'GENERAL ADMIN', '1004', '6', '1', null, null, null, null);
INSERT INTO `cost_center` VALUES ('18', 'BRAND COMMUNICATION &amp; MARKETING', '1005', '6', '1', null, null, null, null);
INSERT INTO `cost_center` VALUES ('19', 'INTERNAL CONTROL &amp; COMPLIANCE', '1006', '6', '1', null, null, null, null);
INSERT INTO `cost_center` VALUES ('20', 'BOARD &amp; SHARE DIVISION', '1007', '6', '1', null, null, null, null);
INSERT INTO `cost_center` VALUES ('21', 'AMD\'S OFFICE (BUSINESS) CENTRAL', '2001', '6', '1', null, null, null, null);
INSERT INTO `cost_center` VALUES ('22', 'PROJECT MANAGEMENT', '2002', '6', '1', null, null, null, null);
INSERT INTO `cost_center` VALUES ('23', 'MERCHANT BANKING', '2003', '6', '1', null, null, null, null);
INSERT INTO `cost_center` VALUES ('24', 'DMD\'S OFFICE (OPERATION) ? CENTRAL', '2101', '6', '1', null, null, null, null);
INSERT INTO `cost_center` VALUES ('25', 'INFORMATION TECHNOLOGY', '2102', '6', '1', null, null, null, null);
INSERT INTO `cost_center` VALUES ('26', 'OPERATION SUPPORT', '2103', '6', '1', null, null, null, null);
INSERT INTO `cost_center` VALUES ('27', 'SERVICE DELIVERY', '2104', '6', '1', null, null, null, null);
INSERT INTO `cost_center` VALUES ('28', 'BRANCH OPERATION', '2105', '6', '1', null, null, null, null);
INSERT INTO `cost_center` VALUES ('29', 'TRADE SERVICES', '2106', '6', '1', null, null, null, null);
INSERT INTO `cost_center` VALUES ('30', 'TRADE SUPPORT', '2107', '6', '1', null, null, null, null);
INSERT INTO `cost_center` VALUES ('31', 'TREASURY SUPPORT', '2108', '6', '1', null, null, null, null);
INSERT INTO `cost_center` VALUES ('32', 'AMD\'S OFFICE (CRO) - CENTRAL', '2201', '6', '1', null, null, null, null);
INSERT INTO `cost_center` VALUES ('33', 'LEGAL DIVISION', '2202', '6', '1', null, null, null, null);
INSERT INTO `cost_center` VALUES ('34', 'SPECIAL ASSET MANAGEMENT', '2203', '6', '1', null, null, null, null);
INSERT INTO `cost_center` VALUES ('35', 'CREDIT ADMINISTRATION', '2204', '6', '1', null, null, null, null);
INSERT INTO `cost_center` VALUES ('36', 'CREDIT RISK MANAGEMENT', '2205', '6', '1', null, null, null, null);
INSERT INTO `cost_center` VALUES ('37', 'RISK MANAGEMENT', '2206', '6', '1', null, null, null, null);
INSERT INTO `cost_center` VALUES ('38', 'CORPORATE &amp; INVESTMENT BANKING - CENTRAL', '3001', '6', '1', null, null, null, null);
INSERT INTO `cost_center` VALUES ('39', 'SFU', '3002', '6', '1', null, null, null, null);
INSERT INTO `cost_center` VALUES ('40', 'CASH MANAGEMENT', '3003', '6', '1', null, null, null, null);
INSERT INTO `cost_center` VALUES ('41', 'LEASING', '3004', '6', '1', null, null, null, null);
INSERT INTO `cost_center` VALUES ('42', 'PAU ', '3005', '6', '1', null, null, null, null);
INSERT INTO `cost_center` VALUES ('43', 'CITY SERVICES', '3006', '6', '1', null, null, null, null);
INSERT INTO `cost_center` VALUES ('44', 'DHAKA REGION', '3007', '6', '1', null, null, null, null);
INSERT INTO `cost_center` VALUES ('45', 'CHITTAGONG REGION', '3008', '6', '1', null, null, null, null);
INSERT INTO `cost_center` VALUES ('46', 'RETAIL BANKING - CENTRAL', '4001', '6', '1', null, null, null, null);
INSERT INTO `cost_center` VALUES ('47', 'ASSET VALUE CENTER', '4002', '6', '1', null, null, null, null);
INSERT INTO `cost_center` VALUES ('48', 'LIABILITY VALUE CENTER', '4003', '6', '1', null, null, null, null);
INSERT INTO `cost_center` VALUES ('49', 'CREDIT CARD ? VISA', '4004', '6', '1', null, null, null, null);
INSERT INTO `cost_center` VALUES ('50', 'AMEX- CORPORATE', '4005', '6', '1', null, null, null, null);
INSERT INTO `cost_center` VALUES ('53', 'NFB', '4007', '6', '1', null, null, null, null);
INSERT INTO `cost_center` VALUES ('52', 'NRB', '4006', '6', '1', null, null, null, null);
INSERT INTO `cost_center` VALUES ('54', 'RETAIL FINANCE CENTRE', '4008', '6', '1', null, null, null, null);
INSERT INTO `cost_center` VALUES ('55', 'CARDS OPS', '4009', '6', '1', null, null, null, null);
INSERT INTO `cost_center` VALUES ('56', 'SERVICE QUALITY', '4010', '6', '1', null, null, null, null);
INSERT INTO `cost_center` VALUES ('57', 'POLICY &amp; ANALYSIS', '4011', '6', '1', null, null, null, null);
INSERT INTO `cost_center` VALUES ('58', 'DST GOVERNANCE - RETAIL', '4012', '6', '1', null, null, null, null);
INSERT INTO `cost_center` VALUES ('59', 'DST GOVERNANCE - CARDS', '4013', '6', '1', null, null, null, null);
INSERT INTO `cost_center` VALUES ('60', 'CREDIT CARD ? AMEX', '4014', '6', '1', null, null, null, null);
INSERT INTO `cost_center` VALUES ('61', 'ADC', '4015', '6', '1', null, null, null, null);
INSERT INTO `cost_center` VALUES ('62', 'SME BANKING - CENTRAL', '5001', '6', '1', null, null, null, null);
INSERT INTO `cost_center` VALUES ('63', 'SME-S', '5002', '6', '1', null, null, null, null);
INSERT INTO `cost_center` VALUES ('64', 'SME-M', '5003', '6', '1', null, null, null, null);
INSERT INTO `cost_center` VALUES ('65', 'BANDAR BAZAR SME CENTER', '5004', '6', '1', null, null, null, null);
INSERT INTO `cost_center` VALUES ('66', 'BOGRA SME CENTER ', '5005', '6', '1', null, null, null, null);
INSERT INTO `cost_center` VALUES ('67', 'JUBILEE ROAD SME CENTER', '5006', '6', '1', null, null, null, null);
INSERT INTO `cost_center` VALUES ('68', 'KHULNA SME CENTER', '5007', '6', '1', null, null, null, null);
INSERT INTO `cost_center` VALUES ('69', 'PROGOTI SARANI SME CENTER', '5008', '6', '1', null, null, null, null);
INSERT INTO `cost_center` VALUES ('70', 'COMILLA SME CENTER', '5009', '6', '1', null, null, null, null);
INSERT INTO `cost_center` VALUES ('71', 'DHANMONDI SME CENTER', '5010', '6', '1', null, null, null, null);
INSERT INTO `cost_center` VALUES ('72', 'NARSHINGDI SME CENTER', '5011', '6', '1', null, null, null, null);
INSERT INTO `cost_center` VALUES ('73', 'TAN BAZAR SME CENTER', '5012', '6', '1', null, null, null, null);
INSERT INTO `cost_center` VALUES ('74', 'MIRPUR SME CENTER', '5013', '6', '1', null, null, null, null);
INSERT INTO `cost_center` VALUES ('75', 'SADARGHAT SME CENTER', '5014', '6', '1', null, null, null, null);
INSERT INTO `cost_center` VALUES ('76', 'AGRABAD SME BIZCENTER', '5015', '6', '1', null, null, null, null);
INSERT INTO `cost_center` VALUES ('77', 'SAIDPUR SME CENTER', '5016', '6', '1', null, null, null, null);
INSERT INTO `cost_center` VALUES ('78', 'DHAKA CHAMBER SME CENTER', '5017', '6', '1', null, null, null, null);
INSERT INTO `cost_center` VALUES ('79', 'TREASURY &amp; MARKET RISK - CENTRAL', '6001', '6', '1', null, null, null, null);
INSERT INTO `cost_center` VALUES ('80', 'TREASURY FRONT OFFICE', '6002', '6', '1', null, null, null, null);
INSERT INTO `cost_center` VALUES ('81', 'MARKET RISK', '6003', '6', '1', null, null, null, null);
INSERT INTO `cost_center` VALUES ('82', 'PROPRIETARY TRADING', '6004', '6', '1', null, null, null, null);
INSERT INTO `cost_center` VALUES ('83', 'ISLAMI BANKING - CENTRAL', '7001', '6', '1', null, null, null, null);
INSERT INTO `cost_center` VALUES ('84', 'ISLAMI BANKING - RETAIL', '7002', '6', '1', null, null, null, null);
INSERT INTO `cost_center` VALUES ('85', 'ISLAMI BANKING - CORPORATE', '7003', '6', '1', null, null, null, null);
INSERT INTO `cost_center` VALUES ('86', 'ISLAMI BANKING - SME', '7004', '6', '1', null, null, null, null);
INSERT INTO `cost_center` VALUES ('87', 'ISLAMI BANKING - TREASURY', '7005', '6', '1', null, null, null, null);
INSERT INTO `cost_center` VALUES ('88', 'OFF-SHORE BANKING - CENTRAL', '8001', '6', '1', null, null, null, null);
INSERT INTO `cost_center` VALUES ('90', 'Operational Compliance &amp; Service Quality', '2110', '41', '1', null, null, null, null);
INSERT INTO `cost_center` VALUES ('91', 'Credit &amp; Collection Retail &amp; SME (RFC)', '2207', '40', '1', null, null, null, null);

-- ----------------------------
-- Table structure for `country`
-- ----------------------------
DROP TABLE IF EXISTS `country`;
CREATE TABLE `country` (
  `COUNTRY_ID` int(10) unsigned NOT NULL,
  `COUNTRY_NAME` varchar(100) DEFAULT NULL COMMENT 'Country Name,y,Y,,,20,1',
  `CREATED_DATE` datetime NOT NULL,
  `MODIFY_BY` varchar(50) DEFAULT NULL,
  `MODIFY_DATE` date DEFAULT NULL,
  `CREATED_BY` varchar(50) NOT NULL,
  PRIMARY KEY (`COUNTRY_ID`)
) ENGINE=MyISAM AUTO_INCREMENT=22 DEFAULT CHARSET=utf8;

-- ----------------------------
-- Records of country
-- ----------------------------
INSERT INTO `country` VALUES ('1', 'Bangladesh', '0000-00-00 00:00:00', null, null, '');
INSERT INTO `country` VALUES ('3', 'Pakistan', '2013-04-24 00:00:00', null, null, '2010441');
INSERT INTO `country` VALUES ('6', 'USA', '2013-06-15 00:00:00', null, null, 'admin');

-- ----------------------------
-- Table structure for `daily_budget`
-- ----------------------------
DROP TABLE IF EXISTS `daily_budget`;
CREATE TABLE `daily_budget` (
  `DAILY_BUDGET_ID` int(11) NOT NULL AUTO_INCREMENT,
  `GL_ID` int(13) DEFAULT NULL,
  `UPLOAD_DATE` date DEFAULT NULL,
  `BALANCE` decimal(20,2) DEFAULT NULL,
  `CREATED_BY` varchar(255) DEFAULT NULL,
  `CREATED_DATE` datetime DEFAULT NULL,
  `MODIFY_BY` varchar(255) DEFAULT NULL,
  `MODIFY_DATE` datetime DEFAULT NULL,
  PRIMARY KEY (`DAILY_BUDGET_ID`)
) ENGINE=InnoDB DEFAULT CHARSET=latin1;

-- ----------------------------
-- Records of daily_budget
-- ----------------------------

-- ----------------------------
-- Table structure for `delegation_authority`
-- ----------------------------
DROP TABLE IF EXISTS `delegation_authority`;
CREATE TABLE `delegation_authority` (
  `DELEGATION_AUTHORITY_ID` int(11) NOT NULL AUTO_INCREMENT,
  `YEAR` varchar(4) NOT NULL,
  `GL_ACCOUNT_ID` int(11) NOT NULL,
  `DESIGNATION_ID` int(11) NOT NULL,
  `OP_CAP_TYPE` int(1) DEFAULT NULL,
  `EXPENSE_TYPE_ID` int(2) NOT NULL,
  `AMOUNT` decimal(15,2) DEFAULT NULL,
  `CREATED_BY` varchar(50) DEFAULT NULL,
  `CREATED_DATE` date DEFAULT NULL,
  `MODIFY_BY` varchar(50) NOT NULL,
  `MODIFY_DATE` date NOT NULL,
  PRIMARY KEY (`DELEGATION_AUTHORITY_ID`)
) ENGINE=InnoDB AUTO_INCREMENT=10 DEFAULT CHARSET=latin1;

-- ----------------------------
-- Records of delegation_authority
-- ----------------------------
INSERT INTO `delegation_authority` VALUES ('1', '2013', '1', '3', '1', '1', '1.00', '04', '2013-09-30', '', '0000-00-00');
INSERT INTO `delegation_authority` VALUES ('2', '2013', '1', '12', '1', '1', '555.00', '04', '2013-09-30', '15', '2013-10-22');
INSERT INTO `delegation_authority` VALUES ('3', '2013', '1', '13', '1', '1', '1.00', '04', '2013-09-30', '', '0000-00-00');
INSERT INTO `delegation_authority` VALUES ('4', '2013', '1', '3', '1', '2', '1.00', '04', '2013-09-30', '', '0000-00-00');
INSERT INTO `delegation_authority` VALUES ('5', '2013', '1', '12', '1', '2', '2.00', '04', '2013-09-30', '', '0000-00-00');
INSERT INTO `delegation_authority` VALUES ('6', '2013', '1', '13', '1', '2', '3.00', '04', '2013-09-30', '', '0000-00-00');
INSERT INTO `delegation_authority` VALUES ('7', '2013', '2', '13', '1', '1', '4.00', '04', '2013-09-30', '', '0000-00-00');
INSERT INTO `delegation_authority` VALUES ('8', '2013', '2', '12', '1', '1', '5.00', '04', '2013-09-30', '', '0000-00-00');
INSERT INTO `delegation_authority` VALUES ('9', '2013', '2', '3', '1', '1', '6.00', '04', '2013-09-30', '', '0000-00-00');

-- ----------------------------
-- Table structure for `department`
-- ----------------------------
DROP TABLE IF EXISTS `department`;
CREATE TABLE `department` (
  `DEPARTMENT_ID` int(11) NOT NULL,
  `DEPARTMENT_NAME` varchar(150) COLLATE latin1_general_ci DEFAULT NULL COMMENT 'Department Name,y,N,,,20,1',
  `DIVISION_ID` int(11) DEFAULT NULL COMMENT 'Division,y,Y,,,20,2',
  `DEPARTMENT_ADDRESS` varchar(250) COLLATE latin1_general_ci DEFAULT NULL COMMENT 'Department Address,y,,,,20,7',
  `DEPARTMENT_SORT` int(3) DEFAULT NULL COMMENT 'Department Sort,y,,,,20,1',
  `CREATED_BY` varchar(255) CHARACTER SET latin1 DEFAULT NULL,
  `CREATED_DATE` datetime DEFAULT NULL,
  `MODIFY_BY` varchar(255) CHARACTER SET latin1 DEFAULT NULL,
  `MODIFY_DATE` datetime DEFAULT NULL,
  PRIMARY KEY (`DEPARTMENT_ID`)
) ENGINE=MyISAM DEFAULT CHARSET=latin1 COLLATE=latin1_general_ci;

-- ----------------------------
-- Records of department
-- ----------------------------
INSERT INTO `department` VALUES ('4', 'Civil', '4', 'xvuvbjfb', '1', '2010441', '2013-04-24 00:00:00', '2013-04-24', null);
INSERT INTO `department` VALUES ('5', 'Despath', '4', 'dcsdc', '0', 'admin', '2013-06-15 00:00:00', null, null);

-- ----------------------------
-- Table structure for `designation`
-- ----------------------------
DROP TABLE IF EXISTS `designation`;
CREATE TABLE `designation` (
  `DESIGNATION_ID` int(11) NOT NULL,
  `DESIGNATION_NAME` varchar(150) COLLATE latin1_general_ci DEFAULT NULL COMMENT 'Designation,y,,,,20,1',
  `PRODUCT_APPROVAL` int(1) DEFAULT NULL COMMENT 'Product Approval,y,,,,20,1',
  `COST_APPROVAL` int(2) DEFAULT NULL COMMENT 'Cost Approval,y,,,,20,1',
  `DESIGNATION_SORT` int(3) DEFAULT NULL COMMENT 'Designation Sort,y,,,,20,1',
  `ISAPPROVAL` int(1) DEFAULT NULL,
  `CEILING_AMOUNT` int(20) DEFAULT NULL,
  `CREATED_BY` varchar(255) CHARACTER SET latin1 DEFAULT NULL,
  `CREATED_DATE` datetime DEFAULT NULL,
  `MODIFY_BY` varchar(255) CHARACTER SET latin1 DEFAULT NULL,
  `MODIFY_DATE` datetime DEFAULT NULL,
  PRIMARY KEY (`DESIGNATION_ID`)
) ENGINE=InnoDB DEFAULT CHARSET=latin1 COLLATE=latin1_general_ci;

-- ----------------------------
-- Records of designation
-- ----------------------------
INSERT INTO `designation` VALUES ('1', 'General Manager -007', '2', '2', '2', null, '50000', null, null, '2013-06-15', null);
INSERT INTO `designation` VALUES ('3', 'HR', '3', '3', '3', '1', '40000', '2010441', '2013-04-24 00:00:00', null, null);
INSERT INTO `designation` VALUES ('4', 'Division Head', '1', '1', '2', null, '30000', null, null, null, null);
INSERT INTO `designation` VALUES ('5', 'Testing Master', '7', '7', '7', null, '10000', 'admin', '2013-06-15 00:00:00', null, null);
INSERT INTO `designation` VALUES ('7', 'Dispatch officer', null, null, null, null, null, null, null, null, null);
INSERT INTO `designation` VALUES ('8', 'Civil Officer', null, null, null, null, null, null, null, null, null);
INSERT INTO `designation` VALUES ('9', 'Complain Officer', null, null, null, null, null, null, null, null, null);
INSERT INTO `designation` VALUES ('10', 'Comunication officer', '0', '0', '3', null, null, 'admin', '2013-07-14 00:00:00', null, null);
INSERT INTO `designation` VALUES ('11', 'Store Officer', '0', '0', '0', null, null, 'admin', '2013-07-16 00:00:00', null, null);
INSERT INTO `designation` VALUES ('12', 'CFO', '1', '1', '1', '1', null, '04', '2013-09-30 00:00:00', null, null);
INSERT INTO `designation` VALUES ('13', 'DMD', '1', '1', '2', '1', null, '04', '2013-09-30 00:00:00', null, null);

-- ----------------------------
-- Table structure for `division`
-- ----------------------------
DROP TABLE IF EXISTS `division`;
CREATE TABLE `division` (
  `DIVISION_ID` int(11) NOT NULL,
  `DIVISION_NAME` varchar(150) COLLATE latin1_general_ci DEFAULT NULL COMMENT 'Name,y,,,,20,1',
  `DIVISION_ADDRESS` varchar(255) COLLATE latin1_general_ci DEFAULT NULL COMMENT 'Address,y,,,,20,7',
  `DIVISION_SORT` int(3) DEFAULT NULL COMMENT 'Sort,y,,,,20,1',
  `CREATED_BY` varchar(255) CHARACTER SET latin1 DEFAULT NULL,
  `CREATED_DATE` datetime DEFAULT NULL,
  `MODIFY_BY` varchar(255) CHARACTER SET latin1 DEFAULT NULL,
  `MODIFY_DATE` datetime DEFAULT NULL,
  PRIMARY KEY (`DIVISION_ID`)
) ENGINE=InnoDB DEFAULT CHARSET=latin1 COLLATE=latin1_general_ci;

-- ----------------------------
-- Records of division
-- ----------------------------
INSERT INTO `division` VALUES ('2', 'Finance', '', '2', 'admin', '2013-05-30 00:00:00', '2013-05-30', null);
INSERT INTO `division` VALUES ('3', 'IT', '', '1', 'admin', '2013-05-30 00:00:00', null, null);
INSERT INTO `division` VALUES ('4', 'procurement', 'Dhaka', '1', 'admin', '2013-06-01 00:00:00', null, null);
INSERT INTO `division` VALUES ('5', 'Rakib Testing -1', 'Rakib Testing - 007', '0', 'admin', '2013-06-15 00:00:00', '2013-06-15', null);

-- ----------------------------
-- Table structure for `employee`
-- ----------------------------
DROP TABLE IF EXISTS `employee`;
CREATE TABLE `employee` (
  `EMPLOYEE_ID` int(10) NOT NULL AUTO_INCREMENT,
  `CARD_NO` varchar(25) DEFAULT NULL COMMENT 'Card No,y,Y,,,20,1',
  `FIRST_NAME` varchar(50) DEFAULT NULL COMMENT 'First Name,y,Y,,,20,1',
  `MIDDLE_NAME` varchar(50) DEFAULT NULL COMMENT 'Middle Name,y,N,,,20,1',
  `LAST_NAME` varchar(50) DEFAULT NULL COMMENT 'Last Name,y,Y,,,20,1',
  `FULL_NAME` varchar(255) DEFAULT NULL,
  `SUR_NAME` varchar(50) DEFAULT NULL COMMENT 'Sur Name,,Y,,,20,1',
  `ADDRESS` varchar(80) DEFAULT NULL COMMENT 'Address,,Y,,,20,7',
  `ZIPCODE` varchar(16) DEFAULT NULL COMMENT 'Post Code,,Y,,,20,1',
  `DESIGNATION_ID` int(11) DEFAULT NULL COMMENT 'Designation,y,Y,,,20,2',
  `COST_CENTER_ID` int(11) DEFAULT NULL COMMENT 'Cost Center Code,y,Y,,,20,2',
  `OFFICE_TYPE_ID` int(1) DEFAULT NULL COMMENT 'Office Type,y,Y,Y,BRANCH_DEPT_ID,20,2',
  `BRANCH_DEPT_ID` int(11) DEFAULT NULL COMMENT 'Dept/Branch,y,Y,,,20,2',
  `DIVISION_ID` int(11) DEFAULT NULL COMMENT 'Division,y,Y,,,20,2',
  `IS_RELIEVER` int(11) DEFAULT NULL,
  `RELIEVER_EMP_ID` int(11) DEFAULT NULL,
  `CITY` varchar(80) DEFAULT NULL COMMENT 'City,,,,,20,1',
  `EMPLOYEE_TYPE_ID` int(2) DEFAULT NULL COMMENT 'Employee Type,,,,,20,2',
  `PERSONAL_EMAIL` varchar(80) DEFAULT NULL COMMENT 'Email,,,,,20,1',
  `JOINING_DATE` date DEFAULT NULL COMMENT 'Joining Date,,,,,20,1',
  `SCHEDULE_ID` int(11) NOT NULL,
  `LINE_MANAGER_ID` int(11) DEFAULT '0',
  `SHIFT_ID` int(10) unsigned NOT NULL,
  `LOCATION_ID` int(10) unsigned NOT NULL DEFAULT '1',
  `ISAPPROVAL` int(1) DEFAULT NULL,
  `ISACTIVE` varchar(10) DEFAULT NULL COMMENT 'Active,y,Y,,,20,4',
  `EMPLOYEE_POLICY_ID` int(10) unsigned NOT NULL,
  `DAILY_RATE` decimal(10,2) DEFAULT NULL,
  `WAGES_RATE` decimal(10,2) NOT NULL DEFAULT '0.00',
  `OVERTIME_RATE` decimal(10,2) NOT NULL DEFAULT '0.00',
  `DRIVING_LIC` varchar(50) DEFAULT NULL,
  `PASSPORT_NO` varchar(50) DEFAULT NULL,
  `PASSPORT_ISSUE_DATE` date DEFAULT NULL,
  `PASSPORT_EXPIRE_DATE` date DEFAULT NULL,
  `TAX_ID` varchar(50) DEFAULT NULL,
  `RELIGION_ID` int(2) DEFAULT NULL,
  `BLOOD_GROUP_ID` varchar(5) DEFAULT NULL,
  `CELL_NO` varchar(50) DEFAULT NULL,
  `BANK_ACCOUNT_ID` varchar(45) DEFAULT NULL COMMENT 'Account Number,,Y,,,20,1',
  `EMERGENCY_PHONE_NO` varchar(50) DEFAULT NULL,
  `HOME_PHONE_NO` varchar(50) DEFAULT NULL,
  `PABX_NUMBER` varchar(50) DEFAULT NULL,
  `PABX_EXT` varchar(50) DEFAULT NULL,
  `DATE_OF_BIRTH` date DEFAULT NULL,
  `GANDER_ID` int(2) DEFAULT NULL,
  `MARITAL_STATUS_ID` int(2) DEFAULT NULL,
  `DATE_OF_MARRIAGE` date DEFAULT NULL,
  `PABAX_NO` varchar(50) DEFAULT NULL,
  `PICTURE` text,
  `NATIONAL_ID` varchar(255) DEFAULT NULL,
  `NATIONALITY_ID` int(2) DEFAULT NULL,
  `EMPLOYEE_LEVEL_ID` int(3) NOT NULL,
  `REFERENCE_INFO` varchar(255) DEFAULT NULL,
  `GRADE_ID` int(2) DEFAULT NULL COMMENT 'Grade,,,,,20,2',
  `MODIFY_BY` varchar(50) DEFAULT NULL COMMENT 'Modify By,,Y,,,20,',
  `CREATED_BY` varchar(50) DEFAULT NULL,
  `CREATED_DATE` datetime DEFAULT NULL,
  `MODIFY_DATE` datetime DEFAULT NULL,
  PRIMARY KEY (`EMPLOYEE_ID`),
  UNIQUE KEY `CARD_NO` (`CARD_NO`),
  KEY `DESIGNATION_ID` (`DESIGNATION_ID`),
  KEY `BRANCH_DEPT_ID` (`BRANCH_DEPT_ID`),
  KEY `DIVISION_ID` (`DIVISION_ID`),
  KEY `EMPLOYEE_TYPE_ID` (`EMPLOYEE_TYPE_ID`),
  KEY `RELIGION_ID` (`RELIGION_ID`),
  CONSTRAINT `employee_ibfk_1` FOREIGN KEY (`DESIGNATION_ID`) REFERENCES `designation` (`DESIGNATION_ID`) ON UPDATE NO ACTION,
  CONSTRAINT `employee_ibfk_2` FOREIGN KEY (`BRANCH_DEPT_ID`) REFERENCES `branch_dept` (`BRANCH_DEPT_ID`) ON UPDATE NO ACTION,
  CONSTRAINT `employee_ibfk_3` FOREIGN KEY (`DIVISION_ID`) REFERENCES `division` (`DIVISION_ID`) ON UPDATE NO ACTION,
  CONSTRAINT `employee_ibfk_4` FOREIGN KEY (`EMPLOYEE_TYPE_ID`) REFERENCES `employee_type` (`EMPLOYEE_TYPE_ID`) ON UPDATE NO ACTION
) ENGINE=InnoDB AUTO_INCREMENT=638 DEFAULT CHARSET=utf8;

-- ----------------------------
-- Records of employee
-- ----------------------------
INSERT INTO `employee` VALUES ('1', 'admin', 'admin', 'admin', 'admin', 'q', null, null, null, '1', null, null, '1', '2', null, null, null, null, null, null, '0', '1', '0', '1', null, 'Yes', '0', null, '0.00', '0.00', null, null, null, null, null, null, null, null, null, null, null, null, null, null, null, null, null, null, null, null, null, '0', null, null, '2013-05-30', null, null, null);
INSERT INTO `employee` VALUES ('2', '1995056', 'Md', 'Touhid', 'Islam', 'q', null, null, null, '1', null, null, '2', '2', null, null, null, null, null, null, '0', '4', '0', '1', null, 'Yes', '0', null, '0.00', '0.00', null, null, null, null, null, null, null, null, null, null, null, null, null, null, null, null, null, null, null, null, null, '0', null, null, '2013-07-07', 'admin', '2013-05-30 00:00:00', null);
INSERT INTO `employee` VALUES ('3', '2010457', 'Md.', 'Rajib', 'Islam', 'q', null, null, null, '1', null, null, '1', '2', null, null, null, null, null, null, '0', '4', '0', '1', null, 'Yes', '0', null, '0.00', '0.00', null, null, null, null, null, null, null, null, null, null, null, null, null, null, null, null, null, null, null, null, null, '0', null, null, '2013-05-30', 'admin', '2013-05-30 00:00:00', null);
INSERT INTO `employee` VALUES ('4', '2008091', 'Md.', 'Rakib', 'Islam', 'q', null, null, null, '4', null, null, '1', '2', null, null, null, null, '4204', null, '0', '5', '0', '1', null, 'Yes', '0', null, '0.00', '0.00', null, '424532', '2013-06-12', '2013-05-29', null, '2', null, '3783873', null, '4204', '873783', null, '440', '1988-02-05', '1', '1', null, '873783', null, '127486352', '1', '0', '873783', null, 'user_name', 'admin', '2013-05-30 00:00:00', '2013-06-01 10:49:39');
INSERT INTO `employee` VALUES ('5', '2011150', 'Shuvo', 'The P.', 'Master', 'q', null, null, null, '4', null, null, '2', '4', null, null, null, null, null, null, '0', '4', '0', '1', null, 'Yes', '0', null, '0.00', '0.00', null, null, null, null, null, null, null, null, null, null, null, null, null, null, null, null, null, null, null, null, null, '0', null, null, '2013-06-04', 'admin', '2013-05-30 00:00:00', null);
INSERT INTO `employee` VALUES ('6', '2009297', 'Eaktadiur', 'q', 'Rajib', 'q', null, null, null, '1', null, null, '1', '3', null, null, null, null, null, null, '0', '5', '0', '1', null, 'Yes', '0', null, '0.00', '0.00', null, null, null, null, null, null, null, null, null, null, null, null, null, null, null, null, null, null, null, null, null, '0', null, null, null, 'admin', '2013-06-01 00:00:00', null);
INSERT INTO `employee` VALUES ('7', '2010441', 'Rakib', 'Bul', 'Islam', 'q', null, null, null, '1', null, null, '2', '3', null, null, null, null, null, null, '0', '4', '0', '1', null, 'Yes', '0', null, '0.00', '0.00', null, null, null, null, null, null, null, null, null, null, null, null, null, null, null, null, null, null, null, null, null, '0', null, null, null, 'admin', '2013-06-01 00:00:00', null);
INSERT INTO `employee` VALUES ('8', '2011444', 'Rakib', 'Bul', 'Islam', 'q', null, null, null, '1', null, null, '2', '3', null, null, null, null, '', null, '0', '0', '0', '1', null, 'Yes', '0', null, '0.00', '0.00', null, '', '1970-01-01', '1970-01-01', null, '0', null, '', null, '', '', null, '', '1970-01-01', '0', '1', null, '', null, '', '0', '0', '', null, 'user_name', 'admin', '2013-06-01 00:00:00', '2013-06-03 12:22:52');
INSERT INTO `employee` VALUES ('9', '2010446', 'Rakib', 'Islam', 'Bul', 'q', null, null, null, '1', null, null, '2', '3', null, null, null, '2', null, null, '0', '4', '0', '1', null, 'Yes', '0', null, '0.00', '0.00', null, null, null, null, null, null, null, null, null, null, null, null, null, null, null, null, null, null, null, null, null, '0', null, null, '2013-06-05', 'admin', '2013-06-04 00:00:00', null);
INSERT INTO `employee` VALUES ('10', '1234562', 'MD', 'Shuvo', 'Pagla', 'q', null, null, null, '3', null, null, '4', '5', null, null, null, null, null, null, '0', '0', '0', '1', null, 'Yes', '0', null, '0.00', '0.00', null, null, null, null, null, null, null, null, null, null, null, null, null, null, null, null, null, null, null, null, null, '0', null, null, null, 'admin', '2013-06-16 00:00:00', null);
INSERT INTO `employee` VALUES ('11', '3', 'MD', 'Shuvo', 'Pagla', 'q', null, null, null, '3', null, null, '4', '5', null, null, null, null, null, null, '0', '0', '0', '1', null, 'Yes', '0', null, '0.00', '0.00', null, null, null, null, null, null, null, null, null, null, null, null, null, null, null, null, null, null, null, null, null, '0', null, null, null, 'admin', '2013-06-16 00:00:00', null);
INSERT INTO `employee` VALUES ('12', '1234564', 'MD', 'Shuvo', 'Pagla', 'q', null, null, null, '3', null, null, '4', '5', null, null, null, null, null, null, '0', '0', '0', '1', null, 'Yes', '0', null, '0.00', '0.00', null, null, null, null, null, null, null, null, null, null, null, null, null, null, null, null, null, null, null, null, null, '0', null, null, null, 'admin', '2013-06-16 00:00:00', null);
INSERT INTO `employee` VALUES ('13', '1234565', 'MD', 'Shuvo', 'Pagla', null, null, null, null, '3', null, null, '4', '5', null, null, null, null, null, null, '0', '0', '0', '1', null, 'Yes', '0', null, '0.00', '0.00', null, null, null, null, null, null, null, null, null, null, null, null, null, null, null, null, null, null, null, null, null, '0', null, null, null, 'admin', '2013-06-16 00:00:00', null);
INSERT INTO `employee` VALUES ('14', '1234566', 'MD', 'Shuvo', 'Pagla', null, null, null, null, '3', null, null, '4', '5', null, null, null, null, null, null, '0', '0', '0', '1', null, 'Yes', '0', null, '0.00', '0.00', null, null, null, null, null, null, null, null, null, null, null, null, null, null, null, null, null, null, null, null, null, '0', null, null, null, 'admin', '2013-06-16 00:00:00', null);
INSERT INTO `employee` VALUES ('15', '12345673', 'MD', 'Shuvo', 'Pagla', null, null, null, null, '3', null, null, '4', '5', null, null, null, null, null, null, '0', '0', '0', '1', null, 'Yes', '0', null, '0.00', '0.00', null, null, null, null, null, null, null, null, null, null, null, null, null, null, null, null, null, null, null, null, null, '0', null, null, null, 'admin', '2013-06-16 00:00:00', null);
INSERT INTO `employee` VALUES ('16', '1234567', 'MD', 'Shuvo', 'Pagla', null, null, null, null, '3', null, null, '4', '5', null, null, null, null, null, null, '0', '0', '0', '1', null, 'Yes', '0', null, '0.00', '0.00', null, null, null, null, null, null, null, null, null, null, null, null, null, null, null, null, null, null, null, null, null, '0', null, null, null, 'admin', '2013-06-16 00:00:00', null);
INSERT INTO `employee` VALUES ('17', '0123456', 'MD', 'CC', 'P', null, null, null, null, '4', null, null, '4', '5', null, null, null, null, null, null, '0', '0', '0', '1', null, 'Yes', '0', null, '0.00', '0.00', null, null, null, null, null, null, null, null, null, null, null, null, null, null, null, null, null, null, null, null, null, '0', null, null, null, 'admin', '2013-06-16 00:00:00', null);
INSERT INTO `employee` VALUES ('18', '01', 'MD', 'Rakib', 'Islam', null, null, null, null, '5', null, '2', '1', '3', null, null, null, null, null, null, '0', '19', '0', '1', null, 'Yes', '0', null, '0.00', '0.00', null, null, null, null, null, null, null, null, null, null, null, null, null, null, null, null, null, null, null, null, null, '0', null, null, '2013-07-30', 'admin', '2013-06-18 00:00:00', null);
INSERT INTO `employee` VALUES ('19', '02', 'MD', 'Rajibul', 'Islam', null, null, null, null, '7', null, '2', '1', '3', null, null, null, null, null, null, '0', '20', '0', '1', null, 'Yes', '0', null, '0.00', '0.00', null, null, null, null, null, null, null, null, null, null, null, null, null, null, null, null, null, null, null, null, null, '0', null, null, '2013-07-07', 'admin', '2013-06-18 00:00:00', null);
INSERT INTO `employee` VALUES ('20', '03', 'MD', 'Faruk', 'Ahammed', null, null, null, null, '4', null, '2', '1', '5', null, null, null, null, null, null, '0', '2', '0', '1', null, 'Yes', '0', null, '0.00', '0.00', null, null, null, null, null, null, null, null, null, null, null, null, null, null, null, null, null, null, null, null, null, '0', null, null, '2013-07-16', 'admin', '2013-06-18 00:00:00', null);
INSERT INTO `employee` VALUES ('21', '04', 'MD', 'Mahatabul', 'Ammin', null, null, null, null, '11', null, '2', '1', '5', '0', '0', null, null, null, null, '0', '19', '0', '1', null, 'Yes', '0', null, '0.00', '0.00', null, null, null, null, null, null, null, null, null, null, null, null, null, null, null, null, null, null, null, null, null, '0', null, null, '2013-09-08', 'admin', '2013-06-18 00:00:00', null);
INSERT INTO `employee` VALUES ('22', '05', 'MD', 'Asraf', 'Uddin', null, null, null, null, '3', null, null, '3', '4', null, null, null, null, null, null, '0', '0', '0', '1', null, 'Yes', '0', null, '0.00', '0.00', null, null, null, null, null, null, null, null, null, null, null, null, null, null, null, null, null, null, null, null, null, '0', null, null, '2013-06-18', 'admin', '2013-06-18 00:00:00', null);
INSERT INTO `employee` VALUES ('23', '11111', '111', '111', '111', null, null, null, null, '8', null, '1', '3', '3', null, null, null, null, null, null, '0', '4', '0', '1', null, 'Yes', '0', null, '0.00', '0.00', null, null, null, null, null, null, null, null, null, null, null, null, null, null, null, null, null, null, null, null, null, '0', null, null, '2013-07-07', 'admin', '2013-06-19 00:00:00', null);
INSERT INTO `employee` VALUES ('24', '222', '22', '22', '22', null, null, null, null, '1', null, null, '4', '3', null, null, null, null, null, null, '0', '0', '0', '1', null, '', '0', null, '0.00', '0.00', null, null, null, null, null, null, null, null, null, null, null, null, null, null, null, null, null, null, null, null, null, '0', null, null, null, 'admin', '2013-06-19 00:00:00', null);
INSERT INTO `employee` VALUES ('25', '3333', '33', '33', '333', null, null, null, null, '1', null, null, '4', '5', null, null, null, null, null, null, '0', '0', '0', '1', null, 'Yes', '0', null, '0.00', '0.00', null, null, null, null, null, null, null, null, null, null, null, null, null, null, null, null, null, null, null, null, null, '0', null, null, null, 'admin', '2013-06-19 00:00:00', null);
INSERT INTO `employee` VALUES ('26', '2010449', 'Mr', 'Jonh', 'Smith', null, null, null, null, '7', null, null, '1', '3', null, null, null, null, null, null, '0', '4', '0', '1', null, 'Yes', '0', null, '0.00', '0.00', null, null, null, null, null, null, null, null, null, null, null, null, null, null, null, null, null, null, null, null, null, '0', null, null, null, 'admin', '2013-06-27 00:00:00', null);
INSERT INTO `employee` VALUES ('27', '2010450', 'Md', 'Jaman', 'Khan', null, null, null, null, '7', null, null, '4', '3', null, null, null, null, null, null, '0', '4', '0', '1', null, 'Yes', '0', null, '0.00', '0.00', null, null, null, null, null, null, null, null, null, null, null, null, null, null, null, null, null, null, null, null, null, '0', null, null, '2013-07-01', 'admin', '2013-06-27 00:00:00', null);
INSERT INTO `employee` VALUES ('28', '2010451', 'k', 'Toihid', 'Islam', null, null, null, null, '7', null, null, '2', '3', null, null, null, null, null, null, '0', '4', '0', '1', null, 'Yes', '0', null, '0.00', '0.00', null, null, null, null, null, null, null, null, null, null, null, null, null, null, null, null, null, null, null, null, null, '0', null, null, '2013-07-01', 'admin', '2013-07-01 00:00:00', null);
INSERT INTO `employee` VALUES ('29', '2010460', 'k', 't', 'i', null, null, null, null, '8', null, null, '2', '3', null, null, null, null, null, null, '0', '4', '0', '1', null, 'Yes', '0', null, '0.00', '0.00', null, null, null, null, null, null, null, null, null, null, null, null, null, null, null, null, null, null, null, null, null, '0', null, null, '2013-07-02', 'admin', '2013-07-01 00:00:00', null);
INSERT INTO `employee` VALUES ('600', '600', 'Repair', 'First ', 'employee', null, '', '', '', '1', null, null, '1', '3', null, null, '', null, '', '0000-00-00', '0', '601', '0', '1', null, '', '0', null, '0.00', '0.00', '', '', '0000-00-00', '0000-00-00', '', null, '', '', '', '', '', '', '', '0000-00-00', null, null, '0000-00-00', '', null, '', null, '0', '', null, '', '', '0000-00-00 00:00:00', '0000-00-00 00:00:00');
INSERT INTO `employee` VALUES ('601', '601', 'Repair', 'Second', 'employee', null, '', '', '', '3', null, null, '1', '3', null, null, '', null, '', '0000-00-00', '0', '602', '0', '1', null, '', '0', null, '0.00', '0.00', '', '', '0000-00-00', '0000-00-00', '', null, '', '', '', '', '', '', '', '0000-00-00', null, null, '0000-00-00', '', null, '', null, '0', '', null, '', '', '0000-00-00 00:00:00', '0000-00-00 00:00:00');
INSERT INTO `employee` VALUES ('602', '602', 'Repair ', 'employee', 'Head', null, '', '', '', '4', null, null, '1', '3', null, null, '', null, '', '0000-00-00', '0', '0', '0', '1', null, '', '0', null, '0.00', '0.00', '', '', '0000-00-00', '0000-00-00', '', null, '', '', '', '', '', '', '', '0000-00-00', null, null, '0000-00-00', '', null, '', null, '0', '', null, '', '', '0000-00-00 00:00:00', '0000-00-00 00:00:00');
INSERT INTO `employee` VALUES ('603', '603', 'Repair', 'Department', 'Officer1', null, '', '', '', '9', null, null, '1', '3', null, null, '', null, '', '0000-00-00', '0', '0', '0', '1', null, '', '0', null, '0.00', '0.00', '', '', '0000-00-00', '0000-00-00', '', null, '', '', '', '', '', '', '', '0000-00-00', null, null, '0000-00-00', '', null, '', null, '0', '', null, '', '', '0000-00-00 00:00:00', '0000-00-00 00:00:00');
INSERT INTO `employee` VALUES ('604', '604', 'Repair', 'Department', 'Officer2', null, '', '', '', '9', null, null, '1', '3', null, null, '', null, '', '0000-00-00', '0', '0', '0', '1', null, '', '0', null, '0.00', '0.00', '', '', '0000-00-00', '0000-00-00', '', null, '', '', '', '', '', '', '', '0000-00-00', null, null, '0000-00-00', '', null, '', null, '0', '', null, '', '', '0000-00-00 00:00:00', '0000-00-00 00:00:00');
INSERT INTO `employee` VALUES ('605', '605', 'Repair', 'Department', 'Head', null, '', '', '', '4', null, null, '1', '3', null, null, '', null, '', '0000-00-00', '0', '0', '0', '1', null, '', '0', null, '0.00', '0.00', '', '', '0000-00-00', '0000-00-00', '', null, '', '', '', '', '', '', '', '0000-00-00', null, null, '0000-00-00', '', null, '', null, '0', '', null, '', '', '0000-00-00 00:00:00', '0000-00-00 00:00:00');
INSERT INTO `employee` VALUES ('606', '000311', 'MD', 'Rakib', 'Islam', null, null, null, null, '4', null, null, '2', '2', null, null, null, null, '', null, '0', '0', '0', '1', null, 'Yes', '0', null, '0.00', '0.00', null, '', '1970-01-01', '1970-01-01', null, '0', null, '', null, '', '', null, '', '1970-01-01', '0', '1', null, '', null, '', '1', '0', '', null, 'user_name', 'admin', '2013-07-07 00:00:00', '2013-07-07 10:50:16');
INSERT INTO `employee` VALUES ('607', '0008', 'Md.', 'Faruk', 'Ahmed', null, null, null, null, '4', null, '1', '3', '4', null, null, null, null, 'wdwd', null, '0', '18', '0', '1', null, 'Yes', '0', null, '0.00', '0.00', null, '0009', '1970-01-01', '1970-01-01', null, '2', null, 'edfewd', null, 'eqwd', 'wdd', null, 'wdw', '1970-01-01', '1', '3', null, 'wdwd', null, 'dwdwd', '1', '0', 'dwdwed', null, '2013-07-09', 'admin', '2013-07-07 00:00:00', '2013-07-07 15:05:25');
INSERT INTO `employee` VALUES ('608', '0011', 'md', 'Shuvo', 'Talukdar', null, null, null, null, '3', null, '1', '3', '4', null, null, null, null, null, null, '0', '0', '0', '1', null, 'Yes', '0', null, '0.00', '0.00', null, null, null, null, null, null, null, null, null, null, null, null, null, null, null, null, null, null, null, null, null, '0', null, null, null, 'admin', '2013-07-09 00:00:00', null);
INSERT INTO `employee` VALUES ('609', '0022', 'md', 'rajib', 'islam', null, null, null, null, '1', null, '1', '3', '4', null, null, null, null, null, null, '0', '0', '0', '1', null, 'Yes', '0', null, '0.00', '0.00', null, null, null, null, null, null, null, null, null, null, null, null, null, null, null, null, null, null, null, null, null, '0', null, null, null, 'admin', '2013-07-09 00:00:00', null);
INSERT INTO `employee` VALUES ('610', 'D01', 'D user', 'gbgfb', 'gbg', null, null, null, null, '3', null, '2', '1', '3', null, null, null, null, null, null, '0', '0', '0', '1', null, 'Yes', '0', null, '0.00', '0.00', null, null, null, null, null, null, null, null, null, null, null, null, null, null, null, null, null, null, null, null, null, '0', null, null, null, 'admin', '2013-07-10 00:00:00', null);
INSERT INTO `employee` VALUES ('611', 'D02', 'Dofficer', 'tghb', 'thg', null, null, null, null, '7', null, '2', '1', '3', null, null, null, null, null, null, '0', '0', '0', '1', null, 'Yes', '0', null, '0.00', '0.00', null, null, null, null, null, null, null, null, null, null, null, null, null, null, null, null, null, null, null, null, null, '0', null, null, null, 'admin', '2013-07-10 00:00:00', null);
INSERT INTO `employee` VALUES ('612', 'D03', 'D user 02', 'hth', 'htht', null, null, null, null, '7', null, '1', '3', '5', null, null, null, null, null, null, '0', '0', '0', '1', null, 'Yes', '0', null, '0.00', '0.00', null, null, null, null, null, null, null, null, null, null, null, null, null, null, null, null, null, null, null, null, null, '0', null, null, null, 'admin', '2013-07-10 00:00:00', null);
INSERT INTO `employee` VALUES ('613', 'D04', 'D user 02', 'jngfnh', 'xgtfnfg', null, null, null, null, '3', null, '1', '3', '5', null, null, null, null, null, null, '0', '0', '0', '1', null, 'Yes', '0', null, '0.00', '0.00', null, null, null, null, null, null, null, null, null, null, null, null, null, null, null, null, null, null, null, null, null, '0', null, null, null, 'admin', '2013-07-10 00:00:00', null);
INSERT INTO `employee` VALUES ('614', 'fmd', 'fmd', '', 'fmd', null, null, null, null, '1', null, '2', '2', '3', null, null, null, null, null, null, '0', '0', '0', '1', null, 'Yes', '0', null, '0.00', '0.00', null, null, null, null, null, null, null, null, null, null, null, null, null, null, null, null, null, null, null, null, null, '0', null, null, null, 'admin', '2013-07-10 00:00:00', null);
INSERT INTO `employee` VALUES ('615', 'civil', 'civil', '', 'civil', null, null, null, null, '4', null, '2', '2', '4', null, null, null, null, null, null, '0', '0', '0', '1', null, 'Yes', '0', null, '0.00', '0.00', null, null, null, null, null, null, null, null, null, null, null, null, null, null, null, null, null, null, null, null, null, '0', null, null, null, 'admin', '2013-07-10 00:00:00', null);
INSERT INTO `employee` VALUES ('616', '77', 'md', 'Hazi', 'kamal', null, null, null, null, '10', null, '2', '1', '5', null, null, null, null, null, null, '0', '617', '0', '1', null, 'Yes', '0', null, '0.00', '0.00', null, null, null, null, null, null, null, null, null, null, null, null, null, null, null, null, null, null, null, null, null, '0', null, null, null, 'admin', '2013-07-14 00:00:00', null);
INSERT INTO `employee` VALUES ('617', '78', 'rajib', '', 'sajib', null, null, null, null, '4', null, '2', '1', '5', null, null, null, null, null, null, '0', '0', '0', '1', null, 'Yes', '0', null, '0.00', '0.00', null, null, null, null, null, null, null, null, null, null, null, null, null, null, null, null, null, null, null, null, null, '0', null, null, '2013-07-14', 'admin', '2013-07-14 00:00:00', null);
INSERT INTO `employee` VALUES ('618', '79', 'Rajib', '', 'Sajib', null, null, null, null, '10', null, '2', '1', '2', null, null, null, null, null, null, '0', '0', '0', '1', null, 'Yes', '0', null, '0.00', '0.00', null, null, null, null, null, null, null, null, null, null, null, null, null, null, null, null, null, null, null, null, null, '0', null, null, null, 'admin', '2013-07-14 00:00:00', null);
INSERT INTO `employee` VALUES ('619', 'dmd', 'dmd', '', 'dmd', null, null, null, null, '3', null, '2', '2', '2', null, null, null, null, null, null, '0', '0', '0', '1', null, 'Yes', '0', null, '0.00', '0.00', null, null, null, null, null, null, null, null, null, null, null, null, null, null, null, null, null, null, null, null, null, '0', null, null, null, 'fmd', '2013-07-15 00:00:00', null);
INSERT INTO `employee` VALUES ('620', 're01', 're01', '', 're01', null, null, null, null, '9', null, '2', '2', '5', null, null, null, null, null, null, '0', '621', '0', '1', null, 'Yes', '0', null, '0.00', '0.00', null, null, null, null, null, null, null, null, null, null, null, null, null, null, null, null, null, null, null, null, null, '0', null, null, null, '02', '2013-07-16 00:00:00', null);
INSERT INTO `employee` VALUES ('621', 're02', 're02', '', 're02', null, null, null, null, '4', null, '2', '2', '3', null, null, null, null, null, null, '0', '0', '0', '1', null, 'Yes', '0', null, '0.00', '0.00', null, null, null, null, null, null, null, null, null, null, null, null, null, null, null, null, null, null, null, null, null, '0', null, null, null, '02', '2013-07-16 00:00:00', null);
INSERT INTO `employee` VALUES ('622', '100', 'Md', 'Rakib', 'Islam', null, null, null, null, '10', null, '2', '1', '5', null, null, null, null, null, null, '0', '0', '0', '1', null, 'Yes', '0', null, '0.00', '0.00', null, null, null, null, null, null, null, null, null, null, null, null, null, null, null, null, null, null, null, null, null, '0', null, null, null, 'admin', '2013-07-16 00:00:00', null);
INSERT INTO `employee` VALUES ('623', '06', 'Rajib', '', 'Isalm', null, null, null, null, '10', null, '1', '3', '2', null, null, null, null, null, null, '0', '0', '0', '1', null, 'Yes', '0', null, '0.00', '0.00', null, null, null, null, null, null, null, null, null, null, null, null, null, null, null, null, null, null, null, null, null, '0', null, null, null, '04', '2013-09-10 00:00:00', null);
INSERT INTO `employee` VALUES ('624', '08', '08', '08', '08', null, null, null, null, '11', '32', '2', '1', '4', null, null, null, null, null, null, '0', '0', '0', '1', null, 'Yes', '0', null, '0.00', '0.00', null, null, null, null, null, null, null, null, null, null, null, null, null, null, null, null, null, null, null, null, null, '0', null, null, null, '05', '2013-09-19 00:00:00', null);
INSERT INTO `employee` VALUES ('625', '07', '07', '07', '07', null, null, null, null, '9', '61', '1', '3', '3', null, null, null, null, null, null, '0', '0', '0', '1', null, 'Yes', '0', null, '0.00', '0.00', null, null, null, null, null, null, null, null, null, null, null, null, null, null, null, null, null, null, null, null, null, '0', null, null, null, '05', '2013-09-23 00:00:00', null);
INSERT INTO `employee` VALUES ('626', '10', 'Muktadiur', '', 'Rahman', null, null, null, null, '8', '0', '2', '1', '4', null, null, null, null, null, null, '0', '0', '0', '1', null, 'Yes', '0', null, '0.00', '0.00', null, null, null, null, null, null, null, null, null, null, null, null, null, null, null, null, null, null, null, null, null, '0', null, null, '2013-09-29', '04', '2013-09-24 00:00:00', null);
INSERT INTO `employee` VALUES ('627', '11', '11', '11', '11', null, null, null, null, '9', '47', '2', '2', '4', null, null, null, null, null, null, '0', '0', '0', '1', null, 'Yes', '0', null, '0.00', '0.00', null, null, null, null, null, null, null, null, null, null, null, null, null, null, null, null, null, null, null, null, null, '0', null, null, null, '04', '2013-09-24 00:00:00', null);
INSERT INTO `employee` VALUES ('628', '12', '12', '12', '12', null, null, null, null, '8', '20', '2', '2', '4', null, null, null, null, null, null, '0', '0', '0', '1', null, 'Yes', '0', null, '0.00', '0.00', null, null, null, null, null, null, null, null, null, null, null, null, null, null, null, null, null, null, null, null, null, '0', null, null, null, '03', '2013-09-24 00:00:00', null);
INSERT INTO `employee` VALUES ('629', '13', 'Eaktadiur', '', 'Rajib', null, null, null, null, '1', '0', '2', '1', '3', null, null, null, null, null, null, '0', '0', '0', '1', null, 'Yes', '0', null, '0.00', '0.00', null, null, null, null, null, null, null, null, null, null, null, null, null, null, null, null, null, null, null, null, null, '0', null, null, '2013-09-29', '03', '2013-09-28 00:00:00', null);
INSERT INTO `employee` VALUES ('630', '14', '14', '14', '14', null, null, null, null, '8', '21', '2', '2', '2', null, null, null, null, null, null, '0', '0', '0', '1', null, 'Yes', '0', null, '0.00', '0.00', null, null, null, null, null, null, null, null, null, null, null, null, null, null, null, null, null, null, null, null, null, '0', null, null, null, '03', '2013-09-28 00:00:00', null);
INSERT INTO `employee` VALUES ('631', '15', '15', '15', '15', null, null, null, null, '11', '32', '2', '4', '2', null, null, null, null, null, null, '0', '0', '0', '1', null, 'Yes', '0', null, '0.00', '0.00', null, null, null, null, null, null, null, null, null, null, null, null, null, null, null, null, null, null, null, null, null, '0', null, null, null, '03', '2013-09-28 00:00:00', null);
INSERT INTO `employee` VALUES ('632', '16', '16', '16', '16', null, null, null, null, '1', '47', '2', '4', '2', null, null, null, null, null, null, '0', '0', '0', '1', null, 'Yes', '0', null, '0.00', '0.00', null, null, null, null, null, null, null, null, null, null, null, null, null, null, null, null, null, null, null, null, null, '0', null, null, null, '03', '2013-09-28 00:00:00', null);
INSERT INTO `employee` VALUES ('633', '17', '17', '17', '17', null, null, null, null, '4', '65', '2', '4', '2', null, null, null, null, null, null, '0', '0', '0', '1', null, 'Yes', '0', null, '0.00', '0.00', null, null, null, null, null, null, null, null, null, null, null, null, null, null, null, null, null, null, null, null, null, '0', null, null, null, '03', '2013-09-28 00:00:00', null);
INSERT INTO `employee` VALUES ('634', 'gad', 'Asif', '', 'Islam', null, null, null, null, '11', '61', '2', '1', '4', '0', '0', null, null, null, null, '0', '630', '0', '1', null, 'Yes', '0', null, '0.00', '0.00', null, null, null, null, null, null, null, null, null, null, null, null, null, null, null, null, null, null, null, null, null, '0', null, null, null, '01', '2013-10-22 00:00:00', null);
INSERT INTO `employee` VALUES ('635', '22', '22', '22', '22', null, null, null, null, '8', '61', '1', '3', '3', null, null, null, null, null, null, '0', '0', '0', '1', null, 'Yes', '0', null, '0.00', '0.00', null, null, null, null, null, null, null, null, null, null, null, null, null, null, null, null, null, null, null, null, null, '0', null, null, null, '02', '2013-10-24 00:00:00', null);
INSERT INTO `employee` VALUES ('636', '23', '23', '23', '23', null, null, null, null, '8', '65', '2', '2', '5', null, null, null, null, null, null, '0', '0', '0', '1', null, 'Yes', '0', null, '0.00', '0.00', null, null, null, null, null, null, null, null, null, null, null, null, null, null, null, null, null, null, null, null, null, '0', null, null, null, '02', '2013-10-24 00:00:00', null);
INSERT INTO `employee` VALUES ('637', '24', '24', '24', '24', null, null, null, null, '11', '50', '2', '2', '3', null, null, null, null, null, null, '0', '0', '0', '1', null, 'Yes', '0', null, '0.00', '0.00', null, null, null, null, null, null, null, null, null, null, null, null, null, null, null, null, null, null, null, null, null, '0', null, null, null, '23', '2013-10-24 00:00:00', null);

-- ----------------------------
-- Table structure for `employee_address`
-- ----------------------------
DROP TABLE IF EXISTS `employee_address`;
CREATE TABLE `employee_address` (
  `EMPLOYEE_ADDRESS_ID` int(11) NOT NULL,
  `EMPLOYEE_ID` int(11) NOT NULL,
  `PRESENT_ADDRESS1` varchar(256) DEFAULT NULL,
  `PRESENT_ADDRESS2` varchar(256) DEFAULT NULL,
  `PRESENT_THANA_ID` int(11) DEFAULT NULL,
  `PRESENT_POSTAL_CODE` int(20) DEFAULT NULL,
  `PERMANENT_ADDRESS1` varchar(256) DEFAULT NULL,
  `PERMANENT_ADDRESS2` varchar(256) DEFAULT NULL,
  `PERMANENT_THANA_ID` int(11) DEFAULT NULL,
  `PERMANENT_POSTAL_CODE` int(20) DEFAULT NULL,
  `CREATED_BY` varchar(50) CHARACTER SET utf8 DEFAULT NULL,
  `CREATED_DATE` datetime DEFAULT NULL,
  `MODIFY_BY` varchar(50) CHARACTER SET utf8 DEFAULT NULL,
  `MODIFY_DATE` datetime DEFAULT NULL,
  PRIMARY KEY (`EMPLOYEE_ADDRESS_ID`),
  KEY `EMPLOYEE_ID` (`EMPLOYEE_ID`),
  CONSTRAINT `employee_address_ibfk_1` FOREIGN KEY (`EMPLOYEE_ID`) REFERENCES `employee` (`EMPLOYEE_ID`) ON UPDATE NO ACTION
) ENGINE=InnoDB DEFAULT CHARSET=latin1;

-- ----------------------------
-- Records of employee_address
-- ----------------------------
INSERT INTO `employee_address` VALUES ('1', '4', ' 421121212', '121212', '1', '5513', ' 5454231', '35413212', '2', '416', '1', '2013-06-01 10:58:03', null, null);
INSERT INTO `employee_address` VALUES ('2', '8', ' 11', '', '0', '0', ' ', '', '0', '0', '1', '2013-06-03 12:20:07', null, null);
INSERT INTO `employee_address` VALUES ('3', '607', ' dfdszfv', 'dvdfsgdsg', '1', '0', ' dgdsg', 'dsgdsg', '1', '0', '1', '2013-07-07 15:01:00', null, null);

-- ----------------------------
-- Table structure for `employee_bank_account_info`
-- ----------------------------
DROP TABLE IF EXISTS `employee_bank_account_info`;
CREATE TABLE `employee_bank_account_info` (
  `EMPLOYEE_BANK_ACCOUNT_INFO_ID` int(11) NOT NULL,
  `EMPLOYEE_ID` int(11) DEFAULT NULL,
  `ACCOUNT_NUMBER` varchar(100) DEFAULT NULL,
  `ACCOUNT_TYPE_ID` int(11) DEFAULT NULL,
  `BRANCH_ID` int(11) DEFAULT NULL,
  `CREATED_BY` varchar(50) CHARACTER SET utf8 DEFAULT NULL,
  `CREATED_DATE` datetime DEFAULT NULL,
  `MODIFY_BY` varchar(50) CHARACTER SET utf8 DEFAULT NULL,
  `MODIFY_DATE` datetime DEFAULT NULL,
  PRIMARY KEY (`EMPLOYEE_BANK_ACCOUNT_INFO_ID`),
  KEY `EMPLOYEE_ID` (`EMPLOYEE_ID`),
  CONSTRAINT `employee_bank_account_info_ibfk_1` FOREIGN KEY (`EMPLOYEE_ID`) REFERENCES `employee` (`EMPLOYEE_ID`) ON UPDATE NO ACTION
) ENGINE=InnoDB DEFAULT CHARSET=latin1;

-- ----------------------------
-- Records of employee_bank_account_info
-- ----------------------------
INSERT INTO `employee_bank_account_info` VALUES ('1', '4', '365453435132', '1', '1', '1', '2013-06-01 10:56:56', null, null);
INSERT INTO `employee_bank_account_info` VALUES ('2', '8', '111', '0', '0', '1', '2013-06-03 12:23:43', null, null);
INSERT INTO `employee_bank_account_info` VALUES ('3', '606', 'fbfcbc', '1', '2', '1', '2013-07-07 10:50:29', null, null);
INSERT INTO `employee_bank_account_info` VALUES ('4', '607', '22222', '1', '2', '1', '2013-07-07 15:00:32', '1', '2013-07-07 15:00:45');
INSERT INTO `employee_bank_account_info` VALUES ('5', '29', '', '1', '0', '1', '2013-07-07 17:19:48', null, null);

-- ----------------------------
-- Table structure for `employee_office_info`
-- ----------------------------
DROP TABLE IF EXISTS `employee_office_info`;
CREATE TABLE `employee_office_info` (
  `EMPLOYEE_OFFICE_INFO_ID` int(11) NOT NULL,
  `EMPLOYEE_ID` int(11) DEFAULT NULL,
  `EMPLOYEE_TYPE_ID` int(11) DEFAULT NULL,
  `SUPPLIER_ID` int(11) DEFAULT NULL,
  `SUPERVISOR_ID` int(11) DEFAULT NULL,
  `JOB` varchar(256) DEFAULT NULL,
  `SALARY` int(20) NOT NULL,
  `GRADE_ID` int(11) DEFAULT NULL,
  `OFFICE_TYPE_ID` int(11) DEFAULT NULL,
  `OFFICE_PHONE_NO` varchar(50) DEFAULT NULL,
  `JOINING_DATE` date DEFAULT NULL,
  `ASSIGNMENT_CATEGORY_ID` int(11) DEFAULT NULL,
  `HANDICAP_INFO` varchar(256) DEFAULT NULL,
  `OFFICE_EMAIL` varchar(50) DEFAULT NULL,
  `RETIREMENT_DATE` date DEFAULT NULL,
  `LOCATION` varchar(256) DEFAULT NULL,
  `MOBILE_BILL` decimal(20,2) DEFAULT NULL,
  `INTERNET_BILL` decimal(20,2) DEFAULT NULL,
  `OTHERS_BILL` decimal(20,2) DEFAULT NULL,
  `CREATED_BY` varchar(50) CHARACTER SET utf8 DEFAULT NULL,
  `CREATED_DATE` datetime DEFAULT NULL,
  `MODIFY_BY` varchar(50) CHARACTER SET utf8 DEFAULT NULL,
  `MODIFY_DATE` datetime DEFAULT NULL,
  PRIMARY KEY (`EMPLOYEE_OFFICE_INFO_ID`)
) ENGINE=InnoDB DEFAULT CHARSET=latin1;

-- ----------------------------
-- Records of employee_office_info
-- ----------------------------
INSERT INTO `employee_office_info` VALUES ('1', '21', '1', '0', null, '', '0', '3', '0', '', '1970-01-01', '0', '', '', '1970-01-01', ' Loc-Dhaka  ', '0.00', '0.00', '0.00', '1', '2013-05-30 17:00:18', '', '2013-09-18 14:28:04');
INSERT INTO `employee_office_info` VALUES ('2', '3', '1', '1', null, '', '0', '3', '1', '', '1970-01-01', '0', '', '', '1970-01-01', '', null, null, null, '1', '2013-05-30 17:04:10', null, null);
INSERT INTO `employee_office_info` VALUES ('3', '4', '1', '1', null, 'hjvgjh', '0', '3', '2', '3743', '1970-01-01', '1', '783783', '837743', '1970-01-01', '873783', null, null, null, '1', '2013-05-30 17:54:19', 'user_name', '2013-06-01 11:11:13');
INSERT INTO `employee_office_info` VALUES ('4', '5', '2', '44', null, '', '50000', '0', '1', '0119109762391', '1970-01-01', '1', '123', 'info@9', '1970-01-01', 'Dhaka9', null, null, null, '1', '2013-06-01 10:55:54', 'user_name', '2013-06-04 11:29:04');
INSERT INTO `employee_office_info` VALUES ('5', '6', '1', '0', null, '', '0', '0', '1', '', '1970-01-01', '1', 'q', '', '1970-01-01', 'q', null, null, null, '1', '2013-06-01 12:54:37', 'user_name', '2013-06-04 11:23:06');
INSERT INTO `employee_office_info` VALUES ('6', '7', '1', '1', null, 'job', '0', '4', '1', '017', '1970-01-01', '1', 'ha', 'eaktadiur@gmail.com', '1970-01-01', '  lo', null, null, null, '1', '2013-06-01 17:43:50', 'user_name', '2013-06-01 17:45:09');
INSERT INTO `employee_office_info` VALUES ('7', '8', '1', '0', null, '', '0', '0', '0', '', '0000-00-00', '0', '', '', '0000-00-00', ' ', null, null, null, '1', '2013-06-03 12:23:23', null, null);
INSERT INTO `employee_office_info` VALUES ('8', '2', '0', '2', null, '', '50000', '0', '0', '', '1970-01-01', '0', '', '', '1970-01-01', 'Banani', null, null, null, '1', '2013-06-04 10:58:06', 'user_name', '2013-06-23 17:30:48');
INSERT INTO `employee_office_info` VALUES ('9', '9', '0', '55', null, '', '10000', '0', '0', '', '1970-01-01', '0', '', '', '1970-01-01', '', null, null, null, '1', '2013-06-05 12:19:15', 'user_name', '2013-06-15 05:51:50');
INSERT INTO `employee_office_info` VALUES ('10', '18', '0', '0', null, '', '0', '0', '0', '', '1969-12-31', '0', '', '', '1969-12-31', '', null, null, null, '1', '2013-06-18 02:02:02', null, null);
INSERT INTO `employee_office_info` VALUES ('11', '19', '0', '0', null, '', '0', '0', '0', '', '1969-12-31', '0', '', '', '1969-12-31', '', null, null, null, '1', '2013-06-18 02:03:41', null, null);
INSERT INTO `employee_office_info` VALUES ('12', '20', '1', '0', null, '', '0', '0', '0', '', '1969-12-31', '0', '', '', '1969-12-31', '', '0.00', '0.00', '0.00', '1', '2013-06-18 04:00:01', '', '2013-07-16 13:30:04');
INSERT INTO `employee_office_info` VALUES ('13', '27', '1', '0', null, '', '0', '0', '0', '1191097625 ', '1970-01-01', '1', '001', 'info@9', '1970-01-01', 'Dhaka', '2000.00', '1000.00', '1500.00', '1', '2013-06-30 17:34:12', '', '2013-07-11 22:27:54');
INSERT INTO `employee_office_info` VALUES ('14', '606', '1', '0', null, '', '0', '0', '1', '', '1970-01-01', '0', '', '', '1970-01-01', '', '0.00', '0.00', '0.00', '1', '2013-07-07 10:49:57', '', '2013-07-07 10:50:06');
INSERT INTO `employee_office_info` VALUES ('15', '607', '1', '0', null, 'dvsdv', '0', '3', '0', '01727211792', '1970-01-01', '1', 'vcsdv', 'dvsdv', '1970-01-01', 'dvs', '2000.00', '50.00', '100.00', '1', '2013-07-07 14:43:33', '', '2013-07-11 15:47:32');
INSERT INTO `employee_office_info` VALUES ('16', '22', '1', '0', null, '', '0', '0', '0', '', '1970-01-01', '0', '', '', '1970-01-01', '', '1000.00', '1500.00', '2000.00', '1', '2013-07-07 14:56:18', null, null);
INSERT INTO `employee_office_info` VALUES ('17', '29', '1', '0', null, '', '0', '0', '0', '01191097622 ', '1970-01-01', '0', '', '', '1970-01-01', '', '2000.00', '0.00', '0.00', '1', '2013-07-07 17:20:02', '', '2013-07-11 13:20:32');
INSERT INTO `employee_office_info` VALUES ('18', '28', '0', '0', null, '', '0', '0', '0', '1191097624', '0000-00-00', '0', '', '', '0000-00-00', '', '5000.00', '0.00', '0.00', '1', '2013-07-11 13:24:08', '', '2013-07-11 22:38:19');
INSERT INTO `employee_office_info` VALUES ('19', '23', '0', '0', null, '', '0', '0', '0', '01191097621', '0000-00-00', '0', '', '', '0000-00-00', '', '1000.00', '0.00', '0.00', '1', '2013-07-11 13:25:14', null, null);
INSERT INTO `employee_office_info` VALUES ('20', '26', '0', '0', null, '', '0', '0', '0', '1727211792 ', '0000-00-00', '0', '', '', '0000-00-00', '', '2000.00', '0.00', '0.00', '1', '2013-07-11 22:39:20', null, null);
INSERT INTO `employee_office_info` VALUES ('21', '616', '1', '0', null, '', '0', '0', '0', '', '0000-00-00', '0', '', '', '0000-00-00', '', '0.00', '0.00', '0.00', '1', '2013-07-14 14:46:45', null, null);
INSERT INTO `employee_office_info` VALUES ('22', '620', '1', '0', null, '', '0', '0', '0', '', '0000-00-00', '0', '', '', '0000-00-00', '', '0.00', '0.00', '0.00', '19', '2013-07-16 14:02:51', null, null);
INSERT INTO `employee_office_info` VALUES ('23', '623', '0', '0', null, '', '0', '0', '0', '', '0000-00-00', '0', '', '', '0000-00-00', '', '0.00', '0.00', '0.00', '1', '2013-07-20 12:12:24', '', '2013-07-20 12:13:04');
INSERT INTO `employee_office_info` VALUES ('24', '624', '0', '0', null, '', '0', '0', '0', '', '0000-00-00', '0', '', '', '0000-00-00', '', '0.00', '0.00', '0.00', '1', '2013-07-22 10:41:17', null, null);
INSERT INTO `employee_office_info` VALUES ('25', '625', '0', '0', null, '', '0', '0', '0', '', '0000-00-00', '0', '', '', '0000-00-00', '', '0.00', '0.00', '0.00', '1', '2013-07-22 15:16:10', null, null);
INSERT INTO `employee_office_info` VALUES ('26', '628', '0', '0', null, '', '0', '0', '0', '', '0000-00-00', '0', '', '', '0000-00-00', '', '0.00', '0.00', '0.00', '1', '2013-07-23 12:02:33', null, null);
INSERT INTO `employee_office_info` VALUES ('27', '629', '0', '0', null, '', '0', '0', '0', '', '0000-00-00', '0', '', '', '0000-00-00', '', '0.00', '0.00', '0.00', '1', '2013-07-23 12:03:41', null, null);
INSERT INTO `employee_office_info` VALUES ('28', '634', '0', '0', null, '', '0', '0', '0', '', '0000-00-00', '0', '', '', '0000-00-00', '', '0.00', '0.00', '0.00', '', '2013-10-22 10:32:06', null, null);

-- ----------------------------
-- Table structure for `employee_type`
-- ----------------------------
DROP TABLE IF EXISTS `employee_type`;
CREATE TABLE `employee_type` (
  `EMPLOYEE_TYPE_ID` int(10) NOT NULL,
  `EMPLOYEE_TYPE_NAME` varchar(32) DEFAULT NULL,
  `CREATED_BY` varchar(50) DEFAULT NULL,
  `CREATED_DATE` datetime DEFAULT NULL,
  `MODIFY_BY` varchar(50) DEFAULT NULL,
  `MODIFY_DATE` datetime DEFAULT NULL,
  PRIMARY KEY (`EMPLOYEE_TYPE_ID`)
) ENGINE=InnoDB DEFAULT CHARSET=utf8;

-- ----------------------------
-- Records of employee_type
-- ----------------------------
INSERT INTO `employee_type` VALUES ('0', 'Out Source', null, null, null, null);
INSERT INTO `employee_type` VALUES ('1', 'PERMANENT', null, null, null, null);
INSERT INTO `employee_type` VALUES ('2', 'CONTRACTUAL', null, null, null, null);
INSERT INTO `employee_type` VALUES ('3', 'ON PROBATION', null, null, null, null);

-- ----------------------------
-- Table structure for `expense_type`
-- ----------------------------
DROP TABLE IF EXISTS `expense_type`;
CREATE TABLE `expense_type` (
  `EXPENSE_TYPE_ID` int(11) NOT NULL AUTO_INCREMENT,
  `EXPENSE_TYPE_NAME` varchar(255) DEFAULT NULL COMMENT 'expense Type Name,y,Y,,,20,1',
  `CREATED_BY` varchar(255) DEFAULT NULL,
  `CREATED_DATE` datetime DEFAULT NULL,
  `MODIFY_BY` varchar(255) DEFAULT NULL,
  `MODIFY_DATE` datetime DEFAULT NULL,
  PRIMARY KEY (`EXPENSE_TYPE_ID`)
) ENGINE=InnoDB AUTO_INCREMENT=3 DEFAULT CHARSET=latin1;

-- ----------------------------
-- Records of expense_type
-- ----------------------------
INSERT INTO `expense_type` VALUES ('1', 'PROCUREMENT ', null, null, null, null);
INSERT INTO `expense_type` VALUES ('2', 'NON PROCUREMENT', null, null, null, null);

-- ----------------------------
-- Table structure for `file_attach_list`
-- ----------------------------
DROP TABLE IF EXISTS `file_attach_list`;
CREATE TABLE `file_attach_list` (
  `FILE_ATTACH_LIST_ID` int(11) NOT NULL AUTO_INCREMENT,
  `REQUEST_ID` int(11) DEFAULT NULL,
  `MODULE_NAME` varchar(60) DEFAULT NULL,
  `ATTACH_TITTLE` varchar(50) DEFAULT NULL,
  `ATTACH_FILE_PATH` varchar(250) DEFAULT NULL,
  `CREATED_BY` varchar(255) DEFAULT NULL,
  `CREATED_DATE` datetime DEFAULT NULL,
  `MODIFY_BY` varchar(255) DEFAULT NULL,
  `MODIFY_DATE` datetime DEFAULT NULL,
  PRIMARY KEY (`FILE_ATTACH_LIST_ID`)
) ENGINE=InnoDB AUTO_INCREMENT=94 DEFAULT CHARSET=latin1;

-- ----------------------------
-- Records of file_attach_list
-- ----------------------------
INSERT INTO `file_attach_list` VALUES ('27', '0', '$module', '$AttachmentDetails[$key]', '$path', '$employeeId', '2013-09-18 14:13:02', null, null);
INSERT INTO `file_attach_list` VALUES ('28', '80', 'requisition', 'ss', '../documents/requisition/DigitalArtSyntheticNature414703.jpg', '', '2013-09-18 14:55:11', null, null);
INSERT INTO `file_attach_list` VALUES ('29', '81', 'requisition', 'trtrt', '../documents/requisition/DigitalArtSyntheticNature803009.jpg', '', '2013-09-18 15:00:20', null, null);
INSERT INTO `file_attach_list` VALUES ('30', '81', 'requisition', 'rtr', '../documents/requisition/nature389099.jpg', '', '2013-09-18 15:00:20', null, null);
INSERT INTO `file_attach_list` VALUES ('31', '81', 'requisition', 'rtt', '../documents/requisition/DigitalArtSyntheticNature319793.jpg', '', '2013-09-18 15:00:20', null, null);
INSERT INTO `file_attach_list` VALUES ('32', '81', 'requisition', '333', '../documents/requisition/nature874877.jpg', '', '2013-09-18 15:00:20', null, null);
INSERT INTO `file_attach_list` VALUES ('33', '110', 'requisition', 'test1', '../documents/requisition/DigitalArtSyntheticNature602600.jpg', '', '2013-09-18 17:09:32', null, null);
INSERT INTO `file_attach_list` VALUES ('34', '110', 'requisition', 'test2', '../documents/requisition/DigitalArtSyntheticNature778900.jpg', '', '2013-09-18 17:09:32', null, null);
INSERT INTO `file_attach_list` VALUES ('35', '112', 'requisition', 'xxx', '../documents/PR/DigitalArtSyntheticNature445465.jpg', '', '2013-09-19 13:03:55', null, null);
INSERT INTO `file_attach_list` VALUES ('36', '112', 'requisition', 'cccccccccccccccc', '../documents/PR/DigitalArtSyntheticNature979309.jpg', '', '2013-09-19 13:03:55', null, null);
INSERT INTO `file_attach_list` VALUES ('37', '113', 'requisition', 'xxx', '../documents/PR/DigitalArtSyntheticNature965179.jpg', '', '2013-09-19 13:03:57', null, null);
INSERT INTO `file_attach_list` VALUES ('38', '113', 'requisition', 'cccccccccccccccc', '../documents/PR/DigitalArtSyntheticNature284423.jpg', '', '2013-09-19 13:03:57', null, null);
INSERT INTO `file_attach_list` VALUES ('39', '114', 'requisition', 'ss', '../documents/requisition/DigitalArtSyntheticNature981201.jpg', '', '2013-09-19 18:40:41', null, null);
INSERT INTO `file_attach_list` VALUES ('40', '115', 'requisition', 'xxxxxxxxxxx', '../documents/requisition/DigitalArtSyntheticNature952667.jpg', '', '2013-09-19 18:44:09', null, null);
INSERT INTO `file_attach_list` VALUES ('41', '119', 'requisition', 'test1', '../documents/requisition/DigitalArtSyntheticNature115478.jpg', '', '2013-09-22 12:10:42', null, null);
INSERT INTO `file_attach_list` VALUES ('42', '119', 'requisition', 'test2', '../documents/requisition/nature838897.jpg', '', '2013-09-22 12:10:42', null, null);
INSERT INTO `file_attach_list` VALUES ('43', '122', 'requisition', 'a', '../documents/requisition/DigitalArtSyntheticNature523345.jpg', '', '2013-09-22 15:12:40', null, null);
INSERT INTO `file_attach_list` VALUES ('44', '123', 'requisition', 'a', '../documents/requisition/DigitalArtSyntheticNature983367.jpg', '', '2013-09-22 15:15:27', null, null);
INSERT INTO `file_attach_list` VALUES ('45', '124', 'requisition', 'x', '../documents/requisition/DigitalArtSyntheticNature234283.jpg', '', '2013-09-22 15:20:37', null, null);
INSERT INTO `file_attach_list` VALUES ('46', '125', 'requisition', 'a', '../documents/requisition/DigitalArtSyntheticNature265594.jpg', '', '2013-09-22 16:00:58', null, null);
INSERT INTO `file_attach_list` VALUES ('47', '126', 'requisition', 'a', '../documents/requisition/DigitalArtSyntheticNature405456.jpg', '', '2013-09-22 16:08:28', null, null);
INSERT INTO `file_attach_list` VALUES ('48', '127', 'requisition', 'c', '../documents/requisition/DigitalArtSyntheticNature519104.jpg', '', '2013-09-22 16:15:42', null, null);
INSERT INTO `file_attach_list` VALUES ('49', '128', 'requisition', 'a', '../documents/requisition/DigitalArtSyntheticNature85510.jpg', '', '2013-09-22 16:32:57', null, null);
INSERT INTO `file_attach_list` VALUES ('50', '129', 'requisition', 'x', '../documents/PR/DigitalArtSyntheticNature161285.jpg', '', '2013-09-22 17:03:02', null, null);
INSERT INTO `file_attach_list` VALUES ('51', '130', 'requisition', 'z', '../documents/PR/DigitalArtSyntheticNature503723.jpg', '', '2013-09-22 17:05:20', null, null);
INSERT INTO `file_attach_list` VALUES ('52', '131', 'requisition', 'z', '../documents/PR/DigitalArtSyntheticNature626312.jpg', '', '2013-09-22 17:05:23', null, null);
INSERT INTO `file_attach_list` VALUES ('53', '132', 'requisition', 'a', '../documents/requisition/CSE_Day_Routine_Fall2013953918.pdf', '', '2013-09-23 10:41:20', null, null);
INSERT INTO `file_attach_list` VALUES ('54', '133', 'requisition', 'a', '../documents/requisition/CSE_Day_Routine_Fall2013925964.pdf', '', '2013-09-23 10:41:30', null, null);
INSERT INTO `file_attach_list` VALUES ('55', '134', 'requisition', 'a', '../documents/PR/CSE_Evening_Routine_Fall2013556091.pdf', '', '2013-09-23 12:02:27', null, null);
INSERT INTO `file_attach_list` VALUES ('56', '134', 'requisition', 'xs', '../documents/PR/CSE_Evening_Routine_Fall201321942.pdf', '', '2013-09-23 12:02:27', null, null);
INSERT INTO `file_attach_list` VALUES ('57', '134', 'requisition', 'sdsd', '../documents/PR/DigitalArtSyntheticNature909057.jpg', '', '2013-09-23 12:59:54', null, null);
INSERT INTO `file_attach_list` VALUES ('58', '134', 'requisition', 'sddsd', '../documents/PR/DigitalArtSyntheticNature526519.jpg', '', '2013-09-23 12:59:54', null, null);
INSERT INTO `file_attach_list` VALUES ('59', '134', 'requisition', 'sdsd', '../documents/PR/DigitalArtSyntheticNature197601.jpg', '', '2013-09-23 13:10:40', null, null);
INSERT INTO `file_attach_list` VALUES ('60', '136', 'requisition', 'x', '../documents/PR/DigitalArtSyntheticNature314270.jpg', '', '2013-09-23 15:55:05', null, null);
INSERT INTO `file_attach_list` VALUES ('61', '137', 'requisition', 'a', '../documents/PR/DigitalArtSyntheticNature975921.jpg', '', '2013-09-23 15:59:59', null, null);
INSERT INTO `file_attach_list` VALUES ('62', '138', 'requisition', 'a', '../documents/PR/DigitalArtSyntheticNature955322.jpg', '', '2013-09-23 16:00:03', null, null);
INSERT INTO `file_attach_list` VALUES ('63', '139', 'requisition', 'q', '../documents/PR/WebArchitecture963104.pdf', '', '2013-09-23 16:33:23', null, null);
INSERT INTO `file_attach_list` VALUES ('64', '140', 'requisition', 'q', '../documents/PR/WebArchitecture620727.pdf', '', '2013-09-23 16:33:26', null, null);
INSERT INTO `file_attach_list` VALUES ('65', '142', 'requisition', 'a', '../documents/PR/DigitalArtSyntheticNature166107.jpg', '', '2013-09-24 10:00:49', null, null);
INSERT INTO `file_attach_list` VALUES ('66', '143', 'requisition', 'a', '../documents/PR/DigitalArtSyntheticNature310546.jpg', '', '2013-09-24 10:00:51', null, null);
INSERT INTO `file_attach_list` VALUES ('67', '144', 'requisition', 'a', '../documents/PR/DigitalArtSyntheticNature847900.jpg', '', '2013-09-24 10:02:28', null, null);
INSERT INTO `file_attach_list` VALUES ('68', '145', 'requisition', 'a', '../documents/PR/DigitalArtSyntheticNature672882.jpg', '', '2013-09-24 10:02:30', null, null);
INSERT INTO `file_attach_list` VALUES ('69', '146', 'requisition', 'a', '../documents/PR/DigitalArtSyntheticNature226348.jpg', '', '2013-09-24 12:50:17', null, null);
INSERT INTO `file_attach_list` VALUES ('70', '147', 'requisition', 'a', '../documents/PR/DigitalArtSyntheticNature783142.jpg', '', '2013-09-24 12:50:19', null, null);
INSERT INTO `file_attach_list` VALUES ('71', '154', 'requisition', 'a', '../documents/PR/WebArchitecture993377.pdf', '', '2013-09-24 16:30:45', null, null);
INSERT INTO `file_attach_list` VALUES ('72', '155', 'requisition', 'a', '../documents/PR/WebArchitecture420532.pdf', '', '2013-09-24 16:30:47', null, null);
INSERT INTO `file_attach_list` VALUES ('73', '156', 'requisition', 'a', '../documents/PR/WebArchitecture81024.pdf', '', '2013-09-25 10:11:18', null, null);
INSERT INTO `file_attach_list` VALUES ('74', '157', 'requisition', 'a', '../documents/PR/WebArchitecture98999.pdf', '', '2013-09-25 10:11:20', null, null);
INSERT INTO `file_attach_list` VALUES ('75', '160', 'requisition', '', '../documents/PR/DigitalArtSyntheticNature375640.jpg', '', '2013-09-25 11:58:49', null, null);
INSERT INTO `file_attach_list` VALUES ('76', '168', 'requisition', 'a', '../documents/PR/DigitalArtSyntheticNature232727.jpg', '', '2013-09-26 12:59:49', null, null);
INSERT INTO `file_attach_list` VALUES ('77', '169', 'requisition', 'a', '../documents/PR/DigitalArtSyntheticNature643310.jpg', '', '2013-09-26 12:59:51', null, null);
INSERT INTO `file_attach_list` VALUES ('78', '170', 'requisition', 'aaa', '../documents/PR/DigitalArtSyntheticNature392761.jpg', '', '2013-09-28 11:05:39', null, null);
INSERT INTO `file_attach_list` VALUES ('79', '171', 'requisition', 'aaa', '../documents/PR/DigitalArtSyntheticNature634399.jpg', '', '2013-09-28 11:05:41', null, null);
INSERT INTO `file_attach_list` VALUES ('80', '173', 'requisition', 'a', '../documents/PR/DigitalArtSyntheticNature467407.jpg', '', '2013-09-28 12:39:14', null, null);
INSERT INTO `file_attach_list` VALUES ('81', '175', 'requisition', 'aaaaa', '../documents/PR/1stGradeWordLists531463.pdf', '', '2013-09-28 17:54:31', null, null);
INSERT INTO `file_attach_list` VALUES ('82', '176', 'requisition', 'aaaaa', '../documents/PR/1stGradeWordLists401275.pdf', '', '2013-09-28 17:54:34', null, null);
INSERT INTO `file_attach_list` VALUES ('83', '177', 'requisition', 'aaa', '../documents/PR/1stGradeWordLists115325.pdf', '', '2013-09-28 18:06:11', null, null);
INSERT INTO `file_attach_list` VALUES ('84', '178', 'requisition', 'xxxxxxxxxxxx', '../documents/PR/2ndGradeWordLists315979.pdf', '', '2013-09-28 18:13:00', null, null);
INSERT INTO `file_attach_list` VALUES ('85', '179', 'requisition', 'xxxxxxxxxxxx', '../documents/PR/2ndGradeWordLists509765.pdf', '', '2013-09-28 18:13:02', null, null);
INSERT INTO `file_attach_list` VALUES ('86', '180', 'requisition', 'test1', '../documents/PR/2ndGradeWordLists723205.pdf', '', '2013-09-29 15:41:48', null, null);
INSERT INTO `file_attach_list` VALUES ('87', '181', 'requisition', 'test1', '../documents/PR/2ndGradeWordLists649200.pdf', '', '2013-09-29 15:41:50', null, null);
INSERT INTO `file_attach_list` VALUES ('88', '182', 'requisition', 'vasv', '../documents/PR/DigitalArtSyntheticNature177795.jpg', '', '2013-10-05 18:14:57', null, null);
INSERT INTO `file_attach_list` VALUES ('89', '183', 'requisition', 'vasv', '../documents/PR/DigitalArtSyntheticNature250488.jpg', '', '2013-10-05 18:14:59', null, null);
INSERT INTO `file_attach_list` VALUES ('90', '0', 'requisition', 's', '../documents/PR/image1s84289.jpg', '', '2013-10-21 14:08:45', null, null);
INSERT INTO `file_attach_list` VALUES ('91', '0', 'requisition', 'll', '../documents/PR/images659759.jpg', '', '2013-10-22 10:07:01', null, null);
INSERT INTO `file_attach_list` VALUES ('92', '198', 'requisition', 'cccccccccc', '../documents/PR/images170989.jpg', '', '2013-10-24 11:31:25', null, null);
INSERT INTO `file_attach_list` VALUES ('93', '199', 'requisition', 'cccccccccc', '../documents/PR/images239044.jpg', '', '2013-10-24 11:31:27', null, null);

-- ----------------------------
-- Table structure for `gander`
-- ----------------------------
DROP TABLE IF EXISTS `gander`;
CREATE TABLE `gander` (
  `GANDER_ID` int(10) unsigned NOT NULL,
  `GANDER_NAME` varchar(100) DEFAULT NULL COMMENT 'Gander,y,Y,,,20,1',
  `CREATED_DATE` datetime NOT NULL,
  `MODIFY_BY` varchar(50) DEFAULT NULL,
  `MODIFY_DATE` date DEFAULT NULL,
  `CREATED_BY` varchar(50) NOT NULL,
  PRIMARY KEY (`GANDER_ID`)
) ENGINE=MyISAM AUTO_INCREMENT=22 DEFAULT CHARSET=utf8;

-- ----------------------------
-- Records of gander
-- ----------------------------
INSERT INTO `gander` VALUES ('2', 'Female', '2013-04-24 00:00:00', null, null, 'admin');
INSERT INTO `gander` VALUES ('1', 'Male', '2013-04-24 00:00:00', '2013-04-24', null, 'admin');

-- ----------------------------
-- Table structure for `gl_account`
-- ----------------------------
DROP TABLE IF EXISTS `gl_account`;
CREATE TABLE `gl_account` (
  `GL_ACCOUNT_ID` int(11) NOT NULL,
  `GL_ACCOUNT_CODE` varchar(30) NOT NULL,
  `GL_ACCOUNT_NAME` varchar(150) NOT NULL,
  `BUDGET_ACCOUNT_CODE` varchar(100) DEFAULT NULL,
  `GL_STATUS` int(1) DEFAULT NULL,
  `GL_UNDER` int(4) NOT NULL,
  `VAT` decimal(5,2) DEFAULT NULL,
  `TAX` decimal(5,2) DEFAULT NULL,
  `GL_TYPE_ID` int(1) DEFAULT NULL,
  `CREATED_BY` varchar(50) NOT NULL,
  `CREATED_DATE` date NOT NULL,
  `MODIFY_BY` varchar(50) DEFAULT NULL,
  `MODIFY_DATE` date DEFAULT NULL,
  PRIMARY KEY (`GL_ACCOUNT_ID`)
) ENGINE=MyISAM DEFAULT CHARSET=latin1 ROW_FORMAT=DYNAMIC;

-- ----------------------------
-- Records of gl_account
-- ----------------------------
INSERT INTO `gl_account` VALUES ('122100001', '', 'LAND', null, '-1', '0', null, null, null, '631', '2013-10-26', null, null);
INSERT INTO `gl_account` VALUES ('122101001', '', 'BUILDING', null, '-1', '0', null, null, null, '631', '2013-10-26', null, null);
INSERT INTO `gl_account` VALUES ('122102001', '', 'FURNITURE & FIXTURE', null, '-1', '0', null, null, null, '631', '2013-10-26', null, null);
INSERT INTO `gl_account` VALUES ('122103001', '', 'OFFICE EQUIPMENT', null, '-1', '0', null, null, null, '631', '2013-10-26', null, null);
INSERT INTO `gl_account` VALUES ('122104001', '', 'IT HARDWARE', null, '-1', '0', null, null, null, '631', '2013-10-26', null, null);
INSERT INTO `gl_account` VALUES ('122105001', '', 'VEHICLE', null, '-1', '0', null, null, null, '631', '2013-10-26', null, null);
INSERT INTO `gl_account` VALUES ('122500001', '', 'LEASED ASSET-VEHICLES', null, '-1', '0', null, null, null, '631', '2013-10-26', null, null);
INSERT INTO `gl_account` VALUES ('122501001', '', 'LEASED ASSET-OFFICE EQUIPMENT', null, '-1', '0', null, null, null, '631', '2013-10-26', null, null);
INSERT INTO `gl_account` VALUES ('123000001', '', 'WORK IN PROGRESS - SOFTWARE', null, '-1', '0', null, null, null, '631', '2013-10-26', null, null);
INSERT INTO `gl_account` VALUES ('123200001', '', 'SOFTWARE', null, '-1', '0', null, null, null, '631', '2013-10-26', null, null);
INSERT INTO `gl_account` VALUES ('123201001', '', 'USERS LICENCE', null, '-1', '0', null, null, null, '631', '2013-10-26', null, null);
INSERT INTO `gl_account` VALUES ('123202001', '', 'ROYALTY', null, '-1', '0', null, null, null, '631', '2013-10-26', null, null);
INSERT INTO `gl_account` VALUES ('181000001', '', 'BASIC PAY', null, '-1', '0', null, null, null, '631', '2013-10-26', null, null);
INSERT INTO `gl_account` VALUES ('181000002', '', 'HOUSE RENT ALLOWANCES', null, '-1', '0', null, null, null, '631', '2013-10-26', null, null);
INSERT INTO `gl_account` VALUES ('181000003', '', 'CONVEYANCE ALLOWANCES', null, '-1', '0', null, null, null, '631', '2013-10-26', null, null);
INSERT INTO `gl_account` VALUES ('181000004', '', 'MEDICAL ALLOWANCES', null, '-1', '0', null, null, null, '631', '2013-10-26', null, null);
INSERT INTO `gl_account` VALUES ('181000006', '', 'PASSAGE FOR TRAVEL', null, '-1', '0', null, null, null, '631', '2013-10-26', null, null);
INSERT INTO `gl_account` VALUES ('181000009', '', 'SUBSISTENCE ALLOWANCES', null, '-1', '0', null, null, null, '631', '2013-10-26', null, null);
INSERT INTO `gl_account` VALUES ('181200002', '', 'HARDSHIP/EXTRA DUTY ALLOWANCE', null, '-1', '0', null, null, null, '631', '2013-10-26', null, null);
INSERT INTO `gl_account` VALUES ('181200003', '', 'EVENING BANKING ALLOWANCE', null, '-1', '0', null, null, null, '631', '2013-10-26', null, null);
INSERT INTO `gl_account` VALUES ('181200007', '', 'CHARGE ALLOWANCES', null, '-1', '0', null, null, null, '631', '2013-10-26', null, null);
INSERT INTO `gl_account` VALUES ('181200008', '', 'KEY ALLOWANCES', null, '-1', '0', null, null, null, '631', '2013-10-26', null, null);
INSERT INTO `gl_account` VALUES ('181000005', '', 'ENTERTAINMENT ALLOWANCES', null, '-1', '0', null, null, null, '631', '2013-10-26', null, null);
INSERT INTO `gl_account` VALUES ('181200006', '', 'OTHER ALLOWANCES', null, '-1', '0', null, null, null, '631', '2013-10-26', null, null);
INSERT INTO `gl_account` VALUES ('181200010', '', 'PROVIDENT FUND', null, '-1', '0', null, null, null, '631', '2013-10-26', null, null);
INSERT INTO `gl_account` VALUES ('181200011', '', 'BONUS', null, '-1', '0', null, null, null, '631', '2013-10-26', null, null);
INSERT INTO `gl_account` VALUES ('181200013', '', 'GRATUITY', null, '-1', '0', null, null, null, '631', '2013-10-26', null, null);
INSERT INTO `gl_account` VALUES ('181200015', '', 'UTILITY CHARGES', null, '-1', '0', null, null, null, '631', '2013-10-26', null, null);
INSERT INTO `gl_account` VALUES ('181200016', '', 'SECURITY GUARD', null, '-1', '0', null, null, null, '631', '2013-10-26', null, null);
INSERT INTO `gl_account` VALUES ('181000010', '', 'OUTSOURCING EXPENSE', null, '-1', '0', null, null, null, '631', '2013-10-26', null, null);
INSERT INTO `gl_account` VALUES ('181000007', '', 'DST SALARY', null, '-1', '0', null, null, null, '631', '2013-10-26', null, null);
INSERT INTO `gl_account` VALUES ('181000008', '', 'COMMISSION FOR DST', null, '-1', '0', null, null, null, '631', '2013-10-26', null, null);
INSERT INTO `gl_account` VALUES ('182000001', '', 'RENT (OFFICE)', null, '-1', '0', null, null, null, '631', '2013-10-26', null, null);
INSERT INTO `gl_account` VALUES ('182000003', '', 'RENT (GODOWN)', null, '-1', '0', null, null, null, '631', '2013-10-26', null, null);
INSERT INTO `gl_account` VALUES ('182000004', '', 'ATM RENT', null, '-1', '0', null, null, null, '631', '2013-10-26', null, null);
INSERT INTO `gl_account` VALUES ('182000005', '', 'LEASE RENT', null, '-1', '0', null, null, null, '631', '2013-10-26', null, null);
INSERT INTO `gl_account` VALUES ('182000011', '', 'RATES & TAXES', null, '-1', '0', null, null, null, '631', '2013-10-26', null, null);
INSERT INTO `gl_account` VALUES ('182000019', '', 'INSURANCE L0CKER', null, '-1', '0', null, null, null, '631', '2013-10-26', null, null);
INSERT INTO `gl_account` VALUES ('182000022', '', 'INSU:GODOWN', null, '-1', '0', null, null, null, '631', '2013-10-26', null, null);
INSERT INTO `gl_account` VALUES ('182000035', '', 'ELECTRIC BILL (OFFICE)', null, '-1', '0', null, null, null, '631', '2013-10-26', null, null);
INSERT INTO `gl_account` VALUES ('182000036', '', 'ELECTRIC BILL (RESIDENCE)', null, '-1', '0', null, null, null, '631', '2013-10-26', null, null);
INSERT INTO `gl_account` VALUES ('182000038', '', 'ELEC.FITT.REP.& REPLACEMENT', null, '-1', '0', null, null, null, '631', '2013-10-26', null, null);
INSERT INTO `gl_account` VALUES ('183000001', '', 'DEP.ON LAND,BLDG & CONSTRUCT.', null, '-1', '0', null, null, null, '631', '2013-10-26', null, null);
INSERT INTO `gl_account` VALUES ('183201001', '', 'REPAIR PREMISES', null, '-1', '0', null, null, null, '631', '2013-10-26', null, null);
INSERT INTO `gl_account` VALUES ('183203002', '', 'FUEL (GENERATOR N OTHERS)', null, '-1', '0', null, null, null, '631', '2013-10-26', null, null);
INSERT INTO `gl_account` VALUES ('182060049', '', 'REMITTANCE CHARGES', null, '-1', '0', null, null, null, '631', '2013-10-26', null, null);
INSERT INTO `gl_account` VALUES ('182060050', '', 'NRB BANK CHARGE', null, '-1', '0', null, null, null, '631', '2013-10-26', null, null);
INSERT INTO `gl_account` VALUES ('182060044', '', 'BOARD DEPARTMENT EXPENSES', null, '-1', '0', null, null, null, '631', '2013-10-26', null, null);
INSERT INTO `gl_account` VALUES ('182040001', '', 'DIRECTORS FEES', null, '-1', '0', null, null, null, '631', '2013-10-26', null, null);
INSERT INTO `gl_account` VALUES ('182060045', '', 'ANNUAL GENERAL MEETING', null, '-1', '0', null, null, null, '631', '2013-10-26', null, null);
INSERT INTO `gl_account` VALUES ('182060048', '', 'ONLINE COMMUNICATION RENT', null, '-1', '0', null, null, null, '631', '2013-10-26', null, null);
INSERT INTO `gl_account` VALUES ('169005001', '', 'COMMISSION FOR SHARE TRADING', null, '-1', '0', null, null, null, '631', '2013-10-26', null, null);
INSERT INTO `gl_account` VALUES ('182000015', '', 'INSURANCE', null, '-1', '0', null, null, null, '631', '2013-10-26', null, null);
INSERT INTO `gl_account` VALUES ('182000016', '', 'INSU.CASH IN TR./SAFE/COUNTER', null, '-1', '0', null, null, null, '631', '2013-10-26', null, null);
INSERT INTO `gl_account` VALUES ('182000017', '', 'INSURANCE:VEHICLE', null, '-1', '0', null, null, null, '631', '2013-10-26', null, null);
INSERT INTO `gl_account` VALUES ('182000018', '', 'INSU:FURNITURES & FIXT./STATIO', null, '-1', '0', null, null, null, '631', '2013-10-26', null, null);
INSERT INTO `gl_account` VALUES ('182000020', '', 'GROUP INSURANCE', null, '-1', '0', null, null, null, '631', '2013-10-26', null, null);
INSERT INTO `gl_account` VALUES ('182000021', '', 'DEPOSIT INSURANCE SCHEME', null, '-1', '0', null, null, null, '631', '2013-10-26', null, null);
INSERT INTO `gl_account` VALUES ('182000023', '', 'OTHER INSURANCE', null, '-1', '0', null, null, null, '631', '2013-10-26', null, null);
INSERT INTO `gl_account` VALUES ('182000024', '', 'EXP.A/C.PREMIUM PAID ON MMP', null, '-1', '0', null, null, null, '631', '2013-10-26', null, null);
INSERT INTO `gl_account` VALUES ('182000025', '', 'PREMIUM PAID ON ESS', null, '-1', '0', null, null, null, '631', '2013-10-26', null, null);
INSERT INTO `gl_account` VALUES ('182000026', '', 'PREMIUM PAID ON MSS', null, '-1', '0', null, null, null, '631', '2013-10-26', null, null);
INSERT INTO `gl_account` VALUES ('182000027', '', 'PREMIUM PAID ON SCHEME', null, '-1', '0', null, null, null, '631', '2013-10-26', null, null);
INSERT INTO `gl_account` VALUES ('182000028', '', 'INSURANCE PREMIUM PAID ON CITY PROJONMO', null, '-1', '0', null, null, null, '631', '2013-10-26', null, null);
INSERT INTO `gl_account` VALUES ('182060019', '', 'CAR EXPENCES', null, '-1', '0', null, null, null, '631', '2013-10-26', null, null);
INSERT INTO `gl_account` VALUES ('182060020', '', 'FUEL', null, '-1', '0', null, null, null, '631', '2013-10-26', null, null);
INSERT INTO `gl_account` VALUES ('183206002', '', 'REPAIR REPLACEMENT & SERVICING', null, '-1', '0', null, null, null, '631', '2013-10-26', null, null);
INSERT INTO `gl_account` VALUES ('183206001', '', 'REPAIR REPLACEMENT & SERVICING - STAFF', null, '-1', '0', null, null, null, '631', '2013-10-26', null, null);
INSERT INTO `gl_account` VALUES ('182020001', '', 'POSTAGE', null, '-1', '0', null, null, null, '631', '2013-10-26', null, null);
INSERT INTO `gl_account` VALUES ('182020003', '', 'TELEPHONE INTALLATION', null, '-1', '0', null, null, null, '631', '2013-10-26', null, null);
INSERT INTO `gl_account` VALUES ('182020002', '', 'SWIFT', null, '-1', '0', null, null, null, '631', '2013-10-26', null, null);
INSERT INTO `gl_account` VALUES ('182020011', '', 'E.MAIL CHARGES', null, '-1', '0', null, null, null, '631', '2013-10-26', null, null);
INSERT INTO `gl_account` VALUES ('182020005', '', 'TELEPHONE BILL (OFFICE)', null, '-1', '0', null, null, null, '631', '2013-10-26', null, null);
INSERT INTO `gl_account` VALUES ('182020006', '', 'TELEPHONE BILL (RESIDENCE)', null, '-1', '0', null, null, null, '631', '2013-10-26', null, null);
INSERT INTO `gl_account` VALUES ('182020007', '', 'TELEGRAM CHARGES', null, '-1', '0', null, null, null, '631', '2013-10-26', null, null);
INSERT INTO `gl_account` VALUES ('182030004', '', 'PAPERS', null, '-1', '0', null, null, null, '631', '2013-10-26', null, null);
INSERT INTO `gl_account` VALUES ('182030005', '', 'RIBBON,DISKETS ETC', null, '-1', '0', null, null, null, '631', '2013-10-26', null, null);
INSERT INTO `gl_account` VALUES ('183205001', '', 'SOFTWARE', null, '-1', '0', null, null, null, '631', '2013-10-26', null, null);
INSERT INTO `gl_account` VALUES ('183081001', '', 'AMORTIZATION OF USER LICENSE', null, '-1', '0', null, null, null, '631', '2013-10-26', null, null);
INSERT INTO `gl_account` VALUES ('183001001', '', 'DEP.ON FURNITURE & FIXTURE', null, '-1', '0', null, null, null, '631', '2013-10-26', null, null);
INSERT INTO `gl_account` VALUES ('183004001', '', 'DEP. OF VEHICLE', null, '-1', '0', null, null, null, '631', '2013-10-26', null, null);
INSERT INTO `gl_account` VALUES ('183002001', '', 'DEP.ON MACHINERIES & EQUIP.', null, '-1', '0', null, null, null, '631', '2013-10-26', null, null);
INSERT INTO `gl_account` VALUES ('183100001', '', 'DEP.ON LEASED PROPERTIES', null, '-1', '0', null, null, null, '631', '2013-10-26', null, null);
INSERT INTO `gl_account` VALUES ('183080001', '', 'DEP.ON OTHER PROPERTIES', null, '-1', '0', null, null, null, '631', '2013-10-26', null, null);
INSERT INTO `gl_account` VALUES ('182060022', '', 'WASHING & CLEANING', null, '-1', '0', null, null, null, '631', '2013-10-26', null, null);
INSERT INTO `gl_account` VALUES ('182060023', '', 'SECURITY EXPENSES', null, '-1', '0', null, null, null, '631', '2013-10-26', null, null);
INSERT INTO `gl_account` VALUES ('183202001', '', 'FURNITURE & FIXTURE', null, '-1', '0', null, null, null, '631', '2013-10-26', null, null);
INSERT INTO `gl_account` VALUES ('183203001', '', 'EQUIPMENTS & MACHINERIES', null, '-1', '0', null, null, null, '631', '2013-10-26', null, null);
INSERT INTO `gl_account` VALUES ('182030001', '', 'PRINTING STATIONERY', null, '-1', '0', null, null, null, '631', '2013-10-26', null, null);
INSERT INTO `gl_account` VALUES ('182030002', '', 'SECURITY STATIONERY', null, '-1', '0', null, null, null, '631', '2013-10-26', null, null);
INSERT INTO `gl_account` VALUES ('182030003', '', 'OFFICE STATIONERY', null, '-1', '0', null, null, null, '631', '2013-10-26', null, null);
INSERT INTO `gl_account` VALUES ('182060035', '', 'DONATION', null, '-1', '0', null, null, null, '631', '2013-10-26', null, null);
INSERT INTO `gl_account` VALUES ('182060036', '', 'SUBS.TO PERIODICAL,NEWSPAPER', null, '-1', '0', null, null, null, '631', '2013-10-26', null, null);
INSERT INTO `gl_account` VALUES ('182060037', '', 'SUBS.TO INSTITUTION', null, '-1', '0', null, null, null, '631', '2013-10-26', null, null);
INSERT INTO `gl_account` VALUES ('182060038', '', 'OTHERS', null, '-1', '0', null, null, null, '631', '2013-10-26', null, null);
INSERT INTO `gl_account` VALUES ('182030006', '', 'NEWSPAPER & MAGAZINE', null, '-1', '0', null, null, null, '631', '2013-10-26', null, null);
INSERT INTO `gl_account` VALUES ('182030007', '', 'TELEVISION & RADIO', null, '-1', '0', null, null, null, '631', '2013-10-26', null, null);
INSERT INTO `gl_account` VALUES ('182030008', '', 'ADVERTISEMENT-BILLBOARD', null, '-1', '0', null, null, null, '631', '2013-10-26', null, null);
INSERT INTO `gl_account` VALUES ('182030010', '', 'ADVERTISEMENT-SPONSORSHIP', null, '-1', '0', null, null, null, '631', '2013-10-26', null, null);
INSERT INTO `gl_account` VALUES ('182030009', '', 'INCENTIVE FOR VEHICLE VENDORS', null, '-1', '0', null, null, null, '631', '2013-10-26', null, null);
INSERT INTO `gl_account` VALUES ('182060012', '', 'BUSINESS DEVELOPMENT', null, '-1', '0', null, null, null, '631', '2013-10-26', null, null);
INSERT INTO `gl_account` VALUES ('182060013', '', 'ENTERTAINMENT EXPENSES', null, '-1', '0', null, null, null, '631', '2013-10-26', null, null);
INSERT INTO `gl_account` VALUES ('182060014', '', 'TRAINING,SEMINAR,WORKSHOP', null, '-1', '0', null, null, null, '631', '2013-10-26', null, null);
INSERT INTO `gl_account` VALUES ('182060039', '', 'LOCAL TRAVELLING', null, '-1', '0', null, null, null, '631', '2013-10-26', null, null);
INSERT INTO `gl_account` VALUES ('182060040', '', 'FOREIGN TRAVELLING', null, '-1', '0', null, null, null, '631', '2013-10-26', null, null);
INSERT INTO `gl_account` VALUES ('182060041', '', 'CONVEYANCE', null, '-1', '0', null, null, null, '631', '2013-10-26', null, null);
INSERT INTO `gl_account` VALUES ('182060025', '', 'CARTAGE & FREIGHT', null, '-1', '0', null, null, null, '631', '2013-10-26', null, null);
INSERT INTO `gl_account` VALUES ('182060026', '', 'LIVERAGE & UNIFORM', null, '-1', '0', null, null, null, '631', '2013-10-26', null, null);
INSERT INTO `gl_account` VALUES ('182060001', '', 'CASH CARRYING CHARGE', null, '-1', '0', null, null, null, '631', '2013-10-26', null, null);
INSERT INTO `gl_account` VALUES ('182060010', '', 'MEDICAL EXPENSES', null, '-1', '0', null, null, null, '631', '2013-10-26', null, null);
INSERT INTO `gl_account` VALUES ('182010001', '', 'LAW CHARGES', null, '-1', '0', null, null, null, '631', '2013-10-26', null, null);
INSERT INTO `gl_account` VALUES ('182010002', '', 'POWER OF ATTORN/NOTARY PUB.EX', null, '-1', '0', null, null, null, '631', '2013-10-26', null, null);
INSERT INTO `gl_account` VALUES ('182010003', '', 'STAMP CHARGES', null, '-1', '0', null, null, null, '631', '2013-10-26', null, null);
INSERT INTO `gl_account` VALUES ('182050001', '', 'AUDITORS FEES', null, '-1', '0', null, null, null, '631', '2013-10-26', null, null);
INSERT INTO `gl_account` VALUES ('182060032', '', 'SUNDRY EXPENSES', null, '-1', '0', null, null, null, '631', '2013-10-26', null, null);
INSERT INTO `gl_account` VALUES ('182060002', '', 'CIB CHARGES FOR RETAIL', null, '-1', '0', null, null, null, '631', '2013-10-26', null, null);
INSERT INTO `gl_account` VALUES ('182060003', '', 'CONSULTANCY FEE', null, '-1', '0', null, null, null, '631', '2013-10-26', null, null);
INSERT INTO `gl_account` VALUES ('171000007', '', 'CHARGE FOR CPV AGENT', null, '-1', '0', null, null, null, '631', '2013-10-26', null, null);
INSERT INTO `gl_account` VALUES ('171000002', '', 'COMM.PAID TO RECOVERY AGENT', null, '-1', '0', null, null, null, '631', '2013-10-26', null, null);
INSERT INTO `gl_account` VALUES ('182060005', '', 'REWARD AND RECOGNITION TO EMPLOYEES', null, '-1', '0', null, null, null, '631', '2013-10-26', null, null);
INSERT INTO `gl_account` VALUES ('183082001', '', 'AMORTIZATION OF ROYALTY', null, '-1', '0', null, null, null, '631', '2013-10-26', null, null);
INSERT INTO `gl_account` VALUES ('182060006', '', 'STAFF REFRESHMENT', null, '-1', '0', null, null, null, '631', '2013-10-26', null, null);
INSERT INTO `gl_account` VALUES ('182060007', '', 'STAFF ACTIVITIES', null, '-1', '0', null, null, null, '631', '2013-10-26', null, null);
INSERT INTO `gl_account` VALUES ('182060008', '', 'STAFF WELFARE', null, '-1', '0', null, null, null, '631', '2013-10-26', null, null);
INSERT INTO `gl_account` VALUES ('171000005', '', 'STUDENT FILE AGENCY COMMISION', null, '-1', '0', null, null, null, '631', '2013-10-26', null, null);
INSERT INTO `gl_account` VALUES ('182060009', '', 'STAFF RECRUITMENT', null, '-1', '0', null, null, null, '631', '2013-10-26', null, null);
INSERT INTO `gl_account` VALUES ('182060027', '', 'PHOTOCOPY EXPENSES', null, '-1', '0', null, null, null, '631', '2013-10-26', null, null);
INSERT INTO `gl_account` VALUES ('182060033', '', 'RIGHT ISSUE EXPENSES', null, '-1', '0', null, null, null, '631', '2013-10-26', null, null);
INSERT INTO `gl_account` VALUES ('182060030', '', 'FRAUD FORGERIES AND OPEX', null, '-1', '0', null, null, null, '631', '2013-10-26', null, null);
INSERT INTO `gl_account` VALUES ('174100005', '', 'ADJ. OF CARDFEE, LPC, EOL, INTT, ETC.-LOCAL', null, '-1', '0', null, null, null, '631', '2013-10-26', null, null);
INSERT INTO `gl_account` VALUES ('174100006', '', 'INTERCHANGE FEE-LOCAL', null, '-1', '0', null, null, null, '631', '2013-10-26', null, null);
INSERT INTO `gl_account` VALUES ('174000019', '', 'PROCESSING & PERSONALIZATION FEE-LOCAL', null, '-1', '0', null, null, null, '631', '2013-10-26', null, null);
INSERT INTO `gl_account` VALUES ('174100008', '', 'PLASTIC-LOCAL', null, '-1', '0', null, null, null, '631', '2013-10-26', null, null);
INSERT INTO `gl_account` VALUES ('174100009', '', 'ATM SERVICE CHARGE-LOCAL', null, '-1', '0', null, null, null, '631', '2013-10-26', null, null);
INSERT INTO `gl_account` VALUES ('174100010', '', 'MISCLLANEOUS  CITY CARD-LOCAL', null, '-1', '0', null, null, null, '631', '2013-10-26', null, null);
INSERT INTO `gl_account` VALUES ('174100015', '', 'MERCHANT COMMISSION', null, '-1', '0', null, null, null, '631', '2013-10-26', null, null);
INSERT INTO `gl_account` VALUES ('174000020', '', 'EXP.AC CHG.FOR CPV AGENT', null, '-1', '0', null, null, null, '631', '2013-10-26', null, null);
INSERT INTO `gl_account` VALUES ('174100025', '', 'EXP.AC COMM.FOR RECOVERY AGENT', null, '-1', '0', null, null, null, '631', '2013-10-26', null, null);
INSERT INTO `gl_account` VALUES ('174100020', '', 'EXPENDITURE A/C ATM SHARING FEES-DBBL', null, '-1', '0', null, null, null, '631', '2013-10-26', null, null);
INSERT INTO `gl_account` VALUES ('174000001', '', 'ADJUSTEMNT OF FEES & CHARGES AMEX CARD-LOCAL', null, '-1', '0', null, null, null, '631', '2013-10-26', null, null);
INSERT INTO `gl_account` VALUES ('174000004', '', 'OTHERS-AMEX CARD', null, '-1', '0', null, null, null, '631', '2013-10-26', null, null);
INSERT INTO `gl_account` VALUES ('174000005', '', 'PLASTIC-AMEX CARD', null, '-1', '0', null, null, null, '631', '2013-10-26', null, null);
INSERT INTO `gl_account` VALUES ('174000006', '', 'AMEX FEES & CHARGES', null, '-1', '0', null, null, null, '631', '2013-10-26', null, null);
INSERT INTO `gl_account` VALUES ('174000022', '', 'AMEX CARD DISCOUNT', null, '-1', '0', null, null, null, '631', '2013-10-26', null, null);
INSERT INTO `gl_account` VALUES ('174000008', '', 'ISSUER ATM FEES-AMEX CARD', null, '-1', '0', null, null, null, '631', '2013-10-26', null, null);
INSERT INTO `gl_account` VALUES ('182060051', '', 'INTEREST WAIVER - AMEX CARD', null, '-1', '0', null, null, null, '631', '2013-10-26', null, null);
INSERT INTO `gl_account` VALUES ('174000009', '', 'ADJUSTEMNT OF FEES &B CHARGES AMEX CARD-INTL', null, '-1', '0', null, null, null, '631', '2013-10-26', null, null);
INSERT INTO `gl_account` VALUES ('174000002', '', 'INTERCHANGE FEES-AMEX CARD-INTL', null, '-1', '0', null, null, null, '631', '2013-10-26', null, null);
INSERT INTO `gl_account` VALUES ('174200001', '', 'ADJUSTMENT OF FEES AND CHARGES MASTER', null, '-1', '0', null, null, null, '631', '2013-10-26', null, null);
INSERT INTO `gl_account` VALUES ('174200003', '', 'MASTER CARD FEES AND CHARGES', null, '-1', '0', null, null, null, '631', '2013-10-26', null, null);
INSERT INTO `gl_account` VALUES ('174200004', '', 'INTERCHANGE FEE MASTER CARD', null, '-1', '0', null, null, null, '631', '2013-10-26', null, null);
INSERT INTO `gl_account` VALUES ('174200005', '', 'ISSUER ATM FEES MASTER CARD', null, '-1', '0', null, null, null, '631', '2013-10-26', null, null);
INSERT INTO `gl_account` VALUES ('174200006', '', 'PLASTIC MASTER CARD', null, '-1', '0', null, null, null, '631', '2013-10-26', null, null);
INSERT INTO `gl_account` VALUES ('174100012', '', 'ADJ. OF CARDFEE, LPC, EOL, INTT, ETC. - INT?L', null, '-1', '0', null, null, null, '631', '2013-10-26', null, null);
INSERT INTO `gl_account` VALUES ('174100024', '', 'INTERCHANGE FEE- INT?L', null, '-1', '0', null, null, null, '631', '2013-10-26', null, null);
INSERT INTO `gl_account` VALUES ('174100023', '', 'VISA INTERNATIONAL', null, '-1', '0', null, null, null, '631', '2013-10-26', null, null);
INSERT INTO `gl_account` VALUES ('174100022', '', 'MISCELLANEOUS -INT[L', null, '-1', '0', null, null, null, '631', '2013-10-26', null, null);
INSERT INTO `gl_account` VALUES ('0', '', 'LAND', null, '-1', '0', null, null, null, '631', '2013-10-26', null, null);
INSERT INTO `gl_account` VALUES ('76139870', '', 'BASIC PAY', null, '-1', '0', null, null, null, '631', '2013-10-26', null, null);
INSERT INTO `gl_account` VALUES ('38069935', '', 'HOUSE RENT ALLOWANCES', null, '-1', '0', null, null, null, '631', '2013-10-26', null, null);
INSERT INTO `gl_account` VALUES ('3506590', '', 'CONVEYANCE ALLOWANCES', null, '-1', '0', null, null, null, '631', '2013-10-26', null, null);
INSERT INTO `gl_account` VALUES ('7566113', '', 'MEDICAL ALLOWANCES', null, '-1', '0', null, null, null, '631', '2013-10-26', null, null);
INSERT INTO `gl_account` VALUES ('15324918', '', 'PASSAGE FOR TRAVEL', null, '-1', '0', null, null, null, '631', '2013-10-26', null, null);
INSERT INTO `gl_account` VALUES ('128116', '', 'SUBSISTENCE ALLOWANCES', null, '-1', '0', null, null, null, '631', '2013-10-26', null, null);
INSERT INTO `gl_account` VALUES ('119092', '', 'HARDSHIP/EXTRA DUTY ALLOWANCE', null, '-1', '0', null, null, null, '631', '2013-10-26', null, null);
INSERT INTO `gl_account` VALUES ('91135', '', 'EVENING BANKING ALLOWANCE', null, '-1', '0', null, null, null, '631', '2013-10-26', null, null);
INSERT INTO `gl_account` VALUES ('450150', '', 'CHARGE ALLOWANCES', null, '-1', '0', null, null, null, '631', '2013-10-26', null, null);
INSERT INTO `gl_account` VALUES ('159000', '', 'KEY ALLOWANCES', null, '-1', '0', null, null, null, '631', '2013-10-26', null, null);
INSERT INTO `gl_account` VALUES ('161750', '', 'ENTERTAINMENT ALLOWANCES', null, '-1', '0', null, null, null, '631', '2013-10-26', null, null);
INSERT INTO `gl_account` VALUES ('671160', '', 'OTHER ALLOWANCES', null, '-1', '0', null, null, null, '631', '2013-10-26', null, null);
INSERT INTO `gl_account` VALUES ('7828927', '', 'PROVIDENT FUND', null, '-1', '0', null, null, null, '631', '2013-10-26', null, null);
INSERT INTO `gl_account` VALUES ('20709902', '', 'BONUS', null, '-1', '0', null, null, null, '631', '2013-10-26', null, null);
INSERT INTO `gl_account` VALUES ('7406355', '', 'GRATUITY', null, '-1', '0', null, null, null, '631', '2013-10-26', null, null);
INSERT INTO `gl_account` VALUES ('30060', '', 'UTILITY CHARGES', null, '-1', '0', null, null, null, '631', '2013-10-26', null, null);
INSERT INTO `gl_account` VALUES ('50300', '', 'SECURITY GUARD', null, '-1', '0', null, null, null, '631', '2013-10-26', null, null);
INSERT INTO `gl_account` VALUES ('3607692', '', 'OUTSOURCING EXPENSE', null, '-1', '0', null, null, null, '631', '2013-10-26', null, null);
INSERT INTO `gl_account` VALUES ('5999250', '', 'DST SALARY', null, '-1', '0', null, null, null, '631', '2013-10-26', null, null);
INSERT INTO `gl_account` VALUES ('2153783', '', 'COMMISSION FOR DST', null, '-1', '0', null, null, null, '631', '2013-10-26', null, null);
INSERT INTO `gl_account` VALUES ('20361339', '', 'RENT (OFFICE)', null, '-1', '0', null, null, null, '631', '2013-10-26', null, null);
INSERT INTO `gl_account` VALUES ('586050', '', 'RENT (GODOWN)', null, '-1', '0', null, null, null, '631', '2013-10-26', null, null);
INSERT INTO `gl_account` VALUES ('2767500', '', 'ATM RENT', null, '-1', '0', null, null, null, '631', '2013-10-26', null, null);
INSERT INTO `gl_account` VALUES ('980000', '', 'LEASE RENT', null, '-1', '0', null, null, null, '631', '2013-10-26', null, null);
INSERT INTO `gl_account` VALUES ('3078585', '', 'RATES & TAXES', null, '-1', '0', null, null, null, '631', '2013-10-26', null, null);
INSERT INTO `gl_account` VALUES ('44000', '', 'INSURANCE L0CKER', null, '-1', '0', null, null, null, '631', '2013-10-26', null, null);
INSERT INTO `gl_account` VALUES ('102000', '', 'INSU:GODOWN', null, '-1', '0', null, null, null, '631', '2013-10-26', null, null);
INSERT INTO `gl_account` VALUES ('6882039', '', 'ELECTRIC BILL (OFFICE)', null, '-1', '0', null, null, null, '631', '2013-10-26', null, null);
INSERT INTO `gl_account` VALUES ('88750', '', 'ELECTRIC BILL (RESIDENCE)', null, '-1', '0', null, null, null, '631', '2013-10-26', null, null);
INSERT INTO `gl_account` VALUES ('259574', '', 'ELEC.FITT.REP.& REPLACEMENT', null, '-1', '0', null, null, null, '631', '2013-10-26', null, null);
INSERT INTO `gl_account` VALUES ('3158260', '', 'DEP.ON LAND,BLDG & CONSTRUCT.', null, '-1', '0', null, null, null, '631', '2013-10-26', null, null);
INSERT INTO `gl_account` VALUES ('1624732', '', 'REPAIR PREMISES', null, '-1', '0', null, null, null, '631', '2013-10-26', null, null);
INSERT INTO `gl_account` VALUES ('2072000', '', 'FUEL (GENERATOR N OTHERS)', null, '-1', '0', null, null, null, '631', '2013-10-26', null, null);
INSERT INTO `gl_account` VALUES ('23431', '', 'REMITTANCE CHARGES', null, '-1', '0', null, null, null, '631', '2013-10-26', null, null);
INSERT INTO `gl_account` VALUES ('55000', '', 'NRB BANK CHARGE', null, '-1', '0', null, null, null, '631', '2013-10-26', null, null);
INSERT INTO `gl_account` VALUES ('34500', '', 'BOARD DEPARTMENT EXPENSES', null, '-1', '0', null, null, null, '631', '2013-10-26', null, null);
INSERT INTO `gl_account` VALUES ('118850', '', 'DIRECTORS FEES', null, '-1', '0', null, null, null, '631', '2013-10-26', null, null);
INSERT INTO `gl_account` VALUES ('1458333', '', 'ANNUAL GENERAL MEETING', null, '-1', '0', null, null, null, '631', '2013-10-26', null, null);
INSERT INTO `gl_account` VALUES ('3460353', '', 'ONLINE COMMUNICATION RENT', null, '-1', '0', null, null, null, '631', '2013-10-26', null, null);
INSERT INTO `gl_account` VALUES ('130198', '', 'INSURANCE', null, '-1', '0', null, null, null, '631', '2013-10-26', null, null);
INSERT INTO `gl_account` VALUES ('1600000', '', 'INSU.CASH IN TR./SAFE/COUNTER', null, '-1', '0', null, null, null, '631', '2013-10-26', null, null);
INSERT INTO `gl_account` VALUES ('254212', '', 'INSURANCE:VEHICLE', null, '-1', '0', null, null, null, '631', '2013-10-26', null, null);
INSERT INTO `gl_account` VALUES ('303937', '', 'INSU:FURNITURES & FIXT./STATIO', null, '-1', '0', null, null, null, '631', '2013-10-26', null, null);
INSERT INTO `gl_account` VALUES ('952000', '', 'GROUP INSURANCE', null, '-1', '0', null, null, null, '631', '2013-10-26', null, null);
INSERT INTO `gl_account` VALUES ('5053333', '', 'DEPOSIT INSURANCE SCHEME', null, '-1', '0', null, null, null, '631', '2013-10-26', null, null);
INSERT INTO `gl_account` VALUES ('590000', '', 'OTHER INSURANCE', null, '-1', '0', null, null, null, '631', '2013-10-26', null, null);
INSERT INTO `gl_account` VALUES ('7000', '', 'PREMIUM PAID ON ESS', null, '-1', '0', null, null, null, '631', '2013-10-26', null, null);
INSERT INTO `gl_account` VALUES ('3000', '', 'PREMIUM PAID ON MSS', null, '-1', '0', null, null, null, '631', '2013-10-26', null, null);
INSERT INTO `gl_account` VALUES ('80000', '', 'PREMIUM PAID ON SCHEME', null, '-1', '0', null, null, null, '631', '2013-10-26', null, null);
INSERT INTO `gl_account` VALUES ('300000', '', 'INSURANCE PREMIUM PAID ON CITY PROJONMO', null, '-1', '0', null, null, null, '631', '2013-10-26', null, null);
INSERT INTO `gl_account` VALUES ('42577', '', 'CAR EXPENCES', null, '-1', '0', null, null, null, '631', '2013-10-26', null, null);
INSERT INTO `gl_account` VALUES ('1756937', '', 'FUEL', null, '-1', '0', null, null, null, '631', '2013-10-26', null, null);
INSERT INTO `gl_account` VALUES ('800596', '', 'REPAIR REPLACEMENT & SERVICING', null, '-1', '0', null, null, null, '631', '2013-10-26', null, null);
INSERT INTO `gl_account` VALUES ('11683210', '', 'REPAIR REPLACEMENT & SERVICING - STAFF', null, '-1', '0', null, null, null, '631', '2013-10-26', null, null);
INSERT INTO `gl_account` VALUES ('2068543', '', 'POSTAGE', null, '-1', '0', null, null, null, '631', '2013-10-26', null, null);
INSERT INTO `gl_account` VALUES ('343233', '', 'TELEPHONE INTALLATION', null, '-1', '0', null, null, null, '631', '2013-10-26', null, null);
INSERT INTO `gl_account` VALUES ('788475', '', 'E.MAIL CHARGES', null, '-1', '0', null, null, null, '631', '2013-10-26', null, null);
INSERT INTO `gl_account` VALUES ('2405159', '', 'TELEPHONE BILL (OFFICE)', null, '-1', '0', null, null, null, '631', '2013-10-26', null, null);
INSERT INTO `gl_account` VALUES ('438821', '', 'TELEPHONE BILL (RESIDENCE)', null, '-1', '0', null, null, null, '631', '2013-10-26', null, null);
INSERT INTO `gl_account` VALUES ('1301655', '', 'RIBBON,DISKETS ETC', null, '-1', '0', null, null, null, '631', '2013-10-26', null, null);
INSERT INTO `gl_account` VALUES ('3255634', '', 'SOFTWARE', null, '-1', '0', null, null, null, '631', '2013-10-26', null, null);
INSERT INTO `gl_account` VALUES ('312500', '', 'AMORTIZATION OF USER LICENSE', null, '-1', '0', null, null, null, '631', '2013-10-26', null, null);
INSERT INTO `gl_account` VALUES ('4940647', '', 'DEP.ON FURNITURE & FIXTURE', null, '-1', '0', null, null, null, '631', '2013-10-26', null, null);
INSERT INTO `gl_account` VALUES ('3114950', '', 'DEP. OF VEHICLE', null, '-1', '0', null, null, null, '631', '2013-10-26', null, null);
INSERT INTO `gl_account` VALUES ('17361500', '', 'DEP.ON MACHINERIES & EQUIP.', null, '-1', '0', null, null, null, '631', '2013-10-26', null, null);
INSERT INTO `gl_account` VALUES ('912284', '', 'DEP.ON OTHER PROPERTIES', null, '-1', '0', null, null, null, '631', '2013-10-26', null, null);
INSERT INTO `gl_account` VALUES ('939270', '', 'WASHING & CLEANING', null, '-1', '0', null, null, null, '631', '2013-10-26', null, null);
INSERT INTO `gl_account` VALUES ('7073323', '', 'SECURITY EXPENSES', null, '-1', '0', null, null, null, '631', '2013-10-26', null, null);
INSERT INTO `gl_account` VALUES ('138882', '', 'FURNITURE & FIXTURE', null, '-1', '0', null, null, null, '631', '2013-10-26', null, null);
INSERT INTO `gl_account` VALUES ('3029366', '', 'EQUIPMENTS & MACHINERIES', null, '-1', '0', null, null, null, '631', '2013-10-26', null, null);
INSERT INTO `gl_account` VALUES ('2859048', '', 'PRINTING STATIONERY', null, '-1', '0', null, null, null, '631', '2013-10-26', null, null);
INSERT INTO `gl_account` VALUES ('1213123', '', 'SECURITY STATIONERY', null, '-1', '0', null, null, null, '631', '2013-10-26', null, null);
INSERT INTO `gl_account` VALUES ('1399423', '', 'OFFICE STATIONERY', null, '-1', '0', null, null, null, '631', '2013-10-26', null, null);
INSERT INTO `gl_account` VALUES ('404919', '', 'DONATION', null, '-1', '0', null, null, null, '631', '2013-10-26', null, null);
INSERT INTO `gl_account` VALUES ('61030', '', 'SUBS.TO PERIODICAL,NEWSPAPER', null, '-1', '0', null, null, null, '631', '2013-10-26', null, null);
INSERT INTO `gl_account` VALUES ('671781', '', 'SUBS.TO INSTITUTION', null, '-1', '0', null, null, null, '631', '2013-10-26', null, null);
INSERT INTO `gl_account` VALUES ('5339524', '', 'NEWSPAPER & MAGAZINE', null, '-1', '0', null, null, null, '631', '2013-10-26', null, null);
INSERT INTO `gl_account` VALUES ('4083000', '', 'TELEVISION & RADIO', null, '-1', '0', null, null, null, '631', '2013-10-26', null, null);
INSERT INTO `gl_account` VALUES ('3962500', '', 'ADVERTISEMENT-BILLBOARD', null, '-1', '0', null, null, null, '631', '2013-10-26', null, null);
INSERT INTO `gl_account` VALUES ('3915736', '', 'ADVERTISEMENT-SPONSORSHIP', null, '-1', '0', null, null, null, '631', '2013-10-26', null, null);
INSERT INTO `gl_account` VALUES ('8000', '', 'INCENTIVE FOR VEHICLE VENDORS', null, '-1', '0', null, null, null, '631', '2013-10-26', null, null);
INSERT INTO `gl_account` VALUES ('3035547', '', 'BUSINESS DEVELOPMENT', null, '-1', '0', null, null, null, '631', '2013-10-26', null, null);
INSERT INTO `gl_account` VALUES ('5505986', '', 'ENTERTAINMENT EXPENSES', null, '-1', '0', null, null, null, '631', '2013-10-26', null, null);
INSERT INTO `gl_account` VALUES ('3595871', '', 'TRAINING,SEMINAR,WORKSHOP', null, '-1', '0', null, null, null, '631', '2013-10-26', null, null);
INSERT INTO `gl_account` VALUES ('1196431', '', 'LOCAL TRAVELLING', null, '-1', '0', null, null, null, '631', '2013-10-26', null, null);
INSERT INTO `gl_account` VALUES ('830833', '', 'FOREIGN TRAVELLING', null, '-1', '0', null, null, null, '631', '2013-10-26', null, null);
INSERT INTO `gl_account` VALUES ('680145', '', 'CONVEYANCE', null, '-1', '0', null, null, null, '631', '2013-10-26', null, null);
INSERT INTO `gl_account` VALUES ('114750', '', 'CARTAGE & FREIGHT', null, '-1', '0', null, null, null, '631', '2013-10-26', null, null);
INSERT INTO `gl_account` VALUES ('126500', '', 'LIVERAGE & UNIFORM', null, '-1', '0', null, null, null, '631', '2013-10-26', null, null);
INSERT INTO `gl_account` VALUES ('162000', '', 'CASH CARRYING CHARGE', null, '-1', '0', null, null, null, '631', '2013-10-26', null, null);
INSERT INTO `gl_account` VALUES ('165000', '', 'MEDICAL EXPENSES', null, '-1', '0', null, null, null, '631', '2013-10-26', null, null);
INSERT INTO `gl_account` VALUES ('1204860', '', 'LAW CHARGES', null, '-1', '0', null, null, null, '631', '2013-10-26', null, null);
INSERT INTO `gl_account` VALUES ('851', '', 'POWER OF ATTORN/NOTARY PUB.EX', null, '-1', '0', null, null, null, '631', '2013-10-26', null, null);
INSERT INTO `gl_account` VALUES ('41956', '', 'STAMP CHARGES', null, '-1', '0', null, null, null, '631', '2013-10-26', null, null);
INSERT INTO `gl_account` VALUES ('70833', '', 'AUDITORS FEES', null, '-1', '0', null, null, null, '631', '2013-10-26', null, null);
INSERT INTO `gl_account` VALUES ('603263', '', 'SUNDRY EXPENSES', null, '-1', '0', null, null, null, '631', '2013-10-26', null, null);
INSERT INTO `gl_account` VALUES ('180000', '', 'CIB CHARGES FOR RETAIL', null, '-1', '0', null, null, null, '631', '2013-10-26', null, null);
INSERT INTO `gl_account` VALUES ('1630000', '', 'CONSULTANCY FEE', null, '-1', '0', null, null, null, '631', '2013-10-26', null, null);
INSERT INTO `gl_account` VALUES ('1025000', '', 'CHARGE FOR CPV AGENT', null, '-1', '0', null, null, null, '631', '2013-10-26', null, null);
INSERT INTO `gl_account` VALUES ('1452000', '', 'COMM.PAID TO RECOVERY AGENT', null, '-1', '0', null, null, null, '631', '2013-10-26', null, null);
INSERT INTO `gl_account` VALUES ('566667', '', 'REWARD AND RECOGNITION TO EMPLOYEES', null, '-1', '0', null, null, null, '631', '2013-10-26', null, null);
INSERT INTO `gl_account` VALUES ('2982777', '', 'AMORTIZATION OF ROYALTY', null, '-1', '0', null, null, null, '631', '2013-10-26', null, null);
INSERT INTO `gl_account` VALUES ('756754', '', 'STAFF REFRESHMENT', null, '-1', '0', null, null, null, '631', '2013-10-26', null, null);
INSERT INTO `gl_account` VALUES ('172500', '', 'STAFF ACTIVITIES', null, '-1', '0', null, null, null, '631', '2013-10-26', null, null);
INSERT INTO `gl_account` VALUES ('50000', '', 'STUDENT FILE AGENCY COMMISION', null, '-1', '0', null, null, null, '631', '2013-10-26', null, null);
INSERT INTO `gl_account` VALUES ('262500', '', 'STAFF RECRUITMENT', null, '-1', '0', null, null, null, '631', '2013-10-26', null, null);
INSERT INTO `gl_account` VALUES ('53227', '', 'PHOTOCOPY EXPENSES', null, '-1', '0', null, null, null, '631', '2013-10-26', null, null);
INSERT INTO `gl_account` VALUES ('1666667', '', 'RIGHT ISSUE EXPENSES', null, '-1', '0', null, null, null, '631', '2013-10-26', null, null);
INSERT INTO `gl_account` VALUES ('850000', '', 'FRAUD FORGERIES AND OPEX', null, '-1', '0', null, null, null, '631', '2013-10-26', null, null);
INSERT INTO `gl_account` VALUES ('132600', '', 'ADJ. OF CARDFEE, LPC, EOL, INTT, ETC.-LOCAL', null, '-1', '0', null, null, null, '631', '2013-10-26', null, null);
INSERT INTO `gl_account` VALUES ('6050000', '', 'INTERCHANGE FEE-LOCAL', null, '-1', '0', null, null, null, '631', '2013-10-26', null, null);
INSERT INTO `gl_account` VALUES ('340000', '', 'PROCESSING & PERSONALIZATION FEE-LOCAL', null, '-1', '0', null, null, null, '631', '2013-10-26', null, null);
INSERT INTO `gl_account` VALUES ('1000000', '', 'ATM SERVICE CHARGE-LOCAL', null, '-1', '0', null, null, null, '631', '2013-10-26', null, null);
INSERT INTO `gl_account` VALUES ('1030', '', 'MISCLLANEOUS  CITY CARD-LOCAL', null, '-1', '0', null, null, null, '631', '2013-10-26', null, null);
INSERT INTO `gl_account` VALUES ('420000', '', 'MERCHANT COMMISSION', null, '-1', '0', null, null, null, '631', '2013-10-26', null, null);
INSERT INTO `gl_account` VALUES ('20600', '', 'EXPENDITURE A/C ATM SHARING FEES-DBBL', null, '-1', '0', null, null, null, '631', '2013-10-26', null, null);
INSERT INTO `gl_account` VALUES ('463500', '', 'ADJUSTEMNT OF FEES & CHARGES AMEX CARD-LOCAL', null, '-1', '0', null, null, null, '631', '2013-10-26', null, null);
INSERT INTO `gl_account` VALUES ('618000', '', 'OTHERS-AMEX CARD', null, '-1', '0', null, null, null, '631', '2013-10-26', null, null);
INSERT INTO `gl_account` VALUES ('94500', '', 'PLASTIC-AMEX CARD', null, '-1', '0', null, null, null, '631', '2013-10-26', null, null);
INSERT INTO `gl_account` VALUES ('9948500', '', 'AMEX FEES & CHARGES', null, '-1', '0', null, null, null, '631', '2013-10-26', null, null);
INSERT INTO `gl_account` VALUES ('600000', '', 'AMEX CARD DISCOUNT', null, '-1', '0', null, null, null, '631', '2013-10-26', null, null);
INSERT INTO `gl_account` VALUES ('116888', '', 'ISSUER ATM FEES-AMEX CARD', null, '-1', '0', null, null, null, '631', '2013-10-26', null, null);
INSERT INTO `gl_account` VALUES ('73162', '', 'INTEREST WAIVER - AMEX CARD', null, '-1', '0', null, null, null, '631', '2013-10-26', null, null);
INSERT INTO `gl_account` VALUES ('2362718', '', 'INTERCHANGE FEES-AMEX CARD-INTL', null, '-1', '0', null, null, null, '631', '2013-10-26', null, null);
INSERT INTO `gl_account` VALUES ('1910', '', 'ADJUSTMENT OF FEES AND CHARGES MASTER', null, '-1', '0', null, null, null, '631', '2013-10-26', null, null);
INSERT INTO `gl_account` VALUES ('1818155', '', 'MASTER CARD FEES AND CHARGES', null, '-1', '0', null, null, null, '631', '2013-10-26', null, null);
INSERT INTO `gl_account` VALUES ('2426765', '', 'INTERCHANGE FEE MASTER CARD', null, '-1', '0', null, null, null, '631', '2013-10-26', null, null);
INSERT INTO `gl_account` VALUES ('74678', '', 'ISSUER ATM FEES MASTER CARD', null, '-1', '0', null, null, null, '631', '2013-10-26', null, null);
INSERT INTO `gl_account` VALUES ('123461', '', 'PLASTIC MASTER CARD', null, '-1', '0', null, null, null, '631', '2013-10-26', null, null);
INSERT INTO `gl_account` VALUES ('18593', '', 'ADJ. OF CARDFEE, LPC, EOL, INTT, ETC. - INT?L', null, '-1', '0', null, null, null, '631', '2013-10-26', null, null);
INSERT INTO `gl_account` VALUES ('12378', '', 'ADJ. OF CARDFEE, LPC, EOL, INTT, ETC. - INTL', null, '-1', '0', null, null, null, '631', '2013-10-26', null, null);
INSERT INTO `gl_account` VALUES ('1942500', '', 'INTERCHANGE FEE- INTL', null, '-1', '0', null, null, null, '631', '2013-10-26', null, null);
INSERT INTO `gl_account` VALUES ('2992500', '', 'VISA INTERNATIONAL', null, '-1', '0', null, null, null, '631', '2013-10-26', null, null);
INSERT INTO `gl_account` VALUES ('231000', '', 'MISCELLANEOUS -INT[L', null, '-1', '0', null, null, null, '631', '2013-10-26', null, null);

-- ----------------------------
-- Table structure for `grade`
-- ----------------------------
DROP TABLE IF EXISTS `grade`;
CREATE TABLE `grade` (
  `GRADE_ID` int(11) NOT NULL AUTO_INCREMENT,
  `GRADE_NAME` varchar(150) COLLATE latin1_general_ci NOT NULL,
  `CREATED_BY` varchar(50) CHARACTER SET latin1 NOT NULL,
  `CREATED_DATE` date NOT NULL,
  `MODIFY_BY` varchar(50) CHARACTER SET latin1 DEFAULT NULL,
  `MODIFY_DATE` date DEFAULT NULL,
  PRIMARY KEY (`GRADE_ID`)
) ENGINE=MyISAM AUTO_INCREMENT=39 DEFAULT CHARSET=latin1 COLLATE=latin1_general_ci;

-- ----------------------------
-- Records of grade
-- ----------------------------
INSERT INTO `grade` VALUES ('1', 'CHAIRMAN', '', '0000-00-00', null, null);
INSERT INTO `grade` VALUES ('2', 'VICE CHAIRMAN', '', '0000-00-00', null, null);
INSERT INTO `grade` VALUES ('3', 'MD CEO', '', '0000-00-00', null, null);
INSERT INTO `grade` VALUES ('4', 'AMD CBO', '', '0000-00-00', null, null);
INSERT INTO `grade` VALUES ('5', 'AMD CRO', '', '0000-00-00', null, null);
INSERT INTO `grade` VALUES ('6', 'DMD COO', '', '0000-00-00', null, null);
INSERT INTO `grade` VALUES ('7', 'SEVP', '', '0000-00-00', null, null);
INSERT INTO `grade` VALUES ('8', 'EVP', '', '0000-00-00', null, null);
INSERT INTO `grade` VALUES ('9', 'CONSULTANT', '', '0000-00-00', null, null);
INSERT INTO `grade` VALUES ('10', 'SVP', '', '0000-00-00', null, null);
INSERT INTO `grade` VALUES ('11', 'FVP', '', '0000-00-00', null, null);
INSERT INTO `grade` VALUES ('12', 'VP', '', '0000-00-00', null, null);
INSERT INTO `grade` VALUES ('14', 'AVP', '', '0000-00-00', null, null);
INSERT INTO `grade` VALUES ('15', 'SEO', '', '0000-00-00', null, null);
INSERT INTO `grade` VALUES ('16', 'EO', '', '0000-00-00', null, null);
INSERT INTO `grade` VALUES ('18', 'SO', '', '0000-00-00', null, null);
INSERT INTO `grade` VALUES ('19', 'SCO', '', '0000-00-00', null, null);
INSERT INTO `grade` VALUES ('20', 'OFF', '', '0000-00-00', null, null);
INSERT INTO `grade` VALUES ('21', 'SCF', '', '0000-00-00', null, null);
INSERT INTO `grade` VALUES ('22', 'JO', '', '0000-00-00', null, null);
INSERT INTO `grade` VALUES ('23', 'PA', '', '0000-00-00', null, null);
INSERT INTO `grade` VALUES ('24', 'DIRECTOR', '', '0000-00-00', null, null);
INSERT INTO `grade` VALUES ('25', 'JCO', '', '0000-00-00', null, null);
INSERT INTO `grade` VALUES ('26', 'SECO', '', '0000-00-00', null, null);
INSERT INTO `grade` VALUES ('27', 'CO', '', '0000-00-00', null, null);
INSERT INTO `grade` VALUES ('28', 'ACO', '', '0000-00-00', null, null);
INSERT INTO `grade` VALUES ('29', 'COMP. OPERATOR', '', '0000-00-00', null, null);
INSERT INTO `grade` VALUES ('30', 'SR. COMP. OPERATOR', '', '0000-00-00', null, null);
INSERT INTO `grade` VALUES ('31', 'STENOGRAPHER', '', '0000-00-00', null, null);
INSERT INTO `grade` VALUES ('34', 'SAVP', '', '0000-00-00', null, null);
INSERT INTO `grade` VALUES ('38', 'DMD SME', '', '0000-00-00', null, null);

-- ----------------------------
-- Table structure for `main_category`
-- ----------------------------
DROP TABLE IF EXISTS `main_category`;
CREATE TABLE `main_category` (
  `MAIN_CATEGORY_ID` int(10) unsigned NOT NULL AUTO_INCREMENT,
  `MAIN_CATEGOTY_NAME` varchar(80) DEFAULT NULL COMMENT 'Product Name,y,,,,20,1',
  `PROCESS_DEPARTMENT_ID` int(10) DEFAULT NULL COMMENT 'Process Department,y,,,,20,2',
  `DESCRIPTION` varchar(200) NOT NULL,
  `DIM_ID` int(10) unsigned NOT NULL DEFAULT '1',
  `CREATED_BY` varchar(255) CHARACTER SET latin1 DEFAULT NULL,
  `CREATED_DATE` datetime DEFAULT NULL,
  `MODIFY_BY` varchar(255) CHARACTER SET latin1 DEFAULT NULL,
  `MODIFY_DATE` datetime DEFAULT NULL,
  PRIMARY KEY (`MAIN_CATEGORY_ID`),
  KEY `FK_CATEGORY_INVENTORY` (`DIM_ID`),
  KEY `FK_CATEGORY_EXPENSE` (`DIM_ID`),
  KEY `FK_CATEGORY_REVENUE` (`DIM_ID`),
  KEY `FK_CATEGORY_VAT` (`DESCRIPTION`)
) ENGINE=MyISAM AUTO_INCREMENT=15 DEFAULT CHARSET=utf8;

-- ----------------------------
-- Records of main_category
-- ----------------------------
INSERT INTO `main_category` VALUES ('4', 'PROMOTIONAL & BRANDING', '1', '', '1', null, null, null, null);
INSERT INTO `main_category` VALUES ('3', 'OFFICE EQUIPMENT', '2', '', '1', null, null, null, null);
INSERT INTO `main_category` VALUES ('2', 'PRINTING', '3', 'TTTT', '1', null, null, null, null);
INSERT INTO `main_category` VALUES ('1', 'IT & IT ACCESSORIES', '4', 'TTTT', '1', null, null, null, null);
INSERT INTO `main_category` VALUES ('5', 'ELECTRICAL & ELECTRONICS', '5', '', '1', null, null, null, null);
INSERT INTO `main_category` VALUES ('6', 'VEHICLE', '6', '', '1', null, null, null, null);
INSERT INTO `main_category` VALUES ('7', 'FURNITURE', '7', '', '1', null, null, null, null);
INSERT INTO `main_category` VALUES ('8', 'OFFICE STATIONERY', '8', '', '1', null, null, null, null);
INSERT INTO `main_category` VALUES ('12', 'SERVICES', '9', '', '1', null, null, null, null);
INSERT INTO `main_category` VALUES ('14', 'rrrrrrrrrrrrrrrrrrrrr', '7', '', '1', 'admin', '2013-02-13 00:00:00', null, null);

-- ----------------------------
-- Table structure for `marital_status`
-- ----------------------------
DROP TABLE IF EXISTS `marital_status`;
CREATE TABLE `marital_status` (
  `MARITAL_STATUS_ID` int(11) unsigned NOT NULL,
  `MARITAL_STATUS_NAME` varchar(100) DEFAULT NULL COMMENT 'Marital Status,y,Y,,,20,1',
  `CREATED_DATE` datetime NOT NULL,
  `MODIFY_BY` varchar(50) DEFAULT NULL,
  `MODIFY_DATE` date DEFAULT NULL,
  `CREATED_BY` varchar(50) NOT NULL,
  PRIMARY KEY (`MARITAL_STATUS_ID`)
) ENGINE=MyISAM AUTO_INCREMENT=22 DEFAULT CHARSET=utf8;

-- ----------------------------
-- Records of marital_status
-- ----------------------------
INSERT INTO `marital_status` VALUES ('1', 'Unmarried', '2013-04-23 00:00:00', '2013-04-24', null, 'admin');
INSERT INTO `marital_status` VALUES ('3', 'Married', '2013-06-15 00:00:00', null, null, 'admin');

-- ----------------------------
-- Table structure for `master_input_type`
-- ----------------------------
DROP TABLE IF EXISTS `master_input_type`;
CREATE TABLE `master_input_type` (
  `INPUT_TYPE_ID` int(11) NOT NULL AUTO_INCREMENT,
  `INPUT_TYPE_NAME` varchar(50) DEFAULT NULL,
  `INPUT_TYPE_DISPLAY` varchar(50) DEFAULT NULL,
  PRIMARY KEY (`INPUT_TYPE_ID`)
) ENGINE=InnoDB AUTO_INCREMENT=8 DEFAULT CHARSET=latin1;

-- ----------------------------
-- Records of master_input_type
-- ----------------------------
INSERT INTO `master_input_type` VALUES ('1', 'TEXT', 'TEXT');
INSERT INTO `master_input_type` VALUES ('2', 'SELECT', 'COMBO BOX');
INSERT INTO `master_input_type` VALUES ('3', 'RADIO', 'RADIO BUTTON');
INSERT INTO `master_input_type` VALUES ('4', 'CHECKBOX', 'CHECK BOX');
INSERT INTO `master_input_type` VALUES ('5', 'TEXT', 'SEARCH');
INSERT INTO `master_input_type` VALUES ('6', 'FILE', 'FILE');
INSERT INTO `master_input_type` VALUES ('7', 'TEXTAREA', 'TEXT AREA');

-- ----------------------------
-- Table structure for `master_logger`
-- ----------------------------
DROP TABLE IF EXISTS `master_logger`;
CREATE TABLE `master_logger` (
  `LOGGID` int(10) unsigned NOT NULL AUTO_INCREMENT,
  `LOGGTEXT` varchar(2000) DEFAULT NULL,
  `LOGGTIME` datetime DEFAULT NULL,
  `USERNAME` varchar(16) DEFAULT NULL,
  `LEVEL` smallint(6) NOT NULL DEFAULT '1',
  PRIMARY KEY (`LOGGID`)
) ENGINE=MyISAM DEFAULT CHARSET=utf8;

-- ----------------------------
-- Records of master_logger
-- ----------------------------

-- ----------------------------
-- Table structure for `master_object`
-- ----------------------------
DROP TABLE IF EXISTS `master_object`;
CREATE TABLE `master_object` (
  `MASTER_OBJECT_ID` int(11) NOT NULL AUTO_INCREMENT,
  `OBJECT_NAME` varchar(100) DEFAULT NULL,
  `FIELD_NAME` varchar(100) DEFAULT NULL,
  `GRID_TITLE` varchar(255) DEFAULT NULL,
  `SQL_QUERY` text,
  `SEARCH_FILE` varchar(50) DEFAULT NULL,
  `AJAX_CALL` varchar(1) DEFAULT NULL,
  `AJAX_FILE_NAME` varchar(50) DEFAULT NULL,
  `AJAX_SQL` text,
  `AFFECTED_FIELD_NAME` int(3) DEFAULT NULL,
  `TR_TYPE` int(2) DEFAULT NULL,
  `CREATED_BY` varchar(50) NOT NULL,
  `CREATED_DATE` datetime NOT NULL,
  `MODIFY_BY` varchar(50) DEFAULT NULL,
  `MODIFY_DATE` date DEFAULT NULL,
  PRIMARY KEY (`MASTER_OBJECT_ID`)
) ENGINE=MyISAM AUTO_INCREMENT=76 DEFAULT CHARSET=utf8 ROW_FORMAT=DYNAMIC;

-- ----------------------------
-- Records of master_object
-- ----------------------------
INSERT INTO `master_object` VALUES ('2', 'workflow_group_details', 'WORKFLOW_GROUP_ID', null, 'SELECT defult_workflow_group_id, workflow_name FROM workflow_group ORDER BY workflow_name', null, null, null, null, null, '1', '', '0000-00-00 00:00:00', null, null);
INSERT INTO `master_object` VALUES ('3', 'division', null, 'Division List', 'SELECT DIVISION_ID, DIVISION_NAME FROM division ORDER BY DIVISION_NAME', null, null, null, null, null, '2', '', '0000-00-00 00:00:00', null, null);
INSERT INTO `master_object` VALUES ('6', 'branch', null, 'Branch List', 'SELECT  branch.BRANCH_ID,branch.BRANCH_NAME,department.DEPARTMENT_NAME\r\n FROM branch \r\n LEFT JOIN department\r\n ON department.DEPARTMENT_ID=branch.BRANCH_ID\r\n\r\n ORDER BY BRANCH_NAME', null, null, null, null, null, '2', '', '0000-00-00 00:00:00', null, null);
INSERT INTO `master_object` VALUES ('7', 'department', null, 'Department', 'SELECT  D.DEPARTMENT_ID,DEPARTMENT_NAME,DV.DIVISION_NAME\r\n FROM department AS D \r\n LEFT JOIN division AS DV\r\n ON DV.DIVISION_ID=D.DEPARTMENT_ID\r\n\r\n ORDER BY D.DEPARTMENT_NAME', null, null, null, null, null, '2', '', '0000-00-00 00:00:00', null, null);
INSERT INTO `master_object` VALUES ('14', 'employee_details', 'BRANCH_ID', null, 'SELECT BRANCH_ID, BRANCH_NAME from branch ORDER BY BRANCH_NAME', null, null, null, null, null, '1', '', '0000-00-00 00:00:00', null, null);
INSERT INTO `master_object` VALUES ('15', 'employee_details', 'EMPLOYEE_DESIGNATION_ID', null, 'SELECT DESIGNATION_ID,DESIGNATION_NAME FROM designation ORDER BY DESIGNATION_NAME', null, null, null, null, null, '1', '', '0000-00-00 00:00:00', null, null);
INSERT INTO `master_object` VALUES ('16', 'employee_details', null, 'Employee Details', 'SELECT  emp.EMPLOYEE_DETAILS_ID, emp.GIVENNAME , emp.EMAIL,dv.DIVISION_NAME, dp.DEPARTMENT_NAME, br.BRANCH_NAME \r\nFROM employee_details AS emp\r\n\r\nLEFT JOIN division AS dv ON  emp.DIVISION_ID=dv.DIVISION_ID\r\nLEFT JOIN department AS dp ON emp.DEPARTMENT_ID=dp.DEPARTMENT_ID\r\nLEFT JOIN branch AS br ON emp.BRANCH_ID=br.BRANCH_ID\r\nORDER BY emp.GIVENNAME', null, null, null, null, null, '2', '', '0000-00-00 00:00:00', null, null);
INSERT INTO `master_object` VALUES ('17', 'employee_details', 'GRADE', null, 'SELECT GRADE_ID,GRADE_NAME FROM grade ORDER BY GRADE_NAME', null, null, null, null, null, '1', '', '0000-00-00 00:00:00', null, null);
INSERT INTO `master_object` VALUES ('18', 'employee_details', 'DIVISION_ID', null, 'SELECT DIVISION_ID,DIVISION_NAME FROM division ORDER BY DIVISION_NAME', null, null, null, null, null, '1', '', '0000-00-00 00:00:00', null, null);
INSERT INTO `master_object` VALUES ('19', 'employee_details', 'DEPARTMENT_ID', null, 'SELECT DEPARTMENT_ID,DEPARTMENT_NAME from department ORDER BY DEPARTMENT_NAME', null, null, null, null, null, '1', '', '0000-00-00 00:00:00', null, null);
INSERT INTO `master_object` VALUES ('20', 'main_category', null, 'Main Category', 'SELECT main_category.MAIN_CATEGORY_ID ,main_category.MAIN_CATEGOTY_NAME,process_department.ROUTE_NAME FROM main_category \r\nLEFT JOIN Process_department ON main_category.PROCESS_DEPARTMENT_ID=process_department.REQUISITION_ROUTE_ID ORDER BY MAIN_CATEGORY_ID', null, null, null, null, null, '2', '', '0000-00-00 00:00:00', null, null);
INSERT INTO `master_object` VALUES ('21', 'cost_center_code', null, '', 'SELECT cost_center_code.cost_center_code_ID,cost_center_code.COST_CODE,cost_center_code.COST_NAME,division.DIVISION_NAME\r\nFROM cost_center_code\r\nLEFT JOIN division\r\nON division.DIVISION_ID=cost_center_code.cost_center_code_ID ORDER BY COST_NAME\r\n', null, null, null, null, null, '2', '', '0000-00-00 00:00:00', null, null);
INSERT INTO `master_object` VALUES ('22', 'cost_center_code', 'DIVISIONID', null, 'SELECT DIVISION_ID,DIVISION_NAME FROM division GROUP BY DIVISION_NAME', null, null, null, null, null, '1', '', '0000-00-00 00:00:00', null, null);
INSERT INTO `master_object` VALUES ('23', 'expense_account', null, 'Expence Account', 'SELECT EXPENSE_ACCOUNT_ID, CONCAT(ACCOUNT_NAME,\'-\',ACCOUNT_CODE) AS  ACCOUNT_NAME, mc.MAIN_CATEGOTY_NAME \r\nFROM expense_account ex\r\nLEFT JOIN main_category AS mc ON mc.MAIN_CATEGORY_ID=ex.MAIN_ACCOUNT_ID\r\nORDER BY ACCOUNT_NAME', null, null, null, null, null, '2', '', '0000-00-00 00:00:00', null, null);
INSERT INTO `master_object` VALUES ('24', 'expense_account', 'MAIN_ACCOUNT_ID', null, 'SELECT MAIN_CATEGORY_ID,MAIN_CATEGOTY_NAME FROM main_category ORDER BY MAIN_CATEGOTY_NAME', null, null, null, null, null, '1', '', '0000-00-00 00:00:00', null, null);
INSERT INTO `master_object` VALUES ('25', 'main_category', 'PROCESS_DEPARTMENT_ID', null, 'SELECT REQUISITION_ROUTE_ID,ROUTE_NAME FROM process_department ORDER BY ROUTE_NAME', null, null, null, null, null, '1', '', '0000-00-00 00:00:00', null, null);
INSERT INTO `master_object` VALUES ('26', 'category', null, 'Category', 'SELECT category.CATEGORY_ID,category.DESCRIPTION,main_category.MAIN_CATEGOTY_NAME FROM category LEFT JOIN main_category\r\nON category.CATEGORY_ID=main_category.MAIN_CATEGORY_ID\r\n ORDER BY CATEGORY_ID', null, null, null, null, null, '2', '', '0000-00-00 00:00:00', null, null);
INSERT INTO `master_object` VALUES ('27', 'category', 'MAINCATEGORY_ID', null, 'SELECT MAIN_CATEGORY_ID,MAIN_CATEGOTY_NAME FROM  main_category ORDER BY MAIN_CATEGOTY_NAME', null, null, null, null, null, '1', '', '0000-00-00 00:00:00', null, null);
INSERT INTO `master_object` VALUES ('28', 'branch', 'DIVISION_ID', null, 'SELECT DIVISION_ID,DIVISION_NAME FROM division ORDER BY DIVISION_NAME', null, null, null, null, null, '1', '', '0000-00-00 00:00:00', null, null);
INSERT INTO `master_object` VALUES ('29', 'department', 'DIVISION_ID', null, 'SELECT DIVISION_ID,DIVISION_NAME\r\nFROM division ORDER BY DIVISION_NAME ', null, null, null, null, null, '1', '', '0000-00-00 00:00:00', '1', '2013-05-15');
INSERT INTO `master_object` VALUES ('30', 'product', null, 'Product', 'SELECT product.PRODUCT_ID, product.ITEM_CODE, CONCAT(main_category.MAIN_CATEGOTY_NAME,\'->\',category.DESCRIPTION,\'->\',product.MODEL) as Item \r\n\r\nFROM product\r\nLEFT JOIN main_category ON product.MAIN_CATEGORY_ID=main_category.MAIN_CATEGORY_ID\r\nLEFT JOIN category ON product.CATEGORY_ID=category.CATEGORY_ID\r\nORDER BY MODEL', null, null, null, null, null, '2', '', '0000-00-00 00:00:00', null, null);
INSERT INTO `master_object` VALUES ('31', 'product', 'MAIN_CATEGORY_ID', null, 'SELECT MAIN_CATEGORY_ID,MAIN_CATEGOTY_NAME FROM main_category ORDER BY MAIN_CATEGOTY_NAME', null, null, null, null, null, '1', '', '0000-00-00 00:00:00', null, null);
INSERT INTO `master_object` VALUES ('32', 'product', 'CATEGORY_ID', null, 'SELECT CATEGORY_ID, CATEGORY_NAME FROM category ORDER BY CATEGORY_NAME', null, null, null, null, null, '1', '', '0000-00-00 00:00:00', '2010441', '2013-05-08');
INSERT INTO `master_object` VALUES ('33', 'product', 'REQUISITION_ROUTE_ID', null, 'SELECT REQUISITION_ROUTE_ID,ROUTE_NAME FROM process_department ORDER BY ROUTE_NAME', null, null, null, null, null, '1', '', '0000-00-00 00:00:00', null, null);
INSERT INTO `master_object` VALUES ('34', 'product', 'UNITTYPE_ID', null, 'SELECT UNIT_TYPE_ID,UNIT_TYPE_NAME FROM unit_type ORDER BY UNIT_TYPE_NAME', null, null, null, null, null, '1', '', '0000-00-00 00:00:00', null, null);
INSERT INTO `master_object` VALUES ('35', 'product', 'PRODUCT_GROUP_ID', null, 'SELECT PRODUCT_GROUP_ID,GROUP_NAME FROM product_group ORDER BY GROUP_NAME', null, null, null, null, null, '1', '', '0000-00-00 00:00:00', null, null);
INSERT INTO `master_object` VALUES ('36', 'employee_details', 'COSTCENTER_ID', null, 'SELECT cost_center_code_ID,COST_NAME FROM cost_center_code  ORDER BY COST_NAME', null, null, null, null, null, '1', '', '0000-00-00 00:00:00', null, null);
INSERT INTO `master_object` VALUES ('37', 'employee_details', 'EMPLOYEE_TYPE', null, 'SELECT EMPLOYEE_TYPE_ID,TYPE_NAME FROM employee_type ORDER BY TYPE_NAME', null, null, null, null, null, '1', '', '0000-00-00 00:00:00', null, null);
INSERT INTO `master_object` VALUES ('38', 'employee_details', 'OFFICE_ID', null, 'SELECT OFFICE_TYPE_ID,OFFICE_NAME FROM office_type ORDER BY OFFICE_NAME', null, null, null, null, null, '1', '', '0000-00-00 00:00:00', null, null);
INSERT INTO `master_object` VALUES ('39', 'product', 'REQUSITION_FOR_ID', null, 'SELECT REQUISITION_FOR_ID,REQUISITION_FOR FROM requisition_for ORDER BY REQUISITION_FOR', null, null, null, null, null, '1', '', '0000-00-00 00:00:00', null, null);
INSERT INTO `master_object` VALUES ('40', 'category', 'PROCESS_DEPARTMENT_ID', null, '', null, null, null, null, null, '1', '2010441', '2013-04-20 13:17:21', null, null);
INSERT INTO `master_object` VALUES ('41', 'product', 'ISACTIVE', null, '', null, null, null, null, null, '1', '2010441', '2013-05-01 10:31:52', '1224', '2013-05-12');
INSERT INTO `master_object` VALUES ('42', 'product', 'AT_ACTUAL', null, 'Yes', null, null, null, null, null, '1', '2010441', '2013-05-01 11:57:52', '1224', '2013-05-12');
INSERT INTO `master_object` VALUES ('43', 'category_sub', 'CATEGORY_ID', null, 'SELECT CATEGORY_ID, CATEGORY_NAME FROM category ORDER BY CATEGORY_NAME', null, null, null, null, null, '1', '2010441', '2013-05-06 10:58:13', null, null);
INSERT INTO `master_object` VALUES ('44', 'employee', 'ISACTIVE', null, 'Yes', null, null, null, null, null, '1', '2010441', '2013-05-07 11:35:09', '1', '2013-06-04');
INSERT INTO `master_object` VALUES ('45', 'employee', 'DESIGNATION_ID', null, 'SELECT DESIGNATION_ID, DESIGNATION_NAME FROM designation ORDER BY DESIGNATION_SORT', null, null, null, null, null, '1', '2010441', '2013-05-07 11:38:08', null, null);
INSERT INTO `master_object` VALUES ('46', 'employee', 'BRANCH_ID', null, 'SELECT BRANCH_ID, BRANCH_CODE, BRANCH_NAME FROM branch ORDER BY BRANCH_NAME', null, null, null, null, null, '1', '2010441', '2013-05-07 11:40:14', null, null);
INSERT INTO `master_object` VALUES ('47', 'employee', 'DEPARTMENT_ID', null, 'SELECT DEPARTMENT_ID, DEPARTMENT_NAME FROM department ORDER BY DEPARTMENT_SORT', null, null, null, null, null, '1', '2010441', '2013-05-07 11:41:30', null, null);
INSERT INTO `master_object` VALUES ('48', 'employee', 'DIVISION_ID', null, 'SELECT DIVISION_ID, DIVISION_NAME FROM division ORDER BY DIVISION_SORT', null, null, null, null, null, '1', '2010441', '2013-05-07 11:42:22', null, null);
INSERT INTO `master_object` VALUES ('49', 'product', 'CATEGORY_SUB_ID', null, 'SELECT CATEGORY_SUB_ID, CATEGORY_SUB_NAME FROM category_sub ORDER BY CATEGORY_SUB_NAME', null, null, null, null, null, '1', 'admin', '2013-05-07 13:33:53', null, null);
INSERT INTO `master_object` VALUES ('50', 'product', 'PRODUCT_TYPE_ID', null, '', null, null, null, null, null, '1', '2010441', '2013-05-09 10:52:50', '1', '2013-05-26');
INSERT INTO `master_object` VALUES ('55', 'employee', 'OFFICE_TYPE_ID', null, 'SELECT * FROM office_type', null, null, null, null, null, '1', '1', '2013-05-29 11:59:43', '1', '2013-07-07');
INSERT INTO `master_object` VALUES ('51', 'employee', 'LINE_MANAGER_ID', null, 'SELECT EMPLOYEE_ID, CARD_NO, FIRST_NAME FROM employee WHERE ISACTIVE=\'1\' ORDER BY CARD_NO', null, null, null, null, null, '1', '1224', '2013-05-09 14:58:14', '1', '2013-05-27');
INSERT INTO `master_object` VALUES ('52', 'product', 'PROCESS_DEPT_ID', null, 'SELECT PROCESS_DEPT_ID, PROCESS_DEPT_NAME FROM process_dept', null, null, null, null, null, '1', '1224', '2013-05-12 10:49:22', null, null);
INSERT INTO `master_object` VALUES ('53', 'process_dept', 'REQUISITION_TYPE_ID', null, '', null, null, null, null, null, '1', '1', '2013-05-15 14:44:49', '1', '2013-05-15');
INSERT INTO `master_object` VALUES ('54', 'thana', 'DISTRICT_ID', null, 'SELECT DISTRICT_ID,DISTRICT_NAME\r\nFROM district ORDER BY DISTRICT_NAME', null, null, null, null, null, '1', '1', '2013-05-15 15:15:17', null, null);
INSERT INTO `master_object` VALUES ('56', 'employee', 'DEPT_BRANCH_ID', null, 'SELECT DEPARTMENT_ID,DEPARTMENT_NAME\r\nFROM department ORDER BY DEPARTMENT_NAME', null, null, null, null, null, '1', '1', '2013-05-29 12:06:29', null, null);
INSERT INTO `master_object` VALUES ('57', 'employee', 'BRANCH_DEPT_ID', null, 'SELECT BRANCH_DEPT_ID, BRANCH_DEPT_NAME, ot.OFFICE_NAME\r\nFROM branch_dept bd\r\nLEFT JOIN office_type ot ON ot.OFFICE_TYPE_ID=bd.OFFICE_TYPE_ID\r\nORDER BY BRANCH_DEPT_NAME', null, null, null, null, null, '1', '1224', '2013-05-29 14:22:27', null, null);
INSERT INTO `master_object` VALUES ('58', 'branch_dept', 'OFFICE_TYPE_ID', null, 'SELECT OFFICE_TYPE_ID, OFFICE_NAME FROM office_type ORDER BY OFFICE_NAME', null, null, null, null, null, '1', '1224', '2013-05-29 14:30:24', '1', '2013-06-01');
INSERT INTO `master_object` VALUES ('59', 'ledger_account', 'UNDER_LEDGER_ID', null, 'SELECT CATEGORY_ID, CATEGORY_NAME FROM category ORDER BY CATEGORY_NAME', null, null, null, null, null, '1', '1', '2013-05-30 13:18:32', null, null);
INSERT INTO `master_object` VALUES ('60', 'cost_center', 'DIVISION_ID', null, 'SELECT DIVISION_ID, DIVISION_NAME FROM division ORDER BY DIVISION_NAME', null, null, null, null, null, '1', '1', '2013-05-30 16:01:15', '1', '2013-05-30');
INSERT INTO `master_object` VALUES ('61', 'user_level', 'USER_LEVEL_GROUP_ID', null, 'SELECT USER_GROUP_ID,USER_GROUP_NAME\r\nFROM user_group  \r\nORDER BY USER_GROUP_NAME', null, null, null, null, null, '1', '1', '2013-05-30 16:24:15', null, null);
INSERT INTO `master_object` VALUES ('62', 'user_level', 'REQUISITION_ROUTE_ID', null, 'SELECT REQUISITION_ROUTE_ID,ROUTE_NAME\r\nFROM requisition_route\r\nORDER BY ROUTE_NAME', null, null, null, null, null, '1', '1', '2013-05-30 16:32:01', null, null);
INSERT INTO `master_object` VALUES ('63', 'user_level', 'PROCESSING_TYPE_ID', null, 'SELECT REQUISITION_PROCESSING_TYPE_ID,REQUISITION_PROCESSING_TYPE_NAME\r\nFROM requisition_processing_type\r\nORDER BY REQUISITION_PROCESSING_TYPE_NAME', null, null, null, null, null, '1', '1', '2013-05-30 16:34:12', '1', '2013-05-30');
INSERT INTO `master_object` VALUES ('64', 'category_sub_under', 'CATEGORY_SUB_ID', null, 'SELECT CATEGORY_SUB_ID, CATEGORY_SUB_NAME FROM category_sub ORDER BY CATEGORY_SUB_NAME', null, null, null, null, null, '1', '1', '2013-06-01 10:39:11', null, null);
INSERT INTO `master_object` VALUES ('65', 'employee', 'EMPLOYEE_TYPE_ID', null, 'SELECT EMPLOYEE_TYPE_ID,EMPLOYEE_TYPE_NAME\r\nFROM employee_type ORDER BY EMPLOYEE_TYPE_NAME', null, null, null, null, null, '1', '1', '2013-06-04 11:09:33', '1', '2013-06-04');
INSERT INTO `master_object` VALUES ('66', 'micr_supplier_rate', 'supplier_id', null, 'SELECT SUPPLIER_ID, SUPPLIER_NAME\r\nFROM supplier', null, null, null, null, null, '1', '1', '2013-06-04 15:11:03', '6', '2013-06-04');
INSERT INTO `master_object` VALUES ('67', 'micr_supplier_rate', 'cheque_type_id', null, 'SELECT CHEQUE_TYPE_ID, CONCAT(CHEQUE_TYPE_NAME,\'-\',NO_OF_LEAVES) FROM micr_cheque_type', null, null, null, null, null, '1', '1', '2013-06-04 15:34:38', '18', '2013-06-23');
INSERT INTO `master_object` VALUES ('68', 'boq_recipe', 'RECIPE_UNIT_TYPE', null, 'SELECT UNIT_TYPE_ID,UNIT_TYPE_NAME\r\nFROM unit_type ORDER BY UNIT_TYPE_NAME', null, null, null, null, null, '1', '1', '2013-07-06 12:14:07', null, null);
INSERT INTO `master_object` VALUES ('69', 'boq_recipe_item', 'RECIPE_ID', null, 'SELECT BOQ_RECIPE_ID,RECIPE_NAME\r\nFROM boq_recipe ORDER BY RECIPE_NAME', null, null, null, null, null, '1', '1', '2013-07-06 12:16:52', null, null);
INSERT INTO `master_object` VALUES ('70', 'boq_recipe_item', 'PRODUCT_ID', null, 'SELECT PRODUCT_ID,PRODUCT_NAME\r\nFROM product \r\nWHERE PROCESS_DEPT_ID=\'15\'\r\nORDER BY PRODUCT_NAME ', null, null, null, null, null, '1', '1', '2013-07-06 12:17:18', '1', '2013-07-07');
INSERT INTO `master_object` VALUES ('71', 'delegation_authority', 'PROCESS_DEPT_ID', null, 'SELECT PROCESS_DEPT_ID, PROCESS_DEPT_NAME FROM process_dept ORDER BY PROCESS_DEPT_NAME', null, null, null, null, null, '1', '1', '2013-07-09 13:32:20', null, null);
INSERT INTO `master_object` VALUES ('72', 'delegation_authority', 'OFFICE_TYPE_ID', null, 'SELECT * FROM office_type', null, null, null, null, null, '1', '1', '2013-07-09 13:34:05', null, null);
INSERT INTO `master_object` VALUES ('73', 'delegation_authority', 'BRANCH_DEPT_ID', null, 'SELECT BRANCH_DEPT_ID, BRANCH_DEPT_NAME FROM branch_dept ORDER BY BRANCH_DEPT_NAME', null, null, null, null, null, '1', '1', '2013-07-09 13:34:33', null, null);
INSERT INTO `master_object` VALUES ('74', 'delegation_authority', 'DESIGNATION_ID', null, 'SELECT DESIGNATION_ID, DESIGNATION_NAME FROM designation ORDER BY DESIGNATION_SORT', null, null, null, null, null, '1', '1', '2013-07-09 13:36:35', null, null);
INSERT INTO `master_object` VALUES ('75', 'employee', 'COST_CENTER_ID', null, 'SELECT COST_CENTER_ID, COST_CENTER_CODE, COST_CENTER_NAME FROM cost_center ORDER BY COST_CENTER_NAME', null, null, null, null, null, '1', '', '2013-09-19 16:25:02', null, null);

-- ----------------------------
-- Table structure for `master_session`
-- ----------------------------
DROP TABLE IF EXISTS `master_session`;
CREATE TABLE `master_session` (
  `SESSIONID` int(10) unsigned NOT NULL AUTO_INCREMENT,
  `USERNAME` varchar(32) DEFAULT NULL,
  `REMOTE_HOST` varchar(80) DEFAULT NULL,
  `LOGINTIME` datetime DEFAULT NULL,
  PRIMARY KEY (`SESSIONID`),
  KEY `FK_SESSION_USER` (`USERNAME`)
) ENGINE=MyISAM AUTO_INCREMENT=1987 DEFAULT CHARSET=utf8;

-- ----------------------------
-- Records of master_session
-- ----------------------------
INSERT INTO `master_session` VALUES ('1', 'admin', '::1', '2013-02-26 17:35:31');
INSERT INTO `master_session` VALUES ('2', 'admin', '127.0.0.1', '2013-03-09 16:59:27');
INSERT INTO `master_session` VALUES ('3', '2010441', '::1', '2013-04-18 11:12:28');
INSERT INTO `master_session` VALUES ('4', '2010441', '::1', '2013-04-18 11:17:38');
INSERT INTO `master_session` VALUES ('5', 'admin', '::1', '2013-04-18 11:18:08');
INSERT INTO `master_session` VALUES ('6', '2010441', '::1', '2013-04-18 11:18:58');
INSERT INTO `master_session` VALUES ('7', 'admin', '::1', '2013-04-18 11:20:49');
INSERT INTO `master_session` VALUES ('8', '2010441', '::1', '2013-04-18 11:26:24');
INSERT INTO `master_session` VALUES ('9', '2010441', '::1', '2013-04-18 12:47:03');
INSERT INTO `master_session` VALUES ('10', '2010441', '::1', '2013-04-18 14:20:30');
INSERT INTO `master_session` VALUES ('11', '2010441', '::1', '2013-04-19 19:26:54');
INSERT INTO `master_session` VALUES ('12', '2010441', '::1', '2013-04-20 10:03:39');
INSERT INTO `master_session` VALUES ('13', '2010441', '::1', '2013-04-20 14:09:06');
INSERT INTO `master_session` VALUES ('14', '2010441', '::1', '2013-04-21 09:02:07');
INSERT INTO `master_session` VALUES ('15', '2010441', '::1', '2013-04-21 09:03:28');
INSERT INTO `master_session` VALUES ('16', '2010441', '::1', '2013-04-21 13:32:59');
INSERT INTO `master_session` VALUES ('17', '2010441', '::1', '2013-04-22 17:11:37');
INSERT INTO `master_session` VALUES ('18', '2010441', '::1', '2013-04-23 10:27:39');
INSERT INTO `master_session` VALUES ('19', '2010441', '::1', '2013-04-23 10:51:04');
INSERT INTO `master_session` VALUES ('20', '2010441', '::1', '2013-04-23 14:32:38');
INSERT INTO `master_session` VALUES ('21', '2010441', '192.168.1.106', '2013-04-23 15:50:14');
INSERT INTO `master_session` VALUES ('22', '2010441', '192.168.1.106', '2013-04-23 17:35:09');
INSERT INTO `master_session` VALUES ('23', '2010441', '::1', '2013-04-23 18:19:57');
INSERT INTO `master_session` VALUES ('24', '2010441', '::1', '2013-04-23 18:43:12');
INSERT INTO `master_session` VALUES ('25', '2010441', '::1', '2013-04-24 10:22:24');
INSERT INTO `master_session` VALUES ('26', '2010441', '::1', '2013-04-24 12:07:30');
INSERT INTO `master_session` VALUES ('27', '2010441', '::1', '2013-04-24 12:14:34');
INSERT INTO `master_session` VALUES ('28', '2010441', '192.168.1.106', '2013-04-24 12:43:03');
INSERT INTO `master_session` VALUES ('29', '2010441', '::1', '2013-04-24 15:32:21');
INSERT INTO `master_session` VALUES ('30', '2010441', '::1', '2013-04-24 15:36:48');
INSERT INTO `master_session` VALUES ('31', '2010441', '::1', '2013-04-24 15:46:34');
INSERT INTO `master_session` VALUES ('32', '2010441', '::1', '2013-04-24 16:00:35');
INSERT INTO `master_session` VALUES ('33', '2010441', '::1', '2013-04-24 16:05:13');
INSERT INTO `master_session` VALUES ('34', '2010441', '::1', '2013-04-24 16:07:10');
INSERT INTO `master_session` VALUES ('35', '2010441', '::1', '2013-04-24 16:10:48');
INSERT INTO `master_session` VALUES ('36', '2010441', '::1', '2013-04-24 16:14:28');
INSERT INTO `master_session` VALUES ('37', '2010441', '::1', '2013-04-24 16:15:43');
INSERT INTO `master_session` VALUES ('38', '2010441', '::1', '2013-04-24 16:49:15');
INSERT INTO `master_session` VALUES ('39', '2010441', '::1', '2013-04-24 16:52:29');
INSERT INTO `master_session` VALUES ('40', '2010441', '::1', '2013-04-24 16:52:58');
INSERT INTO `master_session` VALUES ('41', '2010441', '::1', '2013-04-24 16:53:07');
INSERT INTO `master_session` VALUES ('42', '2010441', '::1', '2013-04-24 18:07:24');
INSERT INTO `master_session` VALUES ('43', '2010441', '::1', '2013-04-25 09:59:43');
INSERT INTO `master_session` VALUES ('44', '2010441', '::1', '2013-04-25 10:26:51');
INSERT INTO `master_session` VALUES ('45', '2010441', '::1', '2013-04-25 11:07:51');
INSERT INTO `master_session` VALUES ('46', '2010441', '::1', '2013-04-25 12:26:12');
INSERT INTO `master_session` VALUES ('47', '2010441', '192.168.1.106', '2013-04-25 14:58:53');
INSERT INTO `master_session` VALUES ('48', '2010441', '::1', '2013-04-25 18:15:06');
INSERT INTO `master_session` VALUES ('49', '2010441', '::1', '2013-04-25 18:34:03');
INSERT INTO `master_session` VALUES ('50', '2010441', '::1', '2013-04-25 21:51:23');
INSERT INTO `master_session` VALUES ('51', '2010441', '::1', '2013-04-29 10:17:31');
INSERT INTO `master_session` VALUES ('52', '2010441', '::1', '2013-04-29 10:34:11');
INSERT INTO `master_session` VALUES ('53', '2010441', '::1', '2013-04-30 09:53:58');
INSERT INTO `master_session` VALUES ('54', 'admin', '192.168.1.106', '2013-04-30 12:28:03');
INSERT INTO `master_session` VALUES ('55', 'admin', '192.168.1.106', '2013-04-30 12:28:42');
INSERT INTO `master_session` VALUES ('56', '2010441', '::1', '2013-05-01 09:44:00');
INSERT INTO `master_session` VALUES ('57', 'admin', '192.168.1.102', '2013-05-01 10:35:00');
INSERT INTO `master_session` VALUES ('58', 'admin', '192.168.1.106', '2013-05-01 10:43:48');
INSERT INTO `master_session` VALUES ('59', 'admin', '192.168.1.104', '2013-05-01 10:56:56');
INSERT INTO `master_session` VALUES ('60', 'admin', 'fe80::6041:2e70:fde1:2d07', '2013-05-01 13:32:23');
INSERT INTO `master_session` VALUES ('61', '2010441', '::1', '2013-05-01 15:40:05');
INSERT INTO `master_session` VALUES ('62', '2010441', '::1', '2013-05-02 12:20:51');
INSERT INTO `master_session` VALUES ('63', 'admin', '192.168.1.104', '2013-05-02 12:42:35');
INSERT INTO `master_session` VALUES ('64', 'admin', 'fe80::6041:2e70:fde1:2d07', '2013-05-02 13:17:37');
INSERT INTO `master_session` VALUES ('65', 'admin', '192.168.1.104', '2013-05-02 14:05:44');
INSERT INTO `master_session` VALUES ('66', '100', '192.168.1.104', '2013-05-02 15:45:46');
INSERT INTO `master_session` VALUES ('67', 'admin', '192.168.1.104', '2013-05-02 15:45:59');
INSERT INTO `master_session` VALUES ('68', 'admin', '192.168.1.106', '2013-05-02 15:50:25');
INSERT INTO `master_session` VALUES ('69', '00722', '192.168.1.106', '2013-05-02 15:52:42');
INSERT INTO `master_session` VALUES ('70', '00722', '192.168.1.106', '2013-05-02 15:54:49');
INSERT INTO `master_session` VALUES ('71', 'admin', 'fe80::6041:2e70:fde1:2d07', '2013-05-02 17:04:21');
INSERT INTO `master_session` VALUES ('72', '2010441', '::1', '2013-05-04 19:55:32');
INSERT INTO `master_session` VALUES ('73', 'admin', '192.168.1.101', '2013-05-05 09:58:56');
INSERT INTO `master_session` VALUES ('74', '2010441', '::1', '2013-05-05 11:13:32');
INSERT INTO `master_session` VALUES ('75', 'admin', '192.168.1.101', '2013-05-05 12:05:27');
INSERT INTO `master_session` VALUES ('76', '2010441', '::1', '2013-05-05 13:20:32');
INSERT INTO `master_session` VALUES ('77', 'admin', 'fe80::6041:2e70:fde1:2d07', '2013-05-05 14:12:40');
INSERT INTO `master_session` VALUES ('78', '2010441', '::1', '2013-05-05 16:48:23');
INSERT INTO `master_session` VALUES ('79', '2010441', '::1', '2013-05-05 17:26:05');
INSERT INTO `master_session` VALUES ('80', '2010441', '::1', '2013-05-05 17:30:01');
INSERT INTO `master_session` VALUES ('81', '2010441', '::1', '2013-05-05 17:43:34');
INSERT INTO `master_session` VALUES ('82', '2010441', '::1', '2013-05-06 10:50:16');
INSERT INTO `master_session` VALUES ('83', '2010441', '::1', '2013-05-06 15:56:17');
INSERT INTO `master_session` VALUES ('84', '2010441', '::1', '2013-05-07 11:16:47');
INSERT INTO `master_session` VALUES ('85', '2010441', '::1', '2013-05-07 16:10:26');
INSERT INTO `master_session` VALUES ('86', '2010441', '::1', '2013-05-07 16:32:08');
INSERT INTO `master_session` VALUES ('87', '2010441', '::1', '2013-05-08 10:22:18');
INSERT INTO `master_session` VALUES ('88', '2010441', '::1', '2013-05-08 11:16:41');
INSERT INTO `master_session` VALUES ('89', '2010441', '::1', '2013-05-08 15:59:56');
INSERT INTO `master_session` VALUES ('90', '2010441', '::1', '2013-05-09 10:15:55');
INSERT INTO `master_session` VALUES ('91', '2010441', '::1', '2013-05-09 11:26:48');
INSERT INTO `master_session` VALUES ('92', '1984051', '::1', '2013-05-09 15:04:58');
INSERT INTO `master_session` VALUES ('93', '2010441', '::1', '2013-05-09 17:37:04');
INSERT INTO `master_session` VALUES ('94', '1984051', '::1', '2013-05-09 17:49:55');
INSERT INTO `master_session` VALUES ('95', '2010441', '::1', '2013-05-09 17:54:06');
INSERT INTO `master_session` VALUES ('96', '201105', '::1', '2013-05-09 17:56:46');
INSERT INTO `master_session` VALUES ('97', '201105', '::1', '2013-05-09 18:01:27');
INSERT INTO `master_session` VALUES ('98', '2010441', '::1', '2013-05-12 10:40:23');
INSERT INTO `master_session` VALUES ('99', '2010441', '::1', '2013-05-12 10:45:56');
INSERT INTO `master_session` VALUES ('100', '2010441', '::1', '2013-05-12 17:38:22');
INSERT INTO `master_session` VALUES ('101', '2010441', '::1', '2013-05-13 10:25:36');
INSERT INTO `master_session` VALUES ('102', '2010441', 'fe80::7841:c663:ec5d:3570', '2013-05-13 11:44:44');
INSERT INTO `master_session` VALUES ('103', '2010441', '::1', '2013-05-13 11:58:03');
INSERT INTO `master_session` VALUES ('104', '2010442', '::1', '2013-05-13 12:59:47');
INSERT INTO `master_session` VALUES ('105', '2010441', '::1', '2013-05-13 13:21:00');
INSERT INTO `master_session` VALUES ('106', '2010442', '::1', '2013-05-13 13:22:00');
INSERT INTO `master_session` VALUES ('107', '2010442', '::1', '2013-05-13 13:25:10');
INSERT INTO `master_session` VALUES ('108', '2010441', '::1', '2013-05-13 13:25:25');
INSERT INTO `master_session` VALUES ('109', '2010441', '::1', '2013-05-13 15:10:15');
INSERT INTO `master_session` VALUES ('110', '2010441', '::1', '2013-05-13 15:12:18');
INSERT INTO `master_session` VALUES ('111', '2010441', '::1', '2013-05-13 15:13:26');
INSERT INTO `master_session` VALUES ('112', '2010442', '::1', '2013-05-13 15:42:12');
INSERT INTO `master_session` VALUES ('113', '2010442', '::1', '2013-05-13 15:54:05');
INSERT INTO `master_session` VALUES ('114', '2010441', '::1', '2013-05-14 10:18:17');
INSERT INTO `master_session` VALUES ('115', '2010442', '::1', '2013-05-14 11:12:24');
INSERT INTO `master_session` VALUES ('116', 'admin', 'fe80::7841:c663:ec5d:3570', '2013-05-14 11:35:53');
INSERT INTO `master_session` VALUES ('117', '2010441', '::1', '2013-05-14 15:04:13');
INSERT INTO `master_session` VALUES ('118', '2010441', '::1', '2013-05-15 11:30:26');
INSERT INTO `master_session` VALUES ('119', 'admin', 'fe80::7841:c663:ec5d:3570', '2013-05-15 11:38:42');
INSERT INTO `master_session` VALUES ('120', '2010441', '::1', '2013-05-15 16:43:15');
INSERT INTO `master_session` VALUES ('121', '2010441', '::1', '2013-05-15 17:48:06');
INSERT INTO `master_session` VALUES ('122', '2010441', '::1', '2013-05-16 11:42:07');
INSERT INTO `master_session` VALUES ('123', '2010441', '::1', '2013-05-18 10:58:17');
INSERT INTO `master_session` VALUES ('124', '2010441', '::1', '2013-05-18 11:44:07');
INSERT INTO `master_session` VALUES ('125', '2010442', '::1', '2013-05-18 11:50:35');
INSERT INTO `master_session` VALUES ('126', '2010441', '::1', '2013-05-18 13:12:20');
INSERT INTO `master_session` VALUES ('127', '2010441', '::1', '2013-05-18 16:46:11');
INSERT INTO `master_session` VALUES ('128', '2010441', '::1', '2013-05-19 11:07:10');
INSERT INTO `master_session` VALUES ('129', '2010441', '::1', '2013-05-20 14:03:08');
INSERT INTO `master_session` VALUES ('130', '2010441', '::1', '2013-05-21 02:04:02');
INSERT INTO `master_session` VALUES ('131', '2010441', '::1', '2013-05-26 10:10:50');
INSERT INTO `master_session` VALUES ('132', '2010441', 'fe80::7841:c663:ec5d:3570', '2013-05-26 10:48:19');
INSERT INTO `master_session` VALUES ('133', '2010442', '::1', '2013-05-26 10:50:37');
INSERT INTO `master_session` VALUES ('134', 'admin', 'fe80::7841:c663:ec5d:3570', '2013-05-26 11:00:22');
INSERT INTO `master_session` VALUES ('135', '2010441', '::1', '2013-05-26 11:11:59');
INSERT INTO `master_session` VALUES ('136', '2010442', '::1', '2013-05-26 13:28:05');
INSERT INTO `master_session` VALUES ('137', '2010442', '::1', '2013-05-26 13:29:48');
INSERT INTO `master_session` VALUES ('138', '2010441', '::1', '2013-05-26 13:29:54');
INSERT INTO `master_session` VALUES ('139', 'admin', 'fe80::6041:2e70:fde1:2d07', '2013-05-26 15:43:32');
INSERT INTO `master_session` VALUES ('140', '2010441', 'fe80::6041:2e70:fde1:2d07', '2013-05-26 15:49:41');
INSERT INTO `master_session` VALUES ('141', '2010441', '::1', '2013-05-26 15:54:15');
INSERT INTO `master_session` VALUES ('142', '2010442', '::1', '2013-05-26 16:46:01');
INSERT INTO `master_session` VALUES ('143', '2010441', '::1', '2013-05-27 10:40:22');
INSERT INTO `master_session` VALUES ('144', '2010441', '::1', '2013-05-27 10:51:35');
INSERT INTO `master_session` VALUES ('145', '2010441', '::1', '2013-05-27 13:17:07');
INSERT INTO `master_session` VALUES ('146', '2010441', '::1', '2013-05-27 13:17:49');
INSERT INTO `master_session` VALUES ('147', '2010441', '::1', '2013-05-27 13:18:21');
INSERT INTO `master_session` VALUES ('148', '2010441', '::1', '2013-05-27 13:18:57');
INSERT INTO `master_session` VALUES ('149', '2010442', '::1', '2013-05-27 14:36:50');
INSERT INTO `master_session` VALUES ('150', '2010441', '::1', '2013-05-28 10:14:05');
INSERT INTO `master_session` VALUES ('151', 'admin', 'fe80::6041:2e70:fde1:2d07', '2013-05-28 13:12:23');
INSERT INTO `master_session` VALUES ('152', '2010441', 'fe80::6041:2e70:fde1:2d07', '2013-05-28 13:55:22');
INSERT INTO `master_session` VALUES ('153', '2010441', '192.168.1.104', '2013-05-28 16:20:09');
INSERT INTO `master_session` VALUES ('154', '2010441', 'fe80::6041:2e70:fde1:2d07', '2013-05-28 16:22:09');
INSERT INTO `master_session` VALUES ('155', '2010442', '192.168.1.104', '2013-05-28 18:18:58');
INSERT INTO `master_session` VALUES ('156', '2010442', '192.168.1.104', '2013-05-28 18:23:53');
INSERT INTO `master_session` VALUES ('157', '2010441', '192.168.1.104', '2013-05-28 18:24:08');
INSERT INTO `master_session` VALUES ('158', '2010441', '192.168.1.104', '2013-05-28 18:28:59');
INSERT INTO `master_session` VALUES ('159', '2010441', '::1', '2013-05-29 09:47:46');
INSERT INTO `master_session` VALUES ('160', '2010441', '192.168.1.104', '2013-05-29 10:21:45');
INSERT INTO `master_session` VALUES ('161', '2010442', '192.168.1.104', '2013-05-29 10:55:25');
INSERT INTO `master_session` VALUES ('162', '2010441', '::1', '2013-05-29 11:03:06');
INSERT INTO `master_session` VALUES ('163', '2010441', '::1', '2013-05-29 11:03:55');
INSERT INTO `master_session` VALUES ('164', '2010442', '::1', '2013-05-29 11:08:38');
INSERT INTO `master_session` VALUES ('165', '2010442', '192.168.1.104', '2013-05-29 11:12:56');
INSERT INTO `master_session` VALUES ('166', '2010441', 'fe80::6041:2e70:fde1:2d07', '2013-05-29 11:17:38');
INSERT INTO `master_session` VALUES ('167', '2010441', '192.168.1.104', '2013-05-29 11:18:20');
INSERT INTO `master_session` VALUES ('168', '2010441', '192.168.1.104', '2013-05-29 11:24:59');
INSERT INTO `master_session` VALUES ('169', '2010442', '192.168.1.104', '2013-05-29 11:28:45');
INSERT INTO `master_session` VALUES ('170', '2010441', '192.168.1.104', '2013-05-29 11:30:12');
INSERT INTO `master_session` VALUES ('171', '2010443', '::1', '2013-05-29 11:37:31');
INSERT INTO `master_session` VALUES ('172', '2010441', '::1', '2013-05-29 13:04:12');
INSERT INTO `master_session` VALUES ('173', '2010441', '::1', '2013-05-29 15:10:59');
INSERT INTO `master_session` VALUES ('174', '2010441', '192.168.1.104', '2013-05-29 15:12:58');
INSERT INTO `master_session` VALUES ('175', '2010441', 'fe80::ad57:501c:7a6:6f5f', '2013-05-29 15:15:11');
INSERT INTO `master_session` VALUES ('176', 'admin', '::1', '2013-05-29 15:20:18');
INSERT INTO `master_session` VALUES ('177', 'admin', '192.168.1.104', '2013-05-29 15:20:34');
INSERT INTO `master_session` VALUES ('178', '2010441', '::1', '2013-05-29 15:42:25');
INSERT INTO `master_session` VALUES ('179', '00091', 'fe80::6041:2e70:fde1:2d07', '2013-05-29 15:50:28');
INSERT INTO `master_session` VALUES ('180', '2010441', '::1', '2013-05-29 15:57:37');
INSERT INTO `master_session` VALUES ('181', '00091', 'fe80::6041:2e70:fde1:2d07', '2013-05-29 16:06:15');
INSERT INTO `master_session` VALUES ('182', '00091', '::1', '2013-05-29 16:07:06');
INSERT INTO `master_session` VALUES ('183', '00091', '192.168.1.104', '2013-05-29 16:08:56');
INSERT INTO `master_session` VALUES ('184', 'admin', '192.168.1.104', '2013-05-29 16:12:34');
INSERT INTO `master_session` VALUES ('185', '00091', '192.168.1.104', '2013-05-29 16:14:07');
INSERT INTO `master_session` VALUES ('186', 'admin', '192.168.1.104', '2013-05-29 16:38:51');
INSERT INTO `master_session` VALUES ('187', 'admin', '::1', '2013-05-29 16:41:38');
INSERT INTO `master_session` VALUES ('188', 'admin', 'fe80::ad57:501c:7a6:6f5f', '2013-05-29 16:58:26');
INSERT INTO `master_session` VALUES ('189', 'admin', '::1', '2013-05-29 17:45:39');
INSERT INTO `master_session` VALUES ('190', 'admin', '::1', '2013-05-29 18:08:43');
INSERT INTO `master_session` VALUES ('191', 'admin', '::1', '2013-05-30 10:45:14');
INSERT INTO `master_session` VALUES ('192', 'admin', 'fe80::7841:c663:ec5d:3570', '2013-05-30 11:19:04');
INSERT INTO `master_session` VALUES ('193', 'admin', '::1', '2013-05-30 11:53:35');
INSERT INTO `master_session` VALUES ('194', 'admin', 'fe80::7841:c663:ec5d:3570', '2013-05-30 11:53:36');
INSERT INTO `master_session` VALUES ('195', 'admin', '::1', '2013-05-30 13:04:56');
INSERT INTO `master_session` VALUES ('196', 'admin', 'fe80::6041:2e70:fde1:2d07', '2013-05-30 14:12:57');
INSERT INTO `master_session` VALUES ('197', 'admin', 'fe80::7841:c663:ec5d:3570', '2013-05-30 17:13:26');
INSERT INTO `master_session` VALUES ('198', '0001', '192.168.1.104', '2013-05-30 17:58:52');
INSERT INTO `master_session` VALUES ('199', 'admin', 'fe80::6041:2e70:fde1:2d07', '2013-06-01 10:03:14');
INSERT INTO `master_session` VALUES ('200', 'admin', '::1', '2013-06-01 10:11:28');
INSERT INTO `master_session` VALUES ('201', 'admin', 'fe80::7841:c663:ec5d:3570', '2013-06-01 10:56:52');
INSERT INTO `master_session` VALUES ('202', '0003', '192.168.1.104', '2013-06-01 11:13:04');
INSERT INTO `master_session` VALUES ('203', '0001', '192.168.1.104', '2013-06-01 11:13:19');
INSERT INTO `master_session` VALUES ('204', '0001', '192.168.1.104', '2013-06-01 11:23:29');
INSERT INTO `master_session` VALUES ('205', '0002', '192.168.1.104', '2013-06-01 11:24:03');
INSERT INTO `master_session` VALUES ('206', '0001', '192.168.1.104', '2013-06-01 11:26:30');
INSERT INTO `master_session` VALUES ('207', '0003', '192.168.1.104', '2013-06-01 11:27:54');
INSERT INTO `master_session` VALUES ('208', '0001', '192.168.1.104', '2013-06-01 11:37:18');
INSERT INTO `master_session` VALUES ('209', '0002', '192.168.1.104', '2013-06-01 11:37:49');
INSERT INTO `master_session` VALUES ('210', '0004', '192.168.1.104', '2013-06-01 11:43:38');
INSERT INTO `master_session` VALUES ('211', 'admin', 'fe80::bcf6:f155:64f5:ef9d', '2013-06-01 12:30:12');
INSERT INTO `master_session` VALUES ('212', '0003', 'fe80::bcf6:f155:64f5:ef9d', '2013-06-01 12:31:00');
INSERT INTO `master_session` VALUES ('213', '0002', 'fe80::bcf6:f155:64f5:ef9d', '2013-06-01 12:39:58');
INSERT INTO `master_session` VALUES ('214', 'admin', 'fe80::bcf6:f155:64f5:ef9d', '2013-06-01 12:49:14');
INSERT INTO `master_session` VALUES ('215', 'admin', '::1', '2013-06-01 12:50:45');
INSERT INTO `master_session` VALUES ('216', 'admin', '::1', '2013-06-01 12:51:24');
INSERT INTO `master_session` VALUES ('217', '2010441', '::1', '2013-06-01 12:54:47');
INSERT INTO `master_session` VALUES ('218', '2010441', '::1', '2013-06-01 12:57:29');
INSERT INTO `master_session` VALUES ('219', '2010441', '::1', '2013-06-01 13:05:54');
INSERT INTO `master_session` VALUES ('220', '2010441', '::1', '2013-06-01 13:06:56');
INSERT INTO `master_session` VALUES ('221', '0003', '192.168.1.104', '2013-06-01 14:17:20');
INSERT INTO `master_session` VALUES ('222', '0003', '192.168.1.104', '2013-06-01 14:19:12');
INSERT INTO `master_session` VALUES ('223', '0001', '192.168.1.104', '2013-06-01 14:40:28');
INSERT INTO `master_session` VALUES ('224', '0002', '192.168.1.104', '2013-06-01 14:53:34');
INSERT INTO `master_session` VALUES ('225', '0003', '192.168.1.104', '2013-06-01 14:55:40');
INSERT INTO `master_session` VALUES ('226', '0003', '192.168.1.104', '2013-06-01 14:56:51');
INSERT INTO `master_session` VALUES ('227', '0004', '192.168.1.104', '2013-06-01 14:57:05');
INSERT INTO `master_session` VALUES ('228', 'admin', '::1', '2013-06-01 14:57:40');
INSERT INTO `master_session` VALUES ('229', '0003', '192.168.1.104', '2013-06-01 14:58:14');
INSERT INTO `master_session` VALUES ('230', 'admin', '::1', '2013-06-01 14:58:48');
INSERT INTO `master_session` VALUES ('231', '0004', '192.168.1.104', '2013-06-01 14:59:02');
INSERT INTO `master_session` VALUES ('232', '2010442', '::1', '2013-06-01 16:20:21');
INSERT INTO `master_session` VALUES ('233', 'admin', '::1', '2013-06-01 16:20:32');
INSERT INTO `master_session` VALUES ('234', '2010442', '::1', '2013-06-01 16:21:40');
INSERT INTO `master_session` VALUES ('235', '2010441', 'fe80::7841:c663:ec5d:3570', '2013-06-01 16:34:52');
INSERT INTO `master_session` VALUES ('236', '0003', 'fe80::7841:c663:ec5d:3570', '2013-06-01 16:36:11');
INSERT INTO `master_session` VALUES ('237', '0003', 'fe80::6041:2e70:fde1:2d07', '2013-06-01 16:38:14');
INSERT INTO `master_session` VALUES ('238', 'admin', 'fe80::6041:2e70:fde1:2d07', '2013-06-01 16:38:42');
INSERT INTO `master_session` VALUES ('239', 'admin', 'fe80::7841:c663:ec5d:3570', '2013-06-01 16:41:10');
INSERT INTO `master_session` VALUES ('240', 'admin', '::1', '2013-06-01 17:15:29');
INSERT INTO `master_session` VALUES ('241', 'admin', '::1', '2013-06-01 17:18:07');
INSERT INTO `master_session` VALUES ('242', '2010443', '::1', '2013-06-01 17:49:06');
INSERT INTO `master_session` VALUES ('243', '0003', '::1', '2013-06-01 18:09:32');
INSERT INTO `master_session` VALUES ('244', '2010443', '::1', '2013-06-01 18:15:39');
INSERT INTO `master_session` VALUES ('245', '0001', '::1', '2013-06-01 18:31:45');
INSERT INTO `master_session` VALUES ('246', '2010441', '::1', '2013-06-01 18:34:01');
INSERT INTO `master_session` VALUES ('247', 'admin', '::1', '2013-06-01 18:34:16');
INSERT INTO `master_session` VALUES ('248', '2010442', '::1', '2013-06-01 18:42:24');
INSERT INTO `master_session` VALUES ('249', '0001', '::1', '2013-06-01 18:42:35');
INSERT INTO `master_session` VALUES ('250', '2010445', '::1', '2013-06-01 18:44:29');
INSERT INTO `master_session` VALUES ('251', '2010441', '::1', '2013-06-02 13:40:53');
INSERT INTO `master_session` VALUES ('252', 'admin', '::1', '2013-06-02 13:41:44');
INSERT INTO `master_session` VALUES ('253', 'admin', 'fe80::6041:2e70:fde1:2d07', '2013-06-02 15:37:19');
INSERT INTO `master_session` VALUES ('254', 'admin', 'fe80::7841:c663:ec5d:3570', '2013-06-03 09:53:35');
INSERT INTO `master_session` VALUES ('255', 'admin', '::1', '2013-06-03 10:58:31');
INSERT INTO `master_session` VALUES ('256', '0001', '::1', '2013-06-03 10:58:57');
INSERT INTO `master_session` VALUES ('257', 'admin', '::1', '2013-06-03 12:49:32');
INSERT INTO `master_session` VALUES ('258', 'admin', '::1', '2013-06-03 15:57:11');
INSERT INTO `master_session` VALUES ('259', 'admin', 'fe80::7841:c663:ec5d:3570', '2013-06-04 10:03:48');
INSERT INTO `master_session` VALUES ('260', '2010441', '::1', '2013-06-04 11:04:17');
INSERT INTO `master_session` VALUES ('261', 'admin', '::1', '2013-06-04 11:15:58');
INSERT INTO `master_session` VALUES ('262', '2010441', '::1', '2013-06-04 11:26:18');
INSERT INTO `master_session` VALUES ('263', 'admin', '::1', '2013-06-04 11:26:46');
INSERT INTO `master_session` VALUES ('264', 'admin', '::1', '2013-06-04 12:37:35');
INSERT INTO `master_session` VALUES ('265', '0003', '192.168.1.106', '2013-06-04 14:17:21');
INSERT INTO `master_session` VALUES ('266', 'Admin', '192.168.1.108', '2013-06-04 14:17:55');
INSERT INTO `master_session` VALUES ('267', 'admin', '192.168.1.106', '2013-06-04 14:18:26');
INSERT INTO `master_session` VALUES ('268', '2010441', '::1', '2013-06-04 14:51:51');
INSERT INTO `master_session` VALUES ('269', 'admin', '::1', '2013-06-05 09:57:13');
INSERT INTO `master_session` VALUES ('270', '2010441', '::1', '2013-06-05 11:05:54');
INSERT INTO `master_session` VALUES ('271', 'admin', '::1', '2013-06-05 12:15:24');
INSERT INTO `master_session` VALUES ('272', 'admin', '192.168.1.106', '2013-06-05 15:46:02');
INSERT INTO `master_session` VALUES ('273', '2010441', '::1', '2013-06-05 15:54:49');
INSERT INTO `master_session` VALUES ('274', '2010441', 'fe80::7841:c663:ec5d:3570', '2013-06-06 10:59:23');
INSERT INTO `master_session` VALUES ('275', 'admin', 'fe80::7841:c663:ec5d:3570', '2013-06-06 10:59:44');
INSERT INTO `master_session` VALUES ('276', '2010441', 'fe80::7841:c663:ec5d:3570', '2013-06-06 11:03:02');
INSERT INTO `master_session` VALUES ('277', 'admin', '192.168.1.102', '2013-06-06 11:13:47');
INSERT INTO `master_session` VALUES ('278', '2010442', 'fe80::7841:c663:ec5d:3570', '2013-06-06 11:14:47');
INSERT INTO `master_session` VALUES ('279', '0001', 'fe80::7841:c663:ec5d:3570', '2013-06-06 11:17:23');
INSERT INTO `master_session` VALUES ('280', '2010441', '192.168.1.104', '2013-06-06 12:04:45');
INSERT INTO `master_session` VALUES ('281', '2010441', 'fe80::ad57:501c:7a6:6f5f', '2013-06-06 12:08:42');
INSERT INTO `master_session` VALUES ('282', 'admin', '192.168.1.104', '2013-06-06 12:08:59');
INSERT INTO `master_session` VALUES ('283', '2010442', '192.168.1.104', '2013-06-06 14:04:11');
INSERT INTO `master_session` VALUES ('284', 'admin', '192.168.1.104', '2013-06-06 14:26:58');
INSERT INTO `master_session` VALUES ('285', '0001', 'fe80::7841:c663:ec5d:3570', '2013-06-06 14:51:10');
INSERT INTO `master_session` VALUES ('286', '2010442', '192.168.1.104', '2013-06-06 15:16:17');
INSERT INTO `master_session` VALUES ('287', '0003', 'fe80::7841:c663:ec5d:3570', '2013-06-06 15:21:50');
INSERT INTO `master_session` VALUES ('288', 'admin', '192.168.1.104', '2013-06-06 15:23:52');
INSERT INTO `master_session` VALUES ('289', '2010441', 'fe80::ad57:501c:7a6:6f5f', '2013-06-06 15:25:50');
INSERT INTO `master_session` VALUES ('290', '2010442', 'fe80::ad57:501c:7a6:6f5f', '2013-06-06 15:27:06');
INSERT INTO `master_session` VALUES ('291', '0003', 'fe80::ad57:501c:7a6:6f5f', '2013-06-06 15:29:06');
INSERT INTO `master_session` VALUES ('292', '0001', 'fe80::ad57:501c:7a6:6f5f', '2013-06-06 15:29:49');
INSERT INTO `master_session` VALUES ('293', '0003', 'fe80::ad57:501c:7a6:6f5f', '2013-06-06 15:40:41');
INSERT INTO `master_session` VALUES ('294', '0001', 'fe80::ad57:501c:7a6:6f5f', '2013-06-06 15:42:23');
INSERT INTO `master_session` VALUES ('295', '2010441', '::1', '2013-06-06 15:43:18');
INSERT INTO `master_session` VALUES ('296', '0001', '::1', '2013-06-06 15:43:47');
INSERT INTO `master_session` VALUES ('297', '2010442', '192.168.1.104', '2013-06-06 16:32:57');
INSERT INTO `master_session` VALUES ('298', '0003', 'fe80::7841:c663:ec5d:3570', '2013-06-06 16:34:38');
INSERT INTO `master_session` VALUES ('299', '2010441', '::1', '2013-06-06 16:46:29');
INSERT INTO `master_session` VALUES ('300', 'admin', '::1', '2013-06-06 16:46:38');
INSERT INTO `master_session` VALUES ('301', '0001', 'fe80::7841:c663:ec5d:3570', '2013-06-06 16:51:31');
INSERT INTO `master_session` VALUES ('302', '2010441', '192.168.1.102', '2013-06-06 17:13:09');
INSERT INTO `master_session` VALUES ('303', '2010442', '192.168.1.102', '2013-06-06 17:15:48');
INSERT INTO `master_session` VALUES ('304', '2010441', '192.168.1.102', '2013-06-06 17:55:53');
INSERT INTO `master_session` VALUES ('305', 'admin', '192.168.1.102', '2013-06-06 17:56:19');
INSERT INTO `master_session` VALUES ('306', '2010441', '192.168.1.102', '2013-06-06 18:01:31');
INSERT INTO `master_session` VALUES ('307', '2010441', '192.168.1.102', '2013-06-06 18:02:41');
INSERT INTO `master_session` VALUES ('308', '2010442', '192.168.1.102', '2013-06-06 18:03:56');
INSERT INTO `master_session` VALUES ('309', 'admin', '::1', '2013-06-06 22:32:39');
INSERT INTO `master_session` VALUES ('310', '0001', '::1', '2013-06-06 22:32:59');
INSERT INTO `master_session` VALUES ('311', '2010441', '::1', '2013-06-06 22:33:29');
INSERT INTO `master_session` VALUES ('312', '0001', '::1', '2013-06-06 22:35:37');
INSERT INTO `master_session` VALUES ('313', '2010441', '::1', '2013-06-09 12:05:20');
INSERT INTO `master_session` VALUES ('314', '0001', '::1', '2013-06-09 12:05:33');
INSERT INTO `master_session` VALUES ('315', 'admin', '103.14.205.97', '2013-06-13 05:01:23');
INSERT INTO `master_session` VALUES ('316', 'admin', '58.97.218.45', '2013-06-13 07:42:06');
INSERT INTO `master_session` VALUES ('317', 'admin', '103.14.205.97', '2013-06-15 00:00:34');
INSERT INTO `master_session` VALUES ('318', 'admin', '103.14.205.97', '2013-06-15 00:37:04');
INSERT INTO `master_session` VALUES ('319', 'admin', '103.14.205.97', '2013-06-15 01:04:41');
INSERT INTO `master_session` VALUES ('320', 'admin', '103.14.205.97', '2013-06-15 01:07:14');
INSERT INTO `master_session` VALUES ('321', 'admin', '103.14.205.97', '2013-06-15 01:07:22');
INSERT INTO `master_session` VALUES ('322', 'admin', '103.14.205.97', '2013-06-15 07:04:21');
INSERT INTO `master_session` VALUES ('323', 'admin', '103.14.205.97', '2013-06-15 23:16:12');
INSERT INTO `master_session` VALUES ('324', 'admin', '103.14.205.97', '2013-06-16 00:04:33');
INSERT INTO `master_session` VALUES ('325', 'admin', '103.14.205.97', '2013-06-16 01:42:55');
INSERT INTO `master_session` VALUES ('326', '2010441', '103.14.205.97', '2013-06-16 01:43:45');
INSERT INTO `master_session` VALUES ('327', 'admin', '103.14.205.97', '2013-06-16 01:45:46');
INSERT INTO `master_session` VALUES ('328', '2010441', '103.14.205.97', '2013-06-16 01:57:30');
INSERT INTO `master_session` VALUES ('329', 'admin', '103.14.205.97', '2013-06-16 02:01:47');
INSERT INTO `master_session` VALUES ('330', 'admin', '103.14.205.97', '2013-06-16 02:07:11');
INSERT INTO `master_session` VALUES ('331', 'admin', '103.14.205.97', '2013-06-16 02:08:02');
INSERT INTO `master_session` VALUES ('332', 'admin', '103.14.205.97', '2013-06-16 02:09:10');
INSERT INTO `master_session` VALUES ('333', '2010441', '103.14.205.97', '2013-06-16 02:09:44');
INSERT INTO `master_session` VALUES ('334', 'admin', '103.14.205.97', '2013-06-16 02:13:34');
INSERT INTO `master_session` VALUES ('335', 'admin', '103.14.205.97', '2013-06-16 02:18:04');
INSERT INTO `master_session` VALUES ('336', 'admin', '103.14.205.97', '2013-06-16 03:29:12');
INSERT INTO `master_session` VALUES ('337', 'admin', '103.14.205.97', '2013-06-16 03:30:25');
INSERT INTO `master_session` VALUES ('338', 'admin', '103.14.205.97', '2013-06-16 07:01:25');
INSERT INTO `master_session` VALUES ('339', 'admin', '103.14.205.97', '2013-06-17 00:04:16');
INSERT INTO `master_session` VALUES ('340', 'admin', '103.14.205.97', '2013-06-18 00:21:21');
INSERT INTO `master_session` VALUES ('341', 'admin', '103.14.205.97', '2013-06-18 03:46:03');
INSERT INTO `master_session` VALUES ('342', 'admin', '103.14.205.97', '2013-06-18 03:54:59');
INSERT INTO `master_session` VALUES ('343', '01', '103.14.205.97', '2013-06-18 04:19:20');
INSERT INTO `master_session` VALUES ('344', 'admin', '103.14.205.97', '2013-06-18 04:19:33');
INSERT INTO `master_session` VALUES ('345', '01', '103.14.205.97', '2013-06-18 04:20:19');
INSERT INTO `master_session` VALUES ('346', '02', '103.14.205.97', '2013-06-18 04:28:52');
INSERT INTO `master_session` VALUES ('347', 'admin', '192.168.1.40', '2013-06-18 16:13:00');
INSERT INTO `master_session` VALUES ('348', '02', '192.168.1.105', '2013-06-18 16:17:41');
INSERT INTO `master_session` VALUES ('349', '03', '192.168.1.105', '2013-06-18 16:18:47');
INSERT INTO `master_session` VALUES ('350', '04', '192.168.1.105', '2013-06-18 16:20:50');
INSERT INTO `master_session` VALUES ('351', '01', '192.168.1.105', '2013-06-18 16:22:12');
INSERT INTO `master_session` VALUES ('352', '05', '192.168.1.105', '2013-06-18 16:23:20');
INSERT INTO `master_session` VALUES ('353', 'admin', '192.168.1.105', '2013-06-18 16:30:07');
INSERT INTO `master_session` VALUES ('354', '05', '::1', '2013-06-18 16:31:57');
INSERT INTO `master_session` VALUES ('355', '01', '::1', '2013-06-18 16:35:23');
INSERT INTO `master_session` VALUES ('356', '01', '192.168.1.105', '2013-06-18 16:44:37');
INSERT INTO `master_session` VALUES ('357', 'admin', '192.168.1.105', '2013-06-18 16:50:12');
INSERT INTO `master_session` VALUES ('358', '02', '192.168.1.105', '2013-06-18 16:53:46');
INSERT INTO `master_session` VALUES ('359', '02', '192.168.1.105', '2013-06-18 16:55:02');
INSERT INTO `master_session` VALUES ('360', '02', '192.168.1.105', '2013-06-18 17:54:14');
INSERT INTO `master_session` VALUES ('361', '02', '192.168.1.105', '2013-06-18 17:55:44');
INSERT INTO `master_session` VALUES ('362', 'admin', '192.168.1.105', '2013-06-18 18:06:15');
INSERT INTO `master_session` VALUES ('363', 'admin', 'fe80::7841:c663:ec5d:3570', '2013-06-18 18:09:16');
INSERT INTO `master_session` VALUES ('364', 'admin', '::1', '2013-06-19 11:17:02');
INSERT INTO `master_session` VALUES ('365', 'admin', '192.168.1.40', '2013-06-19 11:21:31');
INSERT INTO `master_session` VALUES ('366', '2010441', '::1', '2013-06-19 11:23:49');
INSERT INTO `master_session` VALUES ('367', 'admin', '::1', '2013-06-19 14:09:44');
INSERT INTO `master_session` VALUES ('368', '2010441', '192.168.1.40', '2013-06-23 09:50:51');
INSERT INTO `master_session` VALUES ('369', '2010441', '192.168.1.105', '2013-06-23 11:31:43');
INSERT INTO `master_session` VALUES ('370', 'admin', '192.168.1.105', '2013-06-23 11:33:19');
INSERT INTO `master_session` VALUES ('371', '01', '192.168.1.105', '2013-06-23 11:55:51');
INSERT INTO `master_session` VALUES ('372', 'admin', '192.168.1.105', '2013-06-23 12:23:24');
INSERT INTO `master_session` VALUES ('373', '01', '192.168.1.105', '2013-06-23 12:24:39');
INSERT INTO `master_session` VALUES ('374', 'Admin', '192.168.1.108', '2013-06-23 12:52:37');
INSERT INTO `master_session` VALUES ('375', '01', '192.168.1.105', '2013-06-23 14:09:16');
INSERT INTO `master_session` VALUES ('376', '01', '192.168.1.105', '2013-06-23 14:10:30');
INSERT INTO `master_session` VALUES ('377', '2010441', '192.168.1.40', '2013-06-23 14:19:23');
INSERT INTO `master_session` VALUES ('378', 'admin', '192.168.1.40', '2013-06-23 14:19:38');
INSERT INTO `master_session` VALUES ('379', '2010442', '192.168.1.40', '2013-06-23 14:19:51');
INSERT INTO `master_session` VALUES ('380', 'admin', '192.168.1.40', '2013-06-23 14:20:03');
INSERT INTO `master_session` VALUES ('381', '2010441', '192.168.1.40', '2013-06-23 14:20:25');
INSERT INTO `master_session` VALUES ('382', '01', '192.168.1.105', '2013-06-23 14:45:11');
INSERT INTO `master_session` VALUES ('383', 'admin', '192.168.1.106', '2013-06-23 14:49:07');
INSERT INTO `master_session` VALUES ('384', '01', '192.168.1.106', '2013-06-23 14:49:19');
INSERT INTO `master_session` VALUES ('385', '01', '192.168.1.106', '2013-06-23 14:53:24');
INSERT INTO `master_session` VALUES ('386', 'admin', '192.168.1.105', '2013-06-23 14:54:02');
INSERT INTO `master_session` VALUES ('387', '01', '192.168.1.105', '2013-06-23 14:54:49');
INSERT INTO `master_session` VALUES ('388', '01', '192.168.1.105', '2013-06-23 16:43:01');
INSERT INTO `master_session` VALUES ('389', 'admin', '192.168.1.40', '2013-06-23 16:58:20');
INSERT INTO `master_session` VALUES ('390', '01', '192.168.1.40', '2013-06-23 16:58:29');
INSERT INTO `master_session` VALUES ('391', '01', '192.168.1.105', '2013-06-23 17:10:59');
INSERT INTO `master_session` VALUES ('392', '01', '192.168.1.105', '2013-06-23 17:15:06');
INSERT INTO `master_session` VALUES ('393', '2010441', '192.168.1.100', '2013-06-23 17:22:16');
INSERT INTO `master_session` VALUES ('394', 'admin', '192.168.1.105', '2013-06-23 17:24:43');
INSERT INTO `master_session` VALUES ('395', '01', '192.168.1.105', '2013-06-23 17:25:33');
INSERT INTO `master_session` VALUES ('396', 'admin', '192.168.1.100', '2013-06-23 17:26:56');
INSERT INTO `master_session` VALUES ('397', '2010441', '192.168.1.100', '2013-06-23 17:28:14');
INSERT INTO `master_session` VALUES ('398', 'admin', '192.168.1.100', '2013-06-23 17:29:06');
INSERT INTO `master_session` VALUES ('399', 'admin', '192.168.1.105', '2013-06-23 17:31:09');
INSERT INTO `master_session` VALUES ('400', '01', '192.168.1.105', '2013-06-23 17:31:38');
INSERT INTO `master_session` VALUES ('401', 'admin', '192.168.1.40', '2013-06-23 17:36:56');
INSERT INTO `master_session` VALUES ('402', 'admin', '192.168.1.105', '2013-06-23 18:11:28');
INSERT INTO `master_session` VALUES ('403', '01', '192.168.1.105', '2013-06-23 18:36:48');
INSERT INTO `master_session` VALUES ('404', 'Admin', '192.168.1.106', '2013-06-24 11:19:25');
INSERT INTO `master_session` VALUES ('405', '0001', '192.168.1.106', '2013-06-24 11:19:51');
INSERT INTO `master_session` VALUES ('406', '01', '192.168.1.105', '2013-06-24 11:44:41');
INSERT INTO `master_session` VALUES ('407', 'admin', '192.168.1.105', '2013-06-24 11:59:16');
INSERT INTO `master_session` VALUES ('408', '2010441', '192.168.1.105', '2013-06-24 11:59:47');
INSERT INTO `master_session` VALUES ('409', '0001', '192.168.1.105', '2013-06-24 11:59:56');
INSERT INTO `master_session` VALUES ('410', '2010441', '192.168.1.105', '2013-06-24 12:00:17');
INSERT INTO `master_session` VALUES ('411', 'admin', '192.168.1.105', '2013-06-24 12:00:35');
INSERT INTO `master_session` VALUES ('412', '0001', '192.168.1.106', '2013-06-24 12:00:41');
INSERT INTO `master_session` VALUES ('413', '01', '192.168.1.105', '2013-06-24 12:00:57');
INSERT INTO `master_session` VALUES ('414', '2010441', '192.168.1.100', '2013-06-24 12:02:42');
INSERT INTO `master_session` VALUES ('415', '2010442', '192.168.1.100', '2013-06-24 12:03:05');
INSERT INTO `master_session` VALUES ('416', 'admin', '192.168.1.100', '2013-06-24 12:03:37');
INSERT INTO `master_session` VALUES ('417', '2010441', '192.168.1.100', '2013-06-24 12:04:09');
INSERT INTO `master_session` VALUES ('418', '01', '192.168.1.105', '2013-06-24 13:28:29');
INSERT INTO `master_session` VALUES ('419', '01', '192.168.1.105', '2013-06-24 14:02:33');
INSERT INTO `master_session` VALUES ('420', '0001', '192.168.1.40', '2013-06-24 14:21:04');
INSERT INTO `master_session` VALUES ('421', 'admin', '192.168.1.105', '2013-06-24 14:39:04');
INSERT INTO `master_session` VALUES ('422', '01', '192.168.1.105', '2013-06-24 15:00:11');
INSERT INTO `master_session` VALUES ('423', 'admin', '192.168.1.100', '2013-06-24 19:12:50');
INSERT INTO `master_session` VALUES ('424', '01', '192.168.1.105', '2013-06-25 13:50:55');
INSERT INTO `master_session` VALUES ('425', '0003', '192.168.1.191', '2013-06-25 18:12:32');
INSERT INTO `master_session` VALUES ('426', 'admin', '192.168.1.191', '2013-06-25 18:40:17');
INSERT INTO `master_session` VALUES ('427', '0003', '192.168.1.40', '2013-06-27 10:06:06');
INSERT INTO `master_session` VALUES ('428', '2010441', '192.168.1.102', '2013-06-27 10:08:57');
INSERT INTO `master_session` VALUES ('429', '2010442', '192.168.1.102', '2013-06-27 10:09:23');
INSERT INTO `master_session` VALUES ('430', '2010441', '192.168.1.102', '2013-06-27 10:09:45');
INSERT INTO `master_session` VALUES ('431', '0003', '192.168.1.40', '2013-06-27 10:17:34');
INSERT INTO `master_session` VALUES ('432', '0001', '192.168.1.106', '2013-06-27 10:22:10');
INSERT INTO `master_session` VALUES ('433', '0003', '192.168.1.106', '2013-06-27 10:23:10');
INSERT INTO `master_session` VALUES ('434', '0003', '192.168.1.106', '2013-06-27 10:24:51');
INSERT INTO `master_session` VALUES ('435', 'admin', '192.168.1.102', '2013-06-27 10:30:17');
INSERT INTO `master_session` VALUES ('436', '2010441', '192.168.1.102', '2013-06-27 10:36:59');
INSERT INTO `master_session` VALUES ('437', 'admin', '192.168.1.102', '2013-06-27 10:43:01');
INSERT INTO `master_session` VALUES ('438', '2010449', '192.168.1.102', '2013-06-27 10:51:25');
INSERT INTO `master_session` VALUES ('439', '2010441', '192.168.1.102', '2013-06-27 10:59:20');
INSERT INTO `master_session` VALUES ('440', '2010449', '192.168.1.102', '2013-06-27 11:00:25');
INSERT INTO `master_session` VALUES ('441', '2010441', '192.168.1.102', '2013-06-27 11:05:57');
INSERT INTO `master_session` VALUES ('442', '2010449', '192.168.1.102', '2013-06-27 11:07:37');
INSERT INTO `master_session` VALUES ('443', '2010450', '192.168.1.102', '2013-06-27 11:09:17');
INSERT INTO `master_session` VALUES ('444', '0001', '192.168.1.102', '2013-06-27 11:11:10');
INSERT INTO `master_session` VALUES ('445', 'admin', '192.168.1.102', '2013-06-27 11:11:43');
INSERT INTO `master_session` VALUES ('446', '2010441', '192.168.1.40', '2013-06-27 11:17:28');
INSERT INTO `master_session` VALUES ('447', '2010441', '192.168.1.102', '2013-06-27 11:18:46');
INSERT INTO `master_session` VALUES ('448', '2010441', '192.168.1.102', '2013-06-27 11:19:04');
INSERT INTO `master_session` VALUES ('449', '2010441', '192.168.1.40', '2013-06-27 11:20:26');
INSERT INTO `master_session` VALUES ('450', '0003', '192.168.1.106', '2013-06-27 11:21:40');
INSERT INTO `master_session` VALUES ('451', '0003', '192.168.1.106', '2013-06-27 11:29:42');
INSERT INTO `master_session` VALUES ('452', '0003', '192.168.1.80', '2013-06-27 12:10:07');
INSERT INTO `master_session` VALUES ('453', '2010441', '192.168.1.105', '2013-06-27 12:43:55');
INSERT INTO `master_session` VALUES ('454', '2010441', '192.168.1.105', '2013-06-27 12:50:19');
INSERT INTO `master_session` VALUES ('455', 'admin', '192.168.1.40', '2013-06-29 14:44:28');
INSERT INTO `master_session` VALUES ('456', '2010441', '192.168.1.105', '2013-06-29 14:53:36');
INSERT INTO `master_session` VALUES ('457', 'admin', '192.168.1.105', '2013-06-30 11:45:37');
INSERT INTO `master_session` VALUES ('458', '0001', '192.168.1.105', '2013-06-30 11:45:52');
INSERT INTO `master_session` VALUES ('459', '0003', '192.168.1.40', '2013-06-30 11:50:06');
INSERT INTO `master_session` VALUES ('460', 'admin', '192.168.1.105', '2013-06-30 11:51:25');
INSERT INTO `master_session` VALUES ('461', '0001', '192.168.1.105', '2013-06-30 12:02:22');
INSERT INTO `master_session` VALUES ('462', '0003', '192.168.1.105', '2013-06-30 12:02:39');
INSERT INTO `master_session` VALUES ('463', 'admin', '192.168.1.105', '2013-06-30 12:04:09');
INSERT INTO `master_session` VALUES ('464', '01', '192.168.1.105', '2013-06-30 12:06:32');
INSERT INTO `master_session` VALUES ('465', '01', '192.168.1.105', '2013-06-30 12:06:39');
INSERT INTO `master_session` VALUES ('466', '02', '192.168.1.105', '2013-06-30 12:07:32');
INSERT INTO `master_session` VALUES ('467', '03', '192.168.1.105', '2013-06-30 12:08:19');
INSERT INTO `master_session` VALUES ('468', '04', '192.168.1.105', '2013-06-30 12:08:56');
INSERT INTO `master_session` VALUES ('469', '05', '192.168.1.105', '2013-06-30 12:10:06');
INSERT INTO `master_session` VALUES ('470', '0001', '192.168.1.105', '2013-06-30 12:11:59');
INSERT INTO `master_session` VALUES ('471', '01', '192.168.1.105', '2013-06-30 12:26:02');
INSERT INTO `master_session` VALUES ('472', '0003', '192.168.1.100', '2013-06-30 13:01:40');
INSERT INTO `master_session` VALUES ('473', '05', '192.168.1.105', '2013-06-30 14:12:02');
INSERT INTO `master_session` VALUES ('474', '0003', '192.168.1.102', '2013-06-30 14:17:17');
INSERT INTO `master_session` VALUES ('475', '01', '192.168.1.105', '2013-06-30 14:30:16');
INSERT INTO `master_session` VALUES ('476', '01', '192.168.1.105', '2013-06-30 14:30:52');
INSERT INTO `master_session` VALUES ('477', '02', '192.168.1.105', '2013-06-30 14:32:18');
INSERT INTO `master_session` VALUES ('478', '03', '192.168.1.105', '2013-06-30 14:32:56');
INSERT INTO `master_session` VALUES ('479', '04', '192.168.1.105', '2013-06-30 14:33:32');
INSERT INTO `master_session` VALUES ('480', '0001', '192.168.1.105', '2013-06-30 14:33:58');
INSERT INTO `master_session` VALUES ('481', '0003', '192.168.1.105', '2013-06-30 14:34:53');
INSERT INTO `master_session` VALUES ('482', '05', '192.168.1.105', '2013-06-30 14:35:37');
INSERT INTO `master_session` VALUES ('483', '0001', '192.168.1.105', '2013-06-30 14:36:28');
INSERT INTO `master_session` VALUES ('484', '0003', '192.168.1.105', '2013-06-30 14:40:02');
INSERT INTO `master_session` VALUES ('485', '2010442', '192.168.1.103', '2013-06-30 14:58:18');
INSERT INTO `master_session` VALUES ('486', '0003', '192.168.1.105', '2013-06-30 15:04:06');
INSERT INTO `master_session` VALUES ('487', 'admin', '192.168.1.103', '2013-06-30 15:04:44');
INSERT INTO `master_session` VALUES ('488', '0003', '192.168.1.40', '2013-06-30 15:10:05');
INSERT INTO `master_session` VALUES ('489', '2010441', '192.168.1.103', '2013-06-30 15:11:34');
INSERT INTO `master_session` VALUES ('490', '0003', '192.168.1.40', '2013-06-30 15:16:22');
INSERT INTO `master_session` VALUES ('491', '0003', '192.168.1.105', '2013-06-30 15:36:27');
INSERT INTO `master_session` VALUES ('492', '2010441', '192.168.1.103', '2013-06-30 16:12:08');
INSERT INTO `master_session` VALUES ('493', '2010442', '192.168.1.103', '2013-06-30 16:14:19');
INSERT INTO `master_session` VALUES ('494', 'admin', '192.168.1.103', '2013-06-30 16:39:40');
INSERT INTO `master_session` VALUES ('495', '0003', '192.168.1.105', '2013-06-30 16:42:22');
INSERT INTO `master_session` VALUES ('496', 'admin', '192.168.1.105', '2013-06-30 16:42:42');
INSERT INTO `master_session` VALUES ('497', '0001', '192.168.1.105', '2013-06-30 16:44:20');
INSERT INTO `master_session` VALUES ('498', 'admin', '192.168.1.103', '2013-06-30 16:45:37');
INSERT INTO `master_session` VALUES ('499', 'admin', '192.168.1.103', '2013-06-30 16:48:55');
INSERT INTO `master_session` VALUES ('500', '2010442', '192.168.1.103', '2013-06-30 17:09:59');
INSERT INTO `master_session` VALUES ('501', 'admin', '192.168.1.103', '2013-06-30 17:10:23');
INSERT INTO `master_session` VALUES ('502', '2010442', '192.168.1.103', '2013-06-30 17:11:43');
INSERT INTO `master_session` VALUES ('503', '0003', '192.168.1.40', '2013-06-30 17:29:58');
INSERT INTO `master_session` VALUES ('504', '01', '192.168.1.105', '2013-06-30 17:38:30');
INSERT INTO `master_session` VALUES ('505', '02', '192.168.1.105', '2013-06-30 17:39:57');
INSERT INTO `master_session` VALUES ('506', '03', '192.168.1.105', '2013-06-30 17:40:26');
INSERT INTO `master_session` VALUES ('507', '04', '192.168.1.105', '2013-06-30 17:40:48');
INSERT INTO `master_session` VALUES ('508', '0001', '192.168.1.105', '2013-06-30 17:41:19');
INSERT INTO `master_session` VALUES ('509', '0003', '192.168.1.105', '2013-06-30 17:43:29');
INSERT INTO `master_session` VALUES ('510', '01', '192.168.1.105', '2013-06-30 17:44:18');
INSERT INTO `master_session` VALUES ('511', '0001', '192.168.1.105', '2013-06-30 17:44:37');
INSERT INTO `master_session` VALUES ('512', '0003', '192.168.1.103', '2013-06-30 17:50:43');
INSERT INTO `master_session` VALUES ('513', '2010442', '192.168.1.103', '2013-06-30 17:52:32');
INSERT INTO `master_session` VALUES ('514', '0003', '192.168.1.105', '2013-07-01 11:05:04');
INSERT INTO `master_session` VALUES ('515', '0003', '192.168.1.105', '2013-07-01 11:05:29');
INSERT INTO `master_session` VALUES ('516', 'admin', '192.168.1.105', '2013-07-01 11:30:14');
INSERT INTO `master_session` VALUES ('517', '01', '192.168.1.105', '2013-07-01 11:32:58');
INSERT INTO `master_session` VALUES ('518', 'admin', '192.168.1.105', '2013-07-01 11:33:13');
INSERT INTO `master_session` VALUES ('519', '01', '192.168.1.105', '2013-07-01 11:34:37');
INSERT INTO `master_session` VALUES ('520', '01', '192.168.1.105', '2013-07-01 12:07:29');
INSERT INTO `master_session` VALUES ('521', '01', '192.168.1.105', '2013-07-01 12:40:30');
INSERT INTO `master_session` VALUES ('522', '2010441', '192.168.1.103', '2013-07-01 14:20:22');
INSERT INTO `master_session` VALUES ('523', 'admin', '192.168.1.103', '2013-07-01 14:23:55');
INSERT INTO `master_session` VALUES ('524', '2010441', '192.168.1.103', '2013-07-01 14:25:22');
INSERT INTO `master_session` VALUES ('525', 'admin', '192.168.1.103', '2013-07-01 14:30:47');
INSERT INTO `master_session` VALUES ('526', '2010441', '192.168.1.103', '2013-07-01 14:32:16');
INSERT INTO `master_session` VALUES ('527', '01', '192.168.1.105', '2013-07-01 14:33:15');
INSERT INTO `master_session` VALUES ('528', '01', '192.168.1.105', '2013-07-01 14:33:27');
INSERT INTO `master_session` VALUES ('529', '2010442', '192.168.1.103', '2013-07-01 14:33:33');
INSERT INTO `master_session` VALUES ('530', '2010441', '192.168.1.103', '2013-07-01 14:38:13');
INSERT INTO `master_session` VALUES ('531', '2010442', '192.168.1.103', '2013-07-01 14:41:27');
INSERT INTO `master_session` VALUES ('532', '0001', '192.168.1.103', '2013-07-01 14:43:43');
INSERT INTO `master_session` VALUES ('533', '2010441', '192.168.1.103', '2013-07-01 14:47:21');
INSERT INTO `master_session` VALUES ('534', 'admin', '192.168.1.103', '2013-07-01 14:47:41');
INSERT INTO `master_session` VALUES ('535', '01', '192.168.1.191', '2013-07-01 15:11:25');
INSERT INTO `master_session` VALUES ('536', '01', '192.168.1.191', '2013-07-01 15:19:19');
INSERT INTO `master_session` VALUES ('537', '02', '192.168.1.191', '2013-07-01 15:25:32');
INSERT INTO `master_session` VALUES ('538', '03', '192.168.1.191', '2013-07-01 15:29:37');
INSERT INTO `master_session` VALUES ('539', '04', '192.168.1.191', '2013-07-01 15:36:16');
INSERT INTO `master_session` VALUES ('540', '05', '192.168.1.191', '2013-07-01 15:38:47');
INSERT INTO `master_session` VALUES ('541', '04', '192.168.1.191', '2013-07-01 15:40:52');
INSERT INTO `master_session` VALUES ('542', '0003', '192.168.1.191', '2013-07-01 15:41:32');
INSERT INTO `master_session` VALUES ('543', '0003', '192.168.1.191', '2013-07-01 15:44:59');
INSERT INTO `master_session` VALUES ('544', '0001', '192.168.1.191', '2013-07-01 15:47:22');
INSERT INTO `master_session` VALUES ('545', '0001', '192.168.1.191', '2013-07-01 15:52:55');
INSERT INTO `master_session` VALUES ('546', '0003', '192.168.1.191', '2013-07-01 15:53:25');
INSERT INTO `master_session` VALUES ('547', '01', '192.168.1.191', '2013-07-01 16:14:46');
INSERT INTO `master_session` VALUES ('548', '2010441', '192.168.1.191', '2013-07-01 16:22:49');
INSERT INTO `master_session` VALUES ('549', '0001', '192.168.1.191', '2013-07-01 16:24:11');
INSERT INTO `master_session` VALUES ('550', 'admin', '192.168.1.191', '2013-07-01 16:26:18');
INSERT INTO `master_session` VALUES ('551', '0001', '192.168.1.191', '2013-07-01 16:27:49');
INSERT INTO `master_session` VALUES ('552', 'admin', '192.168.1.191', '2013-07-01 16:30:20');
INSERT INTO `master_session` VALUES ('553', '2010451', '192.168.1.191', '2013-07-01 16:31:23');
INSERT INTO `master_session` VALUES ('554', 'admin', '192.168.1.191', '2013-07-01 16:32:33');
INSERT INTO `master_session` VALUES ('555', '0001', '192.168.1.103', '2013-07-01 16:35:15');
INSERT INTO `master_session` VALUES ('556', 'admin', '192.168.1.103', '2013-07-01 16:35:33');
INSERT INTO `master_session` VALUES ('557', '0001', '192.168.1.103', '2013-07-01 16:36:42');
INSERT INTO `master_session` VALUES ('558', '2010451', '192.168.1.191', '2013-07-01 16:41:04');
INSERT INTO `master_session` VALUES ('559', '0001', '192.168.1.191', '2013-07-01 16:41:26');
INSERT INTO `master_session` VALUES ('560', 'admin', '192.168.1.191', '2013-07-01 16:44:27');
INSERT INTO `master_session` VALUES ('561', '2010451', '192.168.1.191', '2013-07-01 16:45:32');
INSERT INTO `master_session` VALUES ('562', '0001', '192.168.1.191', '2013-07-01 16:51:29');
INSERT INTO `master_session` VALUES ('563', '0003', '192.168.1.191', '2013-07-01 16:53:28');
INSERT INTO `master_session` VALUES ('564', 'admin', '192.168.1.191', '2013-07-01 16:53:33');
INSERT INTO `master_session` VALUES ('565', '2010449', '192.168.1.191', '2013-07-01 16:54:10');
INSERT INTO `master_session` VALUES ('566', '0001', '192.168.1.191', '2013-07-01 16:55:50');
INSERT INTO `master_session` VALUES ('567', '0003', '192.168.1.191', '2013-07-01 16:56:50');
INSERT INTO `master_session` VALUES ('568', '0001', '192.168.1.191', '2013-07-01 16:59:04');
INSERT INTO `master_session` VALUES ('569', '01', '192.168.1.191', '2013-07-01 17:00:18');
INSERT INTO `master_session` VALUES ('570', '2010445', '192.168.1.103', '2013-07-01 17:01:11');
INSERT INTO `master_session` VALUES ('571', '01', '192.168.1.191', '2013-07-01 17:01:12');
INSERT INTO `master_session` VALUES ('572', '02', '192.168.1.191', '2013-07-01 17:14:28');
INSERT INTO `master_session` VALUES ('573', 'admin', '192.168.1.191', '2013-07-01 17:14:57');
INSERT INTO `master_session` VALUES ('574', '02', '192.168.1.191', '2013-07-01 17:15:45');
INSERT INTO `master_session` VALUES ('575', '02', '192.168.1.191', '2013-07-01 17:20:29');
INSERT INTO `master_session` VALUES ('576', 'admin', '192.168.1.191', '2013-07-01 17:27:36');
INSERT INTO `master_session` VALUES ('577', '01', '192.168.1.105', '2013-07-01 18:06:35');
INSERT INTO `master_session` VALUES ('578', '2010441', '192.168.1.103', '2013-07-01 18:54:29');
INSERT INTO `master_session` VALUES ('579', '2010441', '192.168.1.103', '2013-07-01 20:39:37');
INSERT INTO `master_session` VALUES ('580', '2010442', '192.168.1.103', '2013-07-01 21:29:24');
INSERT INTO `master_session` VALUES ('581', 'admin', '192.168.1.103', '2013-07-01 21:32:06');
INSERT INTO `master_session` VALUES ('582', '2010460', '192.168.1.103', '2013-07-01 21:34:31');
INSERT INTO `master_session` VALUES ('583', '2010460', '192.168.1.103', '2013-07-01 21:36:51');
INSERT INTO `master_session` VALUES ('584', '2010441', '192.168.1.103', '2013-07-02 10:24:18');
INSERT INTO `master_session` VALUES ('585', '2010442', '192.168.1.103', '2013-07-02 10:25:01');
INSERT INTO `master_session` VALUES ('586', '2010460', '192.168.1.103', '2013-07-02 10:26:17');
INSERT INTO `master_session` VALUES ('587', '01', '192.168.1.105', '2013-07-02 10:30:12');
INSERT INTO `master_session` VALUES ('588', 'admin', '192.168.1.105', '2013-07-02 10:40:25');
INSERT INTO `master_session` VALUES ('589', '2010460', '192.168.1.103', '2013-07-02 10:42:13');
INSERT INTO `master_session` VALUES ('590', 'admin', '192.168.1.40', '2013-07-02 10:42:59');
INSERT INTO `master_session` VALUES ('591', 'admin', '192.168.1.103', '2013-07-02 10:43:22');
INSERT INTO `master_session` VALUES ('592', '2010460', '192.168.1.103', '2013-07-02 10:47:42');
INSERT INTO `master_session` VALUES ('593', '2010442', '192.168.1.103', '2013-07-02 10:59:54');
INSERT INTO `master_session` VALUES ('594', '2010460', '192.168.1.103', '2013-07-02 11:06:16');
INSERT INTO `master_session` VALUES ('595', '2010442', '192.168.1.103', '2013-07-02 11:06:41');
INSERT INTO `master_session` VALUES ('596', '2010460', '192.168.1.103', '2013-07-02 11:07:00');
INSERT INTO `master_session` VALUES ('597', '2010442', '192.168.1.103', '2013-07-02 11:08:15');
INSERT INTO `master_session` VALUES ('598', '2010460', '192.168.1.103', '2013-07-02 11:08:27');
INSERT INTO `master_session` VALUES ('599', '2010441', '192.168.1.103', '2013-07-02 11:12:24');
INSERT INTO `master_session` VALUES ('600', '2010442', '192.168.1.103', '2013-07-02 11:16:06');
INSERT INTO `master_session` VALUES ('601', '2010460', '192.168.1.103', '2013-07-02 11:17:09');
INSERT INTO `master_session` VALUES ('602', '2010460', '192.168.1.103', '2013-07-02 11:20:14');
INSERT INTO `master_session` VALUES ('603', '2010441', '192.168.1.103', '2013-07-02 11:20:21');
INSERT INTO `master_session` VALUES ('604', '2010441', '192.168.1.103', '2013-07-02 11:22:17');
INSERT INTO `master_session` VALUES ('605', 'admin', '192.168.1.103', '2013-07-02 11:44:26');
INSERT INTO `master_session` VALUES ('606', 'admin', '192.168.1.103', '2013-07-02 11:46:09');
INSERT INTO `master_session` VALUES ('607', '2010442', '192.168.1.103', '2013-07-02 11:48:31');
INSERT INTO `master_session` VALUES ('608', '2010460', '192.168.1.103', '2013-07-02 11:48:53');
INSERT INTO `master_session` VALUES ('609', '2010441', '192.168.1.105', '2013-07-02 11:58:20');
INSERT INTO `master_session` VALUES ('610', '2010442', '192.168.1.105', '2013-07-02 12:07:13');
INSERT INTO `master_session` VALUES ('611', '0003', '192.168.1.105', '2013-07-02 12:08:04');
INSERT INTO `master_session` VALUES ('612', '2010441', '192.168.1.105', '2013-07-02 12:08:41');
INSERT INTO `master_session` VALUES ('613', '2010441', '192.168.1.105', '2013-07-02 12:09:14');
INSERT INTO `master_session` VALUES ('614', '2010460', '192.168.1.105', '2013-07-02 12:35:36');
INSERT INTO `master_session` VALUES ('615', '2010441', '192.168.1.105', '2013-07-02 12:45:14');
INSERT INTO `master_session` VALUES ('616', '2010442', '192.168.1.105', '2013-07-02 13:10:08');
INSERT INTO `master_session` VALUES ('617', '2010441', '192.168.1.105', '2013-07-02 13:12:05');
INSERT INTO `master_session` VALUES ('618', '2010460', '192.168.1.105', '2013-07-02 13:14:00');
INSERT INTO `master_session` VALUES ('619', 'admin', '192.168.1.103', '2013-07-02 14:00:54');
INSERT INTO `master_session` VALUES ('620', 'admin', '192.168.1.103', '2013-07-02 14:02:58');
INSERT INTO `master_session` VALUES ('621', '2010441', '192.168.1.105', '2013-07-02 14:44:15');
INSERT INTO `master_session` VALUES ('622', '2010442', '192.168.1.105', '2013-07-02 14:45:52');
INSERT INTO `master_session` VALUES ('623', '2010442', '192.168.1.105', '2013-07-02 14:46:14');
INSERT INTO `master_session` VALUES ('624', 'admin', '192.168.1.105', '2013-07-02 14:48:18');
INSERT INTO `master_session` VALUES ('625', '01', '192.168.1.105', '2013-07-02 14:50:56');
INSERT INTO `master_session` VALUES ('626', '2010441', '192.168.1.103', '2013-07-02 14:51:37');
INSERT INTO `master_session` VALUES ('627', '01', '192.168.1.105', '2013-07-02 14:53:20');
INSERT INTO `master_session` VALUES ('628', '02', '192.168.1.105', '2013-07-02 14:54:20');
INSERT INTO `master_session` VALUES ('629', '2010442', '192.168.1.41', '2013-07-02 15:21:09');
INSERT INTO `master_session` VALUES ('630', '04', '192.168.1.105', '2013-07-02 15:34:04');
INSERT INTO `master_session` VALUES ('631', '03', '192.168.1.105', '2013-07-02 15:36:21');
INSERT INTO `master_session` VALUES ('632', '02', '192.168.1.105', '2013-07-02 15:36:55');
INSERT INTO `master_session` VALUES ('633', '02', '192.168.1.105', '2013-07-02 16:17:45');
INSERT INTO `master_session` VALUES ('634', '2010441', '192.168.1.105', '2013-07-02 16:44:17');
INSERT INTO `master_session` VALUES ('635', '0003', '192.168.1.105', '2013-07-02 17:10:44');
INSERT INTO `master_session` VALUES ('636', '0001', '192.168.1.105', '2013-07-02 17:12:26');
INSERT INTO `master_session` VALUES ('637', '0003', '192.168.1.105', '2013-07-02 17:16:29');
INSERT INTO `master_session` VALUES ('638', '0001', '192.168.1.105', '2013-07-02 18:10:34');
INSERT INTO `master_session` VALUES ('639', '0003', '192.168.1.40', '2013-07-02 18:15:13');
INSERT INTO `master_session` VALUES ('640', '2010442', '192.168.1.103', '2013-07-02 18:56:40');
INSERT INTO `master_session` VALUES ('641', '2010441', '192.168.1.103', '2013-07-02 18:57:08');
INSERT INTO `master_session` VALUES ('642', '2010441', '192.168.1.103', '2013-07-02 20:18:14');
INSERT INTO `master_session` VALUES ('643', '2010441', '192.168.1.103', '2013-07-02 20:20:48');
INSERT INTO `master_session` VALUES ('644', '2010441', '192.168.1.103', '2013-07-02 20:44:57');
INSERT INTO `master_session` VALUES ('645', '2010442', '192.168.1.103', '2013-07-02 20:45:17');
INSERT INTO `master_session` VALUES ('646', '01', '192.168.1.105', '2013-07-03 10:37:33');
INSERT INTO `master_session` VALUES ('647', '01', '192.168.1.105', '2013-07-03 10:37:42');
INSERT INTO `master_session` VALUES ('648', 'admin', '192.168.1.105', '2013-07-03 10:38:32');
INSERT INTO `master_session` VALUES ('649', '02', '192.168.1.105', '2013-07-03 10:48:54');
INSERT INTO `master_session` VALUES ('650', '0001', '192.168.1.105', '2013-07-03 10:53:09');
INSERT INTO `master_session` VALUES ('651', '0001', '192.168.1.40', '2013-07-03 10:54:50');
INSERT INTO `master_session` VALUES ('652', '0001', '192.168.1.40', '2013-07-03 10:55:43');
INSERT INTO `master_session` VALUES ('653', '0003', '192.168.1.105', '2013-07-03 11:03:16');
INSERT INTO `master_session` VALUES ('654', '0001', '192.168.1.103', '2013-07-03 11:08:59');
INSERT INTO `master_session` VALUES ('655', '0003', '192.168.1.103', '2013-07-03 11:09:23');
INSERT INTO `master_session` VALUES ('656', '0003', '192.168.1.103', '2013-07-03 11:36:03');
INSERT INTO `master_session` VALUES ('657', '2010441', '192.168.1.103', '2013-07-03 11:38:18');
INSERT INTO `master_session` VALUES ('658', '2010442', '192.168.1.103', '2013-07-03 12:06:44');
INSERT INTO `master_session` VALUES ('659', '2010441', '192.168.1.103', '2013-07-03 12:07:18');
INSERT INTO `master_session` VALUES ('660', '2010441', '192.168.1.103', '2013-07-03 12:08:28');
INSERT INTO `master_session` VALUES ('661', '01', '192.168.1.105', '2013-07-03 12:21:48');
INSERT INTO `master_session` VALUES ('662', '2010442', '192.168.1.103', '2013-07-03 12:23:37');
INSERT INTO `master_session` VALUES ('663', '2010460', '192.168.1.103', '2013-07-03 12:27:27');
INSERT INTO `master_session` VALUES ('664', 'admin', '192.168.1.106', '2013-07-03 12:56:42');
INSERT INTO `master_session` VALUES ('665', '2010441', '192.168.1.103', '2013-07-03 14:01:57');
INSERT INTO `master_session` VALUES ('666', 'admin', '192.168.1.103', '2013-07-03 14:02:32');
INSERT INTO `master_session` VALUES ('667', '2010441', '192.168.1.103', '2013-07-03 14:03:08');
INSERT INTO `master_session` VALUES ('668', '01', '192.168.1.105', '2013-07-03 14:47:17');
INSERT INTO `master_session` VALUES ('669', '2010441', '192.168.1.103', '2013-07-03 14:54:14');
INSERT INTO `master_session` VALUES ('670', '2010441', '192.168.1.103', '2013-07-03 14:58:46');
INSERT INTO `master_session` VALUES ('671', '0001', '192.168.1.105', '2013-07-03 14:59:11');
INSERT INTO `master_session` VALUES ('672', '2010441', '192.168.1.103', '2013-07-03 14:59:42');
INSERT INTO `master_session` VALUES ('673', '0003', '192.168.1.105', '2013-07-03 15:01:44');
INSERT INTO `master_session` VALUES ('674', '2010442', '192.168.1.103', '2013-07-03 15:15:49');
INSERT INTO `master_session` VALUES ('675', '2010460', '192.168.1.103', '2013-07-03 15:16:22');
INSERT INTO `master_session` VALUES ('676', 'admin', '192.168.1.103', '2013-07-03 15:18:28');
INSERT INTO `master_session` VALUES ('677', '2010441', '192.168.1.103', '2013-07-03 15:35:06');
INSERT INTO `master_session` VALUES ('678', '0003', '192.168.1.40', '2013-07-03 18:11:21');
INSERT INTO `master_session` VALUES ('679', '0001', '192.168.1.103', '2013-07-04 11:50:21');
INSERT INTO `master_session` VALUES ('680', 'admin', '192.168.1.103', '2013-07-04 11:59:00');
INSERT INTO `master_session` VALUES ('681', '2010451', '192.168.1.103', '2013-07-04 11:59:42');
INSERT INTO `master_session` VALUES ('682', 'admin', '192.168.1.103', '2013-07-04 12:00:14');
INSERT INTO `master_session` VALUES ('683', '2010451', '192.168.1.103', '2013-07-04 12:00:57');
INSERT INTO `master_session` VALUES ('684', 'admin', '192.168.1.103', '2013-07-04 12:02:13');
INSERT INTO `master_session` VALUES ('685', '0001', '192.168.1.103', '2013-07-04 12:05:03');
INSERT INTO `master_session` VALUES ('686', '2010451', '192.168.1.103', '2013-07-04 12:06:31');
INSERT INTO `master_session` VALUES ('687', 'admin', '192.168.1.103', '2013-07-04 12:16:57');
INSERT INTO `master_session` VALUES ('688', 'admin', '192.168.1.103', '2013-07-04 13:55:35');
INSERT INTO `master_session` VALUES ('689', '2010449', '192.168.1.103', '2013-07-04 13:58:32');
INSERT INTO `master_session` VALUES ('690', 'admin', '192.168.1.103', '2013-07-04 13:59:02');
INSERT INTO `master_session` VALUES ('691', '0001', '192.168.1.103', '2013-07-04 14:05:10');
INSERT INTO `master_session` VALUES ('692', '2010449', '192.168.1.103', '2013-07-04 14:10:17');
INSERT INTO `master_session` VALUES ('693', '2010451', '192.168.1.103', '2013-07-04 14:10:47');
INSERT INTO `master_session` VALUES ('694', '2010449', '192.168.1.103', '2013-07-04 14:17:06');
INSERT INTO `master_session` VALUES ('695', '2010451', '192.168.1.103', '2013-07-04 14:25:38');
INSERT INTO `master_session` VALUES ('696', '2010449', '192.168.1.103', '2013-07-04 14:28:32');
INSERT INTO `master_session` VALUES ('697', '02', '192.168.1.103', '2013-07-04 14:37:14');
INSERT INTO `master_session` VALUES ('698', '0001', '192.168.1.103', '2013-07-04 14:38:04');
INSERT INTO `master_session` VALUES ('699', '2010451', '192.168.1.103', '2013-07-04 15:57:57');
INSERT INTO `master_session` VALUES ('700', '2010449', '192.168.1.103', '2013-07-04 16:36:15');
INSERT INTO `master_session` VALUES ('701', 'admin', '192.168.1.103', '2013-07-04 16:59:49');
INSERT INTO `master_session` VALUES ('702', '02', '192.168.1.103', '2013-07-04 17:00:05');
INSERT INTO `master_session` VALUES ('703', '2010441', '192.168.1.103', '2013-07-04 17:37:32');
INSERT INTO `master_session` VALUES ('704', '2010442', '192.168.1.103', '2013-07-04 18:13:39');
INSERT INTO `master_session` VALUES ('705', '2010441', '192.168.1.103', '2013-07-04 18:14:42');
INSERT INTO `master_session` VALUES ('706', '2010442', '192.168.1.103', '2013-07-04 18:20:03');
INSERT INTO `master_session` VALUES ('707', '2010441', '192.168.1.103', '2013-07-04 18:21:32');
INSERT INTO `master_session` VALUES ('708', '2010442', '192.168.1.103', '2013-07-04 18:32:41');
INSERT INTO `master_session` VALUES ('709', '2010460', '192.168.1.103', '2013-07-04 18:34:04');
INSERT INTO `master_session` VALUES ('710', '01', '192.168.1.105', '2013-07-06 10:19:33');
INSERT INTO `master_session` VALUES ('711', '2010441', '192.168.1.102', '2013-07-06 10:42:09');
INSERT INTO `master_session` VALUES ('712', '2010441', '192.168.1.102', '2013-07-06 11:02:17');
INSERT INTO `master_session` VALUES ('713', '2010442', '192.168.1.102', '2013-07-06 11:02:49');
INSERT INTO `master_session` VALUES ('714', '2010441', '192.168.1.102', '2013-07-06 11:07:01');
INSERT INTO `master_session` VALUES ('715', '2010442', '192.168.1.102', '2013-07-06 11:07:23');
INSERT INTO `master_session` VALUES ('716', '2010441', '192.168.1.102', '2013-07-06 11:08:10');
INSERT INTO `master_session` VALUES ('717', '2010442', '192.168.1.102', '2013-07-06 11:09:35');
INSERT INTO `master_session` VALUES ('718', '2010460', '192.168.1.102', '2013-07-06 11:22:19');
INSERT INTO `master_session` VALUES ('719', '2010441', '192.168.1.105', '2013-07-06 11:32:44');
INSERT INTO `master_session` VALUES ('720', '2010442', '192.168.1.105', '2013-07-06 11:39:19');
INSERT INTO `master_session` VALUES ('721', '0001', '192.168.1.105', '2013-07-06 12:03:07');
INSERT INTO `master_session` VALUES ('722', '0003', '192.168.1.105', '2013-07-06 12:03:25');
INSERT INTO `master_session` VALUES ('723', '2010441', '192.168.1.102', '2013-07-06 12:06:17');
INSERT INTO `master_session` VALUES ('724', 'admin', '192.168.1.102', '2013-07-06 12:07:45');
INSERT INTO `master_session` VALUES ('725', 'admin', '192.168.1.105', '2013-07-06 12:21:36');
INSERT INTO `master_session` VALUES ('726', 'admin', '192.168.1.102', '2013-07-06 12:24:20');
INSERT INTO `master_session` VALUES ('727', 'admin', '192.168.1.102', '2013-07-06 12:35:43');
INSERT INTO `master_session` VALUES ('728', '0001', '192.168.1.108', '2013-07-06 13:01:11');
INSERT INTO `master_session` VALUES ('729', 'admin', '192.168.1.108', '2013-07-06 13:02:30');
INSERT INTO `master_session` VALUES ('730', '0001', '192.168.1.108', '2013-07-06 13:07:21');
INSERT INTO `master_session` VALUES ('731', 'admin', '192.168.1.108', '2013-07-06 13:15:26');
INSERT INTO `master_session` VALUES ('732', '0003', '192.168.1.108', '2013-07-06 13:26:41');
INSERT INTO `master_session` VALUES ('733', '01', '192.168.1.108', '2013-07-06 13:29:18');
INSERT INTO `master_session` VALUES ('734', '02', '192.168.1.108', '2013-07-06 13:30:00');
INSERT INTO `master_session` VALUES ('735', '03', '192.168.1.108', '2013-07-06 13:30:45');
INSERT INTO `master_session` VALUES ('736', '04', '192.168.1.108', '2013-07-06 13:31:54');
INSERT INTO `master_session` VALUES ('737', '05', '192.168.1.108', '2013-07-06 13:33:41');
INSERT INTO `master_session` VALUES ('738', 'admin', '192.168.1.108', '2013-07-06 13:35:09');
INSERT INTO `master_session` VALUES ('739', '04', '192.168.1.108', '2013-07-06 13:36:54');
INSERT INTO `master_session` VALUES ('740', '05', '192.168.1.108', '2013-07-06 13:37:29');
INSERT INTO `master_session` VALUES ('741', 'admin', '192.168.1.108', '2013-07-06 13:37:41');
INSERT INTO `master_session` VALUES ('742', '04', '192.168.1.108', '2013-07-06 13:38:36');
INSERT INTO `master_session` VALUES ('743', '04', '192.168.1.108', '2013-07-06 13:46:24');
INSERT INTO `master_session` VALUES ('744', '04', '192.168.1.108', '2013-07-06 13:47:54');
INSERT INTO `master_session` VALUES ('745', '01', '192.168.1.108', '2013-07-06 14:14:31');
INSERT INTO `master_session` VALUES ('746', '01', '192.168.1.108', '2013-07-06 14:17:00');
INSERT INTO `master_session` VALUES ('747', '2010441', '192.168.1.102', '2013-07-06 14:47:11');
INSERT INTO `master_session` VALUES ('748', '04', '192.168.1.40', '2013-07-06 14:49:34');
INSERT INTO `master_session` VALUES ('749', 'admin', '192.168.1.102', '2013-07-06 14:51:19');
INSERT INTO `master_session` VALUES ('750', '04', '192.168.1.40', '2013-07-06 14:51:51');
INSERT INTO `master_session` VALUES ('751', '01', '192.168.1.40', '2013-07-06 14:52:28');
INSERT INTO `master_session` VALUES ('752', '04', '192.168.1.40', '2013-07-06 14:53:14');
INSERT INTO `master_session` VALUES ('753', '01', '192.168.1.40', '2013-07-06 15:10:38');
INSERT INTO `master_session` VALUES ('754', '04', '192.168.1.40', '2013-07-06 15:12:38');
INSERT INTO `master_session` VALUES ('755', '01', '192.168.1.40', '2013-07-06 15:14:22');
INSERT INTO `master_session` VALUES ('756', '04', '192.168.1.40', '2013-07-06 15:14:55');
INSERT INTO `master_session` VALUES ('757', '01', '192.168.1.105', '2013-07-06 15:34:43');
INSERT INTO `master_session` VALUES ('758', '02', '192.168.1.105', '2013-07-06 15:38:09');
INSERT INTO `master_session` VALUES ('759', '03', '192.168.1.105', '2013-07-06 15:39:15');
INSERT INTO `master_session` VALUES ('760', '04', '192.168.1.105', '2013-07-06 15:39:55');
INSERT INTO `master_session` VALUES ('761', '01', '192.168.1.105', '2013-07-06 15:47:09');
INSERT INTO `master_session` VALUES ('762', '0001', '192.168.1.105', '2013-07-06 15:50:10');
INSERT INTO `master_session` VALUES ('763', '2010442', '192.168.1.105', '2013-07-06 15:57:41');
INSERT INTO `master_session` VALUES ('764', '2010460', '192.168.1.105', '2013-07-06 15:58:33');
INSERT INTO `master_session` VALUES ('765', '01', '192.168.1.40', '2013-07-06 16:13:25');
INSERT INTO `master_session` VALUES ('766', '04', '192.168.1.105', '2013-07-06 16:18:02');
INSERT INTO `master_session` VALUES ('767', '01', '192.168.1.105', '2013-07-06 16:31:58');
INSERT INTO `master_session` VALUES ('768', '01', '192.168.1.40', '2013-07-06 16:34:07');
INSERT INTO `master_session` VALUES ('769', '04', '192.168.1.40', '2013-07-06 16:36:50');
INSERT INTO `master_session` VALUES ('770', '01', '192.168.1.40', '2013-07-06 16:37:51');
INSERT INTO `master_session` VALUES ('771', '04', '192.168.1.40', '2013-07-06 16:40:46');
INSERT INTO `master_session` VALUES ('772', '01', '192.168.1.40', '2013-07-06 16:46:44');
INSERT INTO `master_session` VALUES ('773', '2010441', '192.168.1.102', '2013-07-06 16:49:43');
INSERT INTO `master_session` VALUES ('774', '2010442', '192.168.1.102', '2013-07-06 16:52:32');
INSERT INTO `master_session` VALUES ('775', 'admin', '192.168.1.102', '2013-07-06 16:53:21');
INSERT INTO `master_session` VALUES ('776', '2010442', '192.168.1.102', '2013-07-06 16:53:49');
INSERT INTO `master_session` VALUES ('777', 'admin', '192.168.1.102', '2013-07-06 16:58:43');
INSERT INTO `master_session` VALUES ('778', '2010441', '192.168.1.102', '2013-07-06 16:59:47');
INSERT INTO `master_session` VALUES ('779', '02', '192.168.1.40', '2013-07-06 17:38:31');
INSERT INTO `master_session` VALUES ('780', '03', '192.168.1.40', '2013-07-06 17:39:11');
INSERT INTO `master_session` VALUES ('781', '04', '192.168.1.40', '2013-07-06 17:40:07');
INSERT INTO `master_session` VALUES ('782', '01', '192.168.1.40', '2013-07-06 17:40:13');
INSERT INTO `master_session` VALUES ('783', '02', '192.168.1.40', '2013-07-06 17:45:24');
INSERT INTO `master_session` VALUES ('784', '03', '192.168.1.40', '2013-07-06 17:45:50');
INSERT INTO `master_session` VALUES ('785', '01', '192.168.1.105', '2013-07-06 18:03:02');
INSERT INTO `master_session` VALUES ('786', '01', '192.168.1.40', '2013-07-06 18:03:47');
INSERT INTO `master_session` VALUES ('787', '02', '192.168.1.40', '2013-07-06 18:04:28');
INSERT INTO `master_session` VALUES ('788', '03', '192.168.1.40', '2013-07-06 18:04:47');
INSERT INTO `master_session` VALUES ('789', '600', '192.168.1.80', '2013-07-06 18:25:44');
INSERT INTO `master_session` VALUES ('790', '600', '192.168.1.80', '2013-07-06 18:36:23');
INSERT INTO `master_session` VALUES ('791', '600', '192.168.1.65', '2013-07-06 18:37:15');
INSERT INTO `master_session` VALUES ('792', '600', '192.168.1.65', '2013-07-06 18:41:16');
INSERT INTO `master_session` VALUES ('793', '600', '192.168.1.61', '2013-07-06 18:50:07');
INSERT INTO `master_session` VALUES ('794', '2010441', '192.168.1.102', '2013-07-06 19:02:46');
INSERT INTO `master_session` VALUES ('795', 'admin', '192.168.1.106', '2013-07-06 19:24:17');
INSERT INTO `master_session` VALUES ('796', '2010442', '192.168.1.102', '2013-07-06 19:28:40');
INSERT INTO `master_session` VALUES ('797', '01', '192.168.1.105', '2013-07-07 10:34:25');
INSERT INTO `master_session` VALUES ('798', '600', '192.168.1.80', '2013-07-07 10:34:36');
INSERT INTO `master_session` VALUES ('799', '01', '192.168.1.105', '2013-07-07 10:34:39');
INSERT INTO `master_session` VALUES ('800', '0001', '192.168.1.105', '2013-07-07 10:41:07');
INSERT INTO `master_session` VALUES ('801', '0001', '192.168.1.105', '2013-07-07 10:42:46');
INSERT INTO `master_session` VALUES ('802', '0003', '192.168.1.105', '2013-07-07 10:43:01');
INSERT INTO `master_session` VALUES ('803', 'admin', '192.168.1.105', '2013-07-07 10:46:10');
INSERT INTO `master_session` VALUES ('804', '600', '192.168.1.61', '2013-07-07 10:49:35');
INSERT INTO `master_session` VALUES ('805', '01', '192.168.1.105', '2013-07-07 10:52:12');
INSERT INTO `master_session` VALUES ('806', '01', '192.168.1.105', '2013-07-07 10:52:19');
INSERT INTO `master_session` VALUES ('807', '02', '192.168.1.105', '2013-07-07 10:53:05');
INSERT INTO `master_session` VALUES ('808', 'admin', '192.168.1.102', '2013-07-07 10:53:07');
INSERT INTO `master_session` VALUES ('809', '03', '192.168.1.105', '2013-07-07 10:53:38');
INSERT INTO `master_session` VALUES ('810', '04', '192.168.1.105', '2013-07-07 10:54:03');
INSERT INTO `master_session` VALUES ('811', 'admin', '192.168.1.102', '2013-07-07 10:54:25');
INSERT INTO `master_session` VALUES ('812', 'admin', '192.168.1.102', '2013-07-07 10:55:26');
INSERT INTO `master_session` VALUES ('813', '04', '192.168.1.40', '2013-07-07 11:24:23');
INSERT INTO `master_session` VALUES ('814', 'admin', '192.168.1.102', '2013-07-07 11:25:12');
INSERT INTO `master_session` VALUES ('815', '000311', '192.168.1.102', '2013-07-07 11:25:46');
INSERT INTO `master_session` VALUES ('816', '600', '192.168.1.80', '2013-07-07 11:26:24');
INSERT INTO `master_session` VALUES ('817', 'admin', '192.168.1.105', '2013-07-07 12:00:54');
INSERT INTO `master_session` VALUES ('818', '01', '192.168.1.105', '2013-07-07 12:04:19');
INSERT INTO `master_session` VALUES ('819', '600', '192.168.1.61', '2013-07-07 12:04:43');
INSERT INTO `master_session` VALUES ('820', '0001', '192.168.1.105', '2013-07-07 12:05:26');
INSERT INTO `master_session` VALUES ('821', '0003', '192.168.1.105', '2013-07-07 12:06:24');
INSERT INTO `master_session` VALUES ('822', '02', '192.168.1.105', '2013-07-07 12:06:52');
INSERT INTO `master_session` VALUES ('823', '03', '192.168.1.105', '2013-07-07 12:07:17');
INSERT INTO `master_session` VALUES ('824', '04', '192.168.1.105', '2013-07-07 12:07:42');
INSERT INTO `master_session` VALUES ('825', '601', '192.168.1.80', '2013-07-07 12:14:46');
INSERT INTO `master_session` VALUES ('826', '600', '192.168.1.80', '2013-07-07 12:15:44');
INSERT INTO `master_session` VALUES ('827', '602', '192.168.1.80', '2013-07-07 12:16:13');
INSERT INTO `master_session` VALUES ('828', '603', '192.168.1.80', '2013-07-07 12:17:15');
INSERT INTO `master_session` VALUES ('829', '605', '192.168.1.80', '2013-07-07 12:21:14');
INSERT INTO `master_session` VALUES ('830', '01', '192.168.1.105', '2013-07-07 12:22:51');
INSERT INTO `master_session` VALUES ('831', '605', '192.168.1.61', '2013-07-07 12:22:58');
INSERT INTO `master_session` VALUES ('832', '01', '192.168.1.105', '2013-07-07 12:23:32');
INSERT INTO `master_session` VALUES ('833', '02', '192.168.1.108', '2013-07-07 12:28:16');
INSERT INTO `master_session` VALUES ('834', '01', '192.168.1.108', '2013-07-07 12:28:30');
INSERT INTO `master_session` VALUES ('835', '605', '192.168.1.61', '2013-07-07 12:31:00');
INSERT INTO `master_session` VALUES ('836', '605', '192.168.1.80', '2013-07-07 13:03:58');
INSERT INTO `master_session` VALUES ('837', '604', '192.168.1.80', '2013-07-07 13:05:02');
INSERT INTO `master_session` VALUES ('838', '04', '192.168.1.105', '2013-07-07 14:01:23');
INSERT INTO `master_session` VALUES ('839', 'admin', '192.168.1.191', '2013-07-07 14:35:42');
INSERT INTO `master_session` VALUES ('840', '02', '192.168.1.108', '2013-07-07 14:46:47');
INSERT INTO `master_session` VALUES ('841', '01', '192.168.1.108', '2013-07-07 14:47:56');
INSERT INTO `master_session` VALUES ('842', 'admin', '192.168.1.102', '2013-07-07 14:52:33');
INSERT INTO `master_session` VALUES ('843', '0008', '192.168.1.191', '2013-07-07 15:02:15');
INSERT INTO `master_session` VALUES ('844', 'admin', '192.168.1.191', '2013-07-07 15:02:59');
INSERT INTO `master_session` VALUES ('845', 'admin', '192.168.1.108', '2013-07-07 15:12:09');
INSERT INTO `master_session` VALUES ('846', '01', '192.168.1.191', '2013-07-07 15:18:08');
INSERT INTO `master_session` VALUES ('847', '0008', '192.168.1.191', '2013-07-07 15:18:33');
INSERT INTO `master_session` VALUES ('848', 'admin', '192.168.1.108', '2013-07-07 15:19:14');
INSERT INTO `master_session` VALUES ('849', '0001', '192.168.1.191', '2013-07-07 15:33:28');
INSERT INTO `master_session` VALUES ('850', '0003', '192.168.1.191', '2013-07-07 15:33:41');
INSERT INTO `master_session` VALUES ('851', 'admin', '192.168.1.191', '2013-07-07 15:34:01');
INSERT INTO `master_session` VALUES ('852', '0008', '192.168.1.191', '2013-07-07 15:34:41');
INSERT INTO `master_session` VALUES ('853', '0008', '192.168.1.191', '2013-07-07 15:35:51');
INSERT INTO `master_session` VALUES ('854', '0008', '192.168.1.191', '2013-07-07 15:36:37');
INSERT INTO `master_session` VALUES ('855', 'admin', '192.168.1.191', '2013-07-07 15:36:44');
INSERT INTO `master_session` VALUES ('856', '0008', '192.168.1.191', '2013-07-07 15:37:05');
INSERT INTO `master_session` VALUES ('857', '0008', '192.168.1.40', '2013-07-07 15:39:35');
INSERT INTO `master_session` VALUES ('858', 'admin', '192.168.1.191', '2013-07-07 15:46:05');
INSERT INTO `master_session` VALUES ('859', '2010441', '192.168.1.191', '2013-07-07 15:46:35');
INSERT INTO `master_session` VALUES ('860', '2010441', '192.168.1.191', '2013-07-07 15:51:02');
INSERT INTO `master_session` VALUES ('861', '2010441', '192.168.1.191', '2013-07-07 15:54:13');
INSERT INTO `master_session` VALUES ('862', '2010441', '192.168.1.105', '2013-07-07 15:57:15');
INSERT INTO `master_session` VALUES ('863', '2010441', '192.168.1.102', '2013-07-07 16:01:02');
INSERT INTO `master_session` VALUES ('864', 'admin', '192.168.1.102', '2013-07-07 16:05:48');
INSERT INTO `master_session` VALUES ('865', 'admin', '192.168.1.40', '2013-07-07 16:10:38');
INSERT INTO `master_session` VALUES ('866', '2010441', '192.168.1.102', '2013-07-07 16:15:23');
INSERT INTO `master_session` VALUES ('867', '2010441', '192.168.1.102', '2013-07-07 16:21:43');
INSERT INTO `master_session` VALUES ('868', '2010441', '192.168.1.191', '2013-07-07 16:39:33');
INSERT INTO `master_session` VALUES ('869', '01', '192.168.1.105', '2013-07-07 16:47:00');
INSERT INTO `master_session` VALUES ('870', '01', '192.168.1.105', '2013-07-07 16:56:06');
INSERT INTO `master_session` VALUES ('871', '02', '192.168.1.105', '2013-07-07 16:56:24');
INSERT INTO `master_session` VALUES ('872', 'admin', '192.168.1.105', '2013-07-07 16:57:07');
INSERT INTO `master_session` VALUES ('873', '01', '192.168.1.105', '2013-07-07 16:59:23');
INSERT INTO `master_session` VALUES ('874', '02', '192.168.1.105', '2013-07-07 16:59:32');
INSERT INTO `master_session` VALUES ('875', '04', '192.168.1.105', '2013-07-07 17:11:53');
INSERT INTO `master_session` VALUES ('876', '03', '192.168.1.105', '2013-07-07 17:12:09');
INSERT INTO `master_session` VALUES ('877', 'admin', '192.168.1.105', '2013-07-07 17:12:46');
INSERT INTO `master_session` VALUES ('878', 'admin', '192.168.1.105', '2013-07-07 17:13:34');
INSERT INTO `master_session` VALUES ('879', '01', '192.168.1.105', '2013-07-07 17:14:12');
INSERT INTO `master_session` VALUES ('880', '04', '192.168.1.105', '2013-07-07 17:14:17');
INSERT INTO `master_session` VALUES ('881', 'admin', '192.168.1.191', '2013-07-07 17:14:23');
INSERT INTO `master_session` VALUES ('882', 'admin', '192.168.1.105', '2013-07-07 17:14:29');
INSERT INTO `master_session` VALUES ('883', '01', '192.168.1.105', '2013-07-07 17:18:21');
INSERT INTO `master_session` VALUES ('884', 'admin', '192.168.1.102', '2013-07-07 17:19:18');
INSERT INTO `master_session` VALUES ('885', '03', '192.168.1.105', '2013-07-07 17:19:55');
INSERT INTO `master_session` VALUES ('886', '02', '192.168.1.105', '2013-07-07 17:20:45');
INSERT INTO `master_session` VALUES ('887', '02', '192.168.1.105', '2013-07-07 17:21:00');
INSERT INTO `master_session` VALUES ('888', '02', '192.168.1.40', '2013-07-07 17:25:04');
INSERT INTO `master_session` VALUES ('889', '2010441', '192.168.1.102', '2013-07-07 17:30:47');
INSERT INTO `master_session` VALUES ('890', '2010442', '192.168.1.102', '2013-07-07 17:31:08');
INSERT INTO `master_session` VALUES ('891', 'admin', '192.168.1.105', '2013-07-07 17:32:31');
INSERT INTO `master_session` VALUES ('892', '2010441', '192.168.1.102', '2013-07-07 17:34:59');
INSERT INTO `master_session` VALUES ('893', 'admin', '192.168.1.105', '2013-07-07 18:04:38');
INSERT INTO `master_session` VALUES ('894', '600', '192.168.1.105', '2013-07-07 18:06:13');
INSERT INTO `master_session` VALUES ('895', '02', '192.168.1.40', '2013-07-07 18:19:14');
INSERT INTO `master_session` VALUES ('896', '2010441', '192.168.1.102', '2013-07-07 18:40:42');
INSERT INTO `master_session` VALUES ('897', '2010460', '192.168.1.102', '2013-07-07 18:42:09');
INSERT INTO `master_session` VALUES ('898', '600', '192.168.1.105', '2013-07-07 18:59:34');
INSERT INTO `master_session` VALUES ('899', '601', '192.168.1.105', '2013-07-07 19:00:09');
INSERT INTO `master_session` VALUES ('900', '602', '192.168.1.105', '2013-07-07 19:05:33');
INSERT INTO `master_session` VALUES ('901', '2010460', '192.168.1.40', '2013-07-07 19:08:06');
INSERT INTO `master_session` VALUES ('902', '603', '192.168.1.105', '2013-07-07 19:08:36');
INSERT INTO `master_session` VALUES ('903', '01', '192.168.1.105', '2013-07-07 19:11:39');
INSERT INTO `master_session` VALUES ('904', '2010441', '192.168.1.105', '2013-07-07 19:52:55');
INSERT INTO `master_session` VALUES ('905', 'admin', '192.168.1.105', '2013-07-07 20:01:05');
INSERT INTO `master_session` VALUES ('906', 'admin', '192.168.1.102', '2013-07-07 20:13:01');
INSERT INTO `master_session` VALUES ('907', '2010441', '192.168.1.105', '2013-07-07 20:26:58');
INSERT INTO `master_session` VALUES ('908', '2010442', '192.168.1.105', '2013-07-07 20:41:04');
INSERT INTO `master_session` VALUES ('909', '2010460', '192.168.1.105', '2013-07-07 20:41:52');
INSERT INTO `master_session` VALUES ('910', '2010460', '192.168.1.105', '2013-07-07 20:42:52');
INSERT INTO `master_session` VALUES ('911', '11111', '192.168.1.105', '2013-07-07 20:44:12');
INSERT INTO `master_session` VALUES ('912', '600', '192.168.1.105', '2013-07-07 20:48:39');
INSERT INTO `master_session` VALUES ('913', '600', '192.168.1.80', '2013-07-07 20:56:06');
INSERT INTO `master_session` VALUES ('914', '600', '192.168.1.105', '2013-07-07 21:35:31');
INSERT INTO `master_session` VALUES ('915', '603', '192.168.1.105', '2013-07-07 21:44:46');
INSERT INTO `master_session` VALUES ('916', '605', '192.168.1.105', '2013-07-07 21:48:43');
INSERT INTO `master_session` VALUES ('917', '600', '192.168.1.61', '2013-07-07 21:53:32');
INSERT INTO `master_session` VALUES ('918', '600', '192.168.1.80', '2013-07-07 21:54:56');
INSERT INTO `master_session` VALUES ('919', '0001', '192.168.1.40', '2013-07-08 10:29:23');
INSERT INTO `master_session` VALUES ('920', '02', '192.168.1.40', '2013-07-08 10:31:17');
INSERT INTO `master_session` VALUES ('921', '2010460', '192.168.1.40', '2013-07-08 10:31:57');
INSERT INTO `master_session` VALUES ('922', '01', '192.168.1.40', '2013-07-08 10:40:43');
INSERT INTO `master_session` VALUES ('923', '02', '192.168.1.40', '2013-07-08 10:41:19');
INSERT INTO `master_session` VALUES ('924', '03', '192.168.1.40', '2013-07-08 10:42:39');
INSERT INTO `master_session` VALUES ('925', '04', '192.168.1.40', '2013-07-08 10:42:56');
INSERT INTO `master_session` VALUES ('926', 'admin', '192.168.1.40', '2013-07-08 10:45:14');
INSERT INTO `master_session` VALUES ('927', '01', '192.168.1.40', '2013-07-08 10:56:33');
INSERT INTO `master_session` VALUES ('928', 'admin', '192.168.1.40', '2013-07-08 11:31:27');
INSERT INTO `master_session` VALUES ('929', '600', '192.168.1.80', '2013-07-08 11:37:39');
INSERT INTO `master_session` VALUES ('930', '600', '192.168.1.40', '2013-07-08 11:52:02');
INSERT INTO `master_session` VALUES ('931', '600', '192.168.1.40', '2013-07-08 11:53:08');
INSERT INTO `master_session` VALUES ('932', '2010441', '192.168.1.105', '2013-07-08 11:55:17');
INSERT INTO `master_session` VALUES ('933', '600', '192.168.1.61', '2013-07-08 12:06:31');
INSERT INTO `master_session` VALUES ('934', 'admin', '192.168.1.40', '2013-07-08 12:21:40');
INSERT INTO `master_session` VALUES ('935', '600', '192.168.1.80', '2013-07-08 12:47:29');
INSERT INTO `master_session` VALUES ('936', '600', '192.168.1.80', '2013-07-08 13:04:28');
INSERT INTO `master_session` VALUES ('937', '601', '192.168.1.80', '2013-07-08 13:07:38');
INSERT INTO `master_session` VALUES ('938', '602', '192.168.1.80', '2013-07-08 13:08:38');
INSERT INTO `master_session` VALUES ('939', '603', '192.168.1.80', '2013-07-08 13:09:27');
INSERT INTO `master_session` VALUES ('940', '2010460', '192.168.1.40', '2013-07-08 13:14:25');
INSERT INTO `master_session` VALUES ('941', '605', '192.168.1.80', '2013-07-08 13:21:40');
INSERT INTO `master_session` VALUES ('942', '600', '192.168.1.105', '2013-07-08 13:22:33');
INSERT INTO `master_session` VALUES ('943', '2010441', '192.168.1.102', '2013-07-08 13:56:16');
INSERT INTO `master_session` VALUES ('944', '600', '192.168.1.61', '2013-07-08 13:58:32');
INSERT INTO `master_session` VALUES ('945', '603', '192.168.1.40', '2013-07-08 16:22:15');
INSERT INTO `master_session` VALUES ('946', '01', '192.168.1.40', '2013-07-08 17:40:37');
INSERT INTO `master_session` VALUES ('947', '0001', '192.168.1.40', '2013-07-08 19:48:08');
INSERT INTO `master_session` VALUES ('948', '2010441', '192.168.1.102', '2013-07-08 20:16:51');
INSERT INTO `master_session` VALUES ('949', 'admin', '192.168.1.102', '2013-07-08 20:17:11');
INSERT INTO `master_session` VALUES ('950', '2010441', '192.168.1.102', '2013-07-08 20:23:05');
INSERT INTO `master_session` VALUES ('951', '2010442', '192.168.1.102', '2013-07-08 20:23:20');
INSERT INTO `master_session` VALUES ('952', '02', '192.168.1.40', '2013-07-08 20:24:22');
INSERT INTO `master_session` VALUES ('953', '2010441', '192.168.1.102', '2013-07-08 20:25:01');
INSERT INTO `master_session` VALUES ('954', '2010442', '192.168.1.102', '2013-07-08 20:28:22');
INSERT INTO `master_session` VALUES ('955', '2010441', '192.168.1.102', '2013-07-08 20:35:28');
INSERT INTO `master_session` VALUES ('956', '2010442', '192.168.1.102', '2013-07-08 20:40:05');
INSERT INTO `master_session` VALUES ('957', '2010441', '192.168.1.102', '2013-07-08 20:40:32');
INSERT INTO `master_session` VALUES ('958', '2010442', '192.168.1.102', '2013-07-08 20:42:10');
INSERT INTO `master_session` VALUES ('959', '2010441', '192.168.1.102', '2013-07-08 20:43:07');
INSERT INTO `master_session` VALUES ('960', '01', '192.168.1.105', '2013-07-09 09:48:47');
INSERT INTO `master_session` VALUES ('961', '01', '192.168.1.105', '2013-07-09 10:25:08');
INSERT INTO `master_session` VALUES ('962', '02', '192.168.1.105', '2013-07-09 10:28:36');
INSERT INTO `master_session` VALUES ('963', '2010441', '192.168.1.102', '2013-07-09 10:29:39');
INSERT INTO `master_session` VALUES ('964', '04', '192.168.1.105', '2013-07-09 10:43:46');
INSERT INTO `master_session` VALUES ('965', '01', '192.168.1.105', '2013-07-09 10:46:01');
INSERT INTO `master_session` VALUES ('966', '03', '192.168.1.105', '2013-07-09 10:51:00');
INSERT INTO `master_session` VALUES ('967', '2010441', '192.168.1.102', '2013-07-09 11:07:54');
INSERT INTO `master_session` VALUES ('968', '600', '192.168.1.65', '2013-07-09 11:23:26');
INSERT INTO `master_session` VALUES ('969', '02', '192.168.1.102', '2013-07-09 11:34:43');
INSERT INTO `master_session` VALUES ('970', '2010441', '192.168.1.102', '2013-07-09 12:25:32');
INSERT INTO `master_session` VALUES ('971', '2010441', '192.168.1.105', '2013-07-09 12:54:46');
INSERT INTO `master_session` VALUES ('972', '2010441', '192.168.1.105', '2013-07-09 12:55:09');
INSERT INTO `master_session` VALUES ('973', '2010441', '192.168.1.102', '2013-07-09 13:22:53');
INSERT INTO `master_session` VALUES ('974', 'admin', '192.168.1.40', '2013-07-09 13:28:26');
INSERT INTO `master_session` VALUES ('975', '02', '192.168.1.105', '2013-07-09 13:37:58');
INSERT INTO `master_session` VALUES ('976', '2010441', '192.168.1.105', '2013-07-09 14:21:48');
INSERT INTO `master_session` VALUES ('977', '2010442', '192.168.1.102', '2013-07-09 14:39:48');
INSERT INTO `master_session` VALUES ('978', '2010442', '192.168.1.102', '2013-07-09 14:47:01');
INSERT INTO `master_session` VALUES ('979', '2010441', '192.168.1.102', '2013-07-09 14:53:46');
INSERT INTO `master_session` VALUES ('980', 'admin', '192.168.1.40', '2013-07-09 15:35:37');
INSERT INTO `master_session` VALUES ('981', 'admin', '192.168.1.105', '2013-07-09 15:41:29');
INSERT INTO `master_session` VALUES ('982', '2010441', '192.168.1.105', '2013-07-09 15:43:44');
INSERT INTO `master_session` VALUES ('983', 'admin', '192.168.1.40', '2013-07-09 15:48:26');
INSERT INTO `master_session` VALUES ('984', 'admin', '192.168.1.40', '2013-07-09 15:50:45');
INSERT INTO `master_session` VALUES ('985', '2010442', '192.168.1.102', '2013-07-09 15:53:38');
INSERT INTO `master_session` VALUES ('986', '2010442', '192.168.1.102', '2013-07-09 15:57:04');
INSERT INTO `master_session` VALUES ('987', '2010441', '192.168.1.102', '2013-07-09 16:09:13');
INSERT INTO `master_session` VALUES ('988', '2010441', '192.168.1.102', '2013-07-09 16:11:07');
INSERT INTO `master_session` VALUES ('989', '2010441', '192.168.1.102', '2013-07-09 16:47:32');
INSERT INTO `master_session` VALUES ('990', '02', '192.168.1.102', '2013-07-09 16:49:15');
INSERT INTO `master_session` VALUES ('991', '2010442', '192.168.1.105', '2013-07-09 16:52:38');
INSERT INTO `master_session` VALUES ('992', '2010441', '192.168.1.102', '2013-07-09 16:55:53');
INSERT INTO `master_session` VALUES ('993', '2010442', '192.168.1.102', '2013-07-09 16:56:24');
INSERT INTO `master_session` VALUES ('994', 'admin', '192.168.1.102', '2013-07-09 16:57:22');
INSERT INTO `master_session` VALUES ('995', '2010441', '192.168.1.105', '2013-07-09 16:57:39');
INSERT INTO `master_session` VALUES ('996', '2010441', '192.168.1.102', '2013-07-09 16:58:40');
INSERT INTO `master_session` VALUES ('997', '2010441', '192.168.1.105', '2013-07-09 17:05:22');
INSERT INTO `master_session` VALUES ('998', '2010441', '192.168.1.102', '2013-07-09 17:11:25');
INSERT INTO `master_session` VALUES ('999', '2010441', '192.168.1.105', '2013-07-09 17:23:28');
INSERT INTO `master_session` VALUES ('1000', '2010442', '192.168.1.105', '2013-07-09 17:23:41');
INSERT INTO `master_session` VALUES ('1001', '2010441', '192.168.1.105', '2013-07-09 17:24:18');
INSERT INTO `master_session` VALUES ('1002', 'admin', '192.168.1.191', '2013-07-09 18:26:59');
INSERT INTO `master_session` VALUES ('1003', 'admin', '192.168.1.191', '2013-07-09 18:31:19');
INSERT INTO `master_session` VALUES ('1004', 'admin', '192.168.1.108', '2013-07-09 18:36:01');
INSERT INTO `master_session` VALUES ('1005', 'admin', '192.168.1.191', '2013-07-09 18:41:06');
INSERT INTO `master_session` VALUES ('1006', 'admin', '192.168.1.191', '2013-07-09 18:42:29');
INSERT INTO `master_session` VALUES ('1007', 'admin', '192.168.1.102', '2013-07-09 18:42:41');
INSERT INTO `master_session` VALUES ('1008', 'admin', '192.168.1.191', '2013-07-09 18:43:29');
INSERT INTO `master_session` VALUES ('1009', 'admin', '192.168.1.108', '2013-07-09 18:44:53');
INSERT INTO `master_session` VALUES ('1010', '01', '192.168.1.191', '2013-07-09 18:46:29');
INSERT INTO `master_session` VALUES ('1011', '01', '192.168.1.108', '2013-07-09 18:46:29');
INSERT INTO `master_session` VALUES ('1012', 'admin', '192.168.1.191', '2013-07-09 18:50:15');
INSERT INTO `master_session` VALUES ('1013', '01', '192.168.1.191', '2013-07-09 18:50:58');
INSERT INTO `master_session` VALUES ('1014', '02', '192.168.1.191', '2013-07-09 18:51:13');
INSERT INTO `master_session` VALUES ('1015', '02', '192.168.1.108', '2013-07-09 18:51:23');
INSERT INTO `master_session` VALUES ('1016', 'admin', '192.168.1.108', '2013-07-09 18:52:03');
INSERT INTO `master_session` VALUES ('1017', '03', '192.168.1.191', '2013-07-09 18:52:25');
INSERT INTO `master_session` VALUES ('1018', '04', '192.168.1.191', '2013-07-09 18:54:02');
INSERT INTO `master_session` VALUES ('1019', '0003', '192.168.1.191', '2013-07-09 19:00:06');
INSERT INTO `master_session` VALUES ('1020', 'admin', '192.168.1.191', '2013-07-09 19:00:35');
INSERT INTO `master_session` VALUES ('1021', '04', '192.168.1.191', '2013-07-09 19:01:44');
INSERT INTO `master_session` VALUES ('1022', 'admin', '192.168.1.191', '2013-07-09 19:05:02');
INSERT INTO `master_session` VALUES ('1023', '04', '192.168.1.108', '2013-07-09 19:05:50');
INSERT INTO `master_session` VALUES ('1024', '600', '192.168.1.191', '2013-07-09 19:08:26');
INSERT INTO `master_session` VALUES ('1025', '04', '192.168.1.108', '2013-07-09 19:08:39');
INSERT INTO `master_session` VALUES ('1026', '04', '192.168.1.191', '2013-07-09 19:10:09');
INSERT INTO `master_session` VALUES ('1027', '600', '192.168.1.191', '2013-07-09 19:39:01');
INSERT INTO `master_session` VALUES ('1028', '600', '192.168.1.191', '2013-07-09 20:10:25');
INSERT INTO `master_session` VALUES ('1029', '601', '192.168.1.191', '2013-07-09 20:11:07');
INSERT INTO `master_session` VALUES ('1030', '602', '192.168.1.191', '2013-07-09 20:18:34');
INSERT INTO `master_session` VALUES ('1031', '603', '192.168.1.191', '2013-07-09 20:19:45');
INSERT INTO `master_session` VALUES ('1032', '605', '192.168.1.191', '2013-07-09 20:36:58');
INSERT INTO `master_session` VALUES ('1033', '603', '192.168.1.191', '2013-07-09 20:42:56');
INSERT INTO `master_session` VALUES ('1034', '605', '192.168.1.191', '2013-07-09 20:58:04');
INSERT INTO `master_session` VALUES ('1035', '603', '192.168.1.191', '2013-07-09 20:59:02');
INSERT INTO `master_session` VALUES ('1036', 'admin', '192.168.1.102', '2013-07-10 10:13:56');
INSERT INTO `master_session` VALUES ('1037', 'admin', '192.168.1.40', '2013-07-10 10:21:30');
INSERT INTO `master_session` VALUES ('1038', '04', '192.168.1.40', '2013-07-10 10:22:46');
INSERT INTO `master_session` VALUES ('1039', 'admin', '192.168.1.191', '2013-07-10 10:39:53');
INSERT INTO `master_session` VALUES ('1040', 'admin', '192.168.1.102', '2013-07-10 10:43:51');
INSERT INTO `master_session` VALUES ('1041', 'admin', '192.168.1.104', '2013-07-10 10:44:00');
INSERT INTO `master_session` VALUES ('1042', 'admin', '192.168.1.102', '2013-07-10 10:51:52');
INSERT INTO `master_session` VALUES ('1043', 'admin', '192.168.1.108', '2013-07-10 10:58:45');
INSERT INTO `master_session` VALUES ('1044', '2010441', '192.168.1.102', '2013-07-10 11:01:19');
INSERT INTO `master_session` VALUES ('1045', '01', '192.168.1.191', '2013-07-10 11:06:46');
INSERT INTO `master_session` VALUES ('1046', '01', '192.168.1.191', '2013-07-10 11:14:29');
INSERT INTO `master_session` VALUES ('1047', '02', '192.168.1.191', '2013-07-10 11:21:08');
INSERT INTO `master_session` VALUES ('1048', '03', '192.168.1.191', '2013-07-10 11:24:34');
INSERT INTO `master_session` VALUES ('1049', '2010441', '192.168.1.102', '2013-07-10 11:25:23');
INSERT INTO `master_session` VALUES ('1050', '04', '192.168.1.191', '2013-07-10 11:25:51');
INSERT INTO `master_session` VALUES ('1051', 'admin', '192.168.1.191', '2013-07-10 11:27:41');
INSERT INTO `master_session` VALUES ('1052', '2010441', '192.168.1.191', '2013-07-10 11:43:14');
INSERT INTO `master_session` VALUES ('1053', '04', '192.168.1.108', '2013-07-10 11:43:47');
INSERT INTO `master_session` VALUES ('1054', 'admin', '192.168.1.106', '2013-07-10 11:57:48');
INSERT INTO `master_session` VALUES ('1055', '2010442', '192.168.1.102', '2013-07-10 12:03:10');
INSERT INTO `master_session` VALUES ('1056', '2010441', '192.168.1.102', '2013-07-10 12:13:14');
INSERT INTO `master_session` VALUES ('1057', '0001', '192.168.1.106', '2013-07-10 12:14:02');
INSERT INTO `master_session` VALUES ('1058', '2010442', '192.168.1.102', '2013-07-10 13:17:59');
INSERT INTO `master_session` VALUES ('1059', '2010441', '192.168.1.105', '2013-07-10 13:18:21');
INSERT INTO `master_session` VALUES ('1060', '2010442', '192.168.1.105', '2013-07-10 13:20:57');
INSERT INTO `master_session` VALUES ('1061', '2010441', '192.168.1.102', '2013-07-10 13:21:26');
INSERT INTO `master_session` VALUES ('1062', '2010442', '192.168.1.102', '2013-07-10 13:21:56');
INSERT INTO `master_session` VALUES ('1063', '2010441', '192.168.1.105', '2013-07-10 13:23:07');
INSERT INTO `master_session` VALUES ('1064', '2010442', '192.168.1.105', '2013-07-10 13:25:09');
INSERT INTO `master_session` VALUES ('1065', '2010441', '192.168.1.105', '2013-07-10 13:25:43');
INSERT INTO `master_session` VALUES ('1066', '2010441', '192.168.1.102', '2013-07-10 13:29:36');
INSERT INTO `master_session` VALUES ('1067', '2010441', '192.168.1.102', '2013-07-10 14:27:46');
INSERT INTO `master_session` VALUES ('1068', '2010442', '192.168.1.102', '2013-07-10 14:30:47');
INSERT INTO `master_session` VALUES ('1069', '2010441', '192.168.1.102', '2013-07-10 14:31:27');
INSERT INTO `master_session` VALUES ('1070', '2010442', '192.168.1.102', '2013-07-10 14:31:57');
INSERT INTO `master_session` VALUES ('1071', '2010441', '192.168.1.102', '2013-07-10 14:33:06');
INSERT INTO `master_session` VALUES ('1072', '2010442', '192.168.1.102', '2013-07-10 14:35:51');
INSERT INTO `master_session` VALUES ('1073', '2010441', '192.168.1.102', '2013-07-10 14:38:51');
INSERT INTO `master_session` VALUES ('1074', '2010442', '192.168.1.102', '2013-07-10 15:22:00');
INSERT INTO `master_session` VALUES ('1075', '2010441', '192.168.1.102', '2013-07-10 15:26:54');
INSERT INTO `master_session` VALUES ('1076', '2010442', '192.168.1.102', '2013-07-10 15:27:43');
INSERT INTO `master_session` VALUES ('1077', '2010441', '192.168.1.102', '2013-07-10 15:30:28');
INSERT INTO `master_session` VALUES ('1078', '2010442', '192.168.1.102', '2013-07-10 15:33:02');
INSERT INTO `master_session` VALUES ('1079', '2010441', '192.168.1.102', '2013-07-10 15:34:09');
INSERT INTO `master_session` VALUES ('1080', '2010441', '192.168.1.102', '2013-07-10 15:34:58');
INSERT INTO `master_session` VALUES ('1081', '2010442', '192.168.1.102', '2013-07-10 15:35:13');
INSERT INTO `master_session` VALUES ('1082', '01', '192.168.1.191', '2013-07-10 15:40:50');
INSERT INTO `master_session` VALUES ('1083', '03', '192.168.1.191', '2013-07-10 15:41:03');
INSERT INTO `master_session` VALUES ('1084', '04', '192.168.1.191', '2013-07-10 15:45:00');
INSERT INTO `master_session` VALUES ('1085', '04', '192.168.1.108', '2013-07-10 15:45:06');
INSERT INTO `master_session` VALUES ('1086', '03', '192.168.1.191', '2013-07-10 15:47:08');
INSERT INTO `master_session` VALUES ('1087', 'admin', '192.168.1.191', '2013-07-10 16:02:59');
INSERT INTO `master_session` VALUES ('1088', 'D01', '192.168.1.191', '2013-07-10 16:14:34');
INSERT INTO `master_session` VALUES ('1089', 'D01', '192.168.1.191', '2013-07-10 16:17:21');
INSERT INTO `master_session` VALUES ('1090', 'D02', '192.168.1.191', '2013-07-10 16:17:45');
INSERT INTO `master_session` VALUES ('1091', '02', '192.168.1.191', '2013-07-10 16:20:17');
INSERT INTO `master_session` VALUES ('1092', 'D03', '192.168.1.191', '2013-07-10 16:28:20');
INSERT INTO `master_session` VALUES ('1093', 'D04', '192.168.1.191', '2013-07-10 16:31:26');
INSERT INTO `master_session` VALUES ('1094', 'D03', '192.168.1.191', '2013-07-10 16:33:01');
INSERT INTO `master_session` VALUES ('1095', '2010441', '192.168.1.102', '2013-07-10 16:36:33');
INSERT INTO `master_session` VALUES ('1096', '02', '192.168.1.191', '2013-07-10 16:47:23');
INSERT INTO `master_session` VALUES ('1097', '2010441', '192.168.1.102', '2013-07-10 17:01:12');
INSERT INTO `master_session` VALUES ('1098', 'admin', '192.168.1.108', '2013-07-10 17:02:24');
INSERT INTO `master_session` VALUES ('1099', '01', '192.168.1.108', '2013-07-10 17:02:50');
INSERT INTO `master_session` VALUES ('1100', '01', '192.168.1.191', '2013-07-10 17:04:17');
INSERT INTO `master_session` VALUES ('1101', '02', '192.168.1.191', '2013-07-10 17:06:25');
INSERT INTO `master_session` VALUES ('1102', '01', '192.168.1.191', '2013-07-10 17:07:44');
INSERT INTO `master_session` VALUES ('1103', '03', '192.168.1.191', '2013-07-10 17:08:15');
INSERT INTO `master_session` VALUES ('1104', '04', '192.168.1.191', '2013-07-10 17:09:13');
INSERT INTO `master_session` VALUES ('1105', 'admin', '192.168.1.108', '2013-07-10 17:10:40');
INSERT INTO `master_session` VALUES ('1106', '04', '192.168.1.108', '2013-07-10 17:16:40');
INSERT INTO `master_session` VALUES ('1107', '2010441', '192.168.1.102', '2013-07-10 17:33:49');
INSERT INTO `master_session` VALUES ('1108', 'admin', '192.168.1.108', '2013-07-10 17:37:19');
INSERT INTO `master_session` VALUES ('1109', '04', '192.168.1.108', '2013-07-10 17:37:55');
INSERT INTO `master_session` VALUES ('1110', 'admin', '192.168.1.108', '2013-07-10 17:42:15');
INSERT INTO `master_session` VALUES ('1111', 'fmd', '192.168.1.108', '2013-07-10 17:43:34');
INSERT INTO `master_session` VALUES ('1112', 'admin', '192.168.1.108', '2013-07-10 17:43:50');
INSERT INTO `master_session` VALUES ('1113', 'fmd', '192.168.1.108', '2013-07-10 17:44:40');
INSERT INTO `master_session` VALUES ('1114', '2010442', '192.168.1.102', '2013-07-10 17:50:18');
INSERT INTO `master_session` VALUES ('1115', '2010441', '192.168.1.102', '2013-07-10 17:52:40');
INSERT INTO `master_session` VALUES ('1116', '2010442', '192.168.1.102', '2013-07-10 17:53:11');
INSERT INTO `master_session` VALUES ('1117', '04', '192.168.1.108', '2013-07-10 17:57:30');
INSERT INTO `master_session` VALUES ('1118', 'fmd', '192.168.1.108', '2013-07-10 18:00:03');
INSERT INTO `master_session` VALUES ('1119', '2010441', '192.168.1.102', '2013-07-10 18:00:30');
INSERT INTO `master_session` VALUES ('1120', '2010441', '192.168.1.102', '2013-07-10 18:43:12');
INSERT INTO `master_session` VALUES ('1121', '2010442', '192.168.1.102', '2013-07-10 18:53:18');
INSERT INTO `master_session` VALUES ('1122', '2010441', '192.168.1.102', '2013-07-10 18:54:15');
INSERT INTO `master_session` VALUES ('1123', 'admin', '192.168.1.40', '2013-07-10 19:03:09');
INSERT INTO `master_session` VALUES ('1124', '01', '192.168.1.40', '2013-07-10 19:03:38');
INSERT INTO `master_session` VALUES ('1125', '2010442', '192.168.1.102', '2013-07-10 19:04:55');
INSERT INTO `master_session` VALUES ('1126', '2010460', '192.168.1.102', '2013-07-10 19:08:58');
INSERT INTO `master_session` VALUES ('1127', '2010460', '192.168.1.108', '2013-07-10 19:10:56');
INSERT INTO `master_session` VALUES ('1128', 'admin', '192.168.1.108', '2013-07-10 19:11:08');
INSERT INTO `master_session` VALUES ('1129', 'admin', '192.168.1.108', '2013-07-10 19:12:38');
INSERT INTO `master_session` VALUES ('1130', 'civil', '192.168.1.108', '2013-07-10 19:13:12');
INSERT INTO `master_session` VALUES ('1131', 'admin', '192.168.1.108', '2013-07-10 19:15:24');
INSERT INTO `master_session` VALUES ('1132', 'civil', '192.168.1.108', '2013-07-10 19:16:19');
INSERT INTO `master_session` VALUES ('1133', '2010460', '192.168.1.108', '2013-07-10 19:30:51');
INSERT INTO `master_session` VALUES ('1134', '2010460', '192.168.1.108', '2013-07-10 19:31:53');
INSERT INTO `master_session` VALUES ('1135', '04', '192.168.1.108', '2013-07-10 19:32:02');
INSERT INTO `master_session` VALUES ('1136', '2010441', '192.168.1.102', '2013-07-10 19:34:05');
INSERT INTO `master_session` VALUES ('1137', '2010441', '192.168.1.102', '2013-07-10 19:35:23');
INSERT INTO `master_session` VALUES ('1138', '2010441', '192.168.1.102', '2013-07-10 19:43:45');
INSERT INTO `master_session` VALUES ('1139', '2010460', '192.168.1.102', '2013-07-11 10:11:42');
INSERT INTO `master_session` VALUES ('1140', '2010441', '192.168.1.102', '2013-07-11 10:56:44');
INSERT INTO `master_session` VALUES ('1141', '2010441', '192.168.1.102', '2013-07-11 10:59:59');
INSERT INTO `master_session` VALUES ('1142', '2010441', '192.168.1.105', '2013-07-11 11:05:56');
INSERT INTO `master_session` VALUES ('1143', '2010441', '192.168.1.80', '2013-07-11 11:09:22');
INSERT INTO `master_session` VALUES ('1144', '2010441', '192.168.1.102', '2013-07-11 11:23:15');
INSERT INTO `master_session` VALUES ('1145', '2010441', '192.168.1.102', '2013-07-11 11:29:54');
INSERT INTO `master_session` VALUES ('1146', 'admin', '192.168.1.102', '2013-07-11 11:31:04');
INSERT INTO `master_session` VALUES ('1147', '2010442', '192.168.1.102', '2013-07-11 11:44:50');
INSERT INTO `master_session` VALUES ('1148', '01', '192.168.1.108', '2013-07-11 11:58:31');
INSERT INTO `master_session` VALUES ('1149', '2010442', '192.168.1.102', '2013-07-11 12:50:10');
INSERT INTO `master_session` VALUES ('1150', '2010460', '192.168.1.102', '2013-07-11 12:51:27');
INSERT INTO `master_session` VALUES ('1151', 'admin', '192.168.1.102', '2013-07-11 12:54:34');
INSERT INTO `master_session` VALUES ('1152', 'admin', '192.168.1.103', '2013-07-11 12:59:24');
INSERT INTO `master_session` VALUES ('1153', '04', '192.168.1.102', '2013-07-11 13:09:03');
INSERT INTO `master_session` VALUES ('1154', '2010441', '192.168.1.102', '2013-07-11 13:13:42');
INSERT INTO `master_session` VALUES ('1155', 'admin', '192.168.1.102', '2013-07-11 13:18:17');
INSERT INTO `master_session` VALUES ('1156', '2010442', '192.168.1.102', '2013-07-11 13:26:51');
INSERT INTO `master_session` VALUES ('1157', 'admin', '192.168.1.102', '2013-07-11 14:30:07');
INSERT INTO `master_session` VALUES ('1158', '2010442', '192.168.1.105', '2013-07-11 14:30:42');
INSERT INTO `master_session` VALUES ('1159', '2010442', '192.168.1.102', '2013-07-11 14:35:04');
INSERT INTO `master_session` VALUES ('1160', '2010441', '192.168.1.102', '2013-07-11 14:36:46');
INSERT INTO `master_session` VALUES ('1161', '2010442', '192.168.1.102', '2013-07-11 14:56:40');
INSERT INTO `master_session` VALUES ('1162', '2010441', '192.168.1.102', '2013-07-11 14:58:07');
INSERT INTO `master_session` VALUES ('1163', '2010441', '192.168.1.103', '2013-07-11 15:10:25');
INSERT INTO `master_session` VALUES ('1164', '2010441', '192.168.1.102', '2013-07-11 15:13:16');
INSERT INTO `master_session` VALUES ('1165', 'admin', '192.168.1.102', '2013-07-11 15:46:25');
INSERT INTO `master_session` VALUES ('1166', '2010442', '192.168.1.102', '2013-07-11 15:51:28');
INSERT INTO `master_session` VALUES ('1167', '2010441', '192.168.1.102', '2013-07-11 15:56:14');
INSERT INTO `master_session` VALUES ('1168', '2010442', '192.168.1.102', '2013-07-11 16:38:57');
INSERT INTO `master_session` VALUES ('1169', '2010441', '192.168.1.102', '2013-07-11 16:39:21');
INSERT INTO `master_session` VALUES ('1170', '600', '192.168.1.80', '2013-07-11 16:39:59');
INSERT INTO `master_session` VALUES ('1171', '2010442', '192.168.1.102', '2013-07-11 16:53:20');
INSERT INTO `master_session` VALUES ('1172', '2010441', '192.168.1.102', '2013-07-11 16:54:54');
INSERT INTO `master_session` VALUES ('1173', '600', '192.168.1.80', '2013-07-11 18:25:53');
INSERT INTO `master_session` VALUES ('1174', '601', '192.168.1.80', '2013-07-11 18:26:36');
INSERT INTO `master_session` VALUES ('1175', '600', '192.168.1.80', '2013-07-11 18:27:38');
INSERT INTO `master_session` VALUES ('1176', '602', '192.168.1.80', '2013-07-11 18:28:48');
INSERT INTO `master_session` VALUES ('1177', '603', '192.168.1.80', '2013-07-11 18:30:20');
INSERT INTO `master_session` VALUES ('1178', '605', '192.168.1.80', '2013-07-11 18:32:30');
INSERT INTO `master_session` VALUES ('1179', '604', '192.168.1.80', '2013-07-11 18:33:07');
INSERT INTO `master_session` VALUES ('1180', '605', '192.168.1.80', '2013-07-11 18:35:06');
INSERT INTO `master_session` VALUES ('1181', '603', '192.168.1.80', '2013-07-11 18:37:04');
INSERT INTO `master_session` VALUES ('1182', '600', '192.168.1.61', '2013-07-11 18:44:15');
INSERT INTO `master_session` VALUES ('1183', '600', '192.168.1.80', '2013-07-11 19:51:03');
INSERT INTO `master_session` VALUES ('1184', '600', '192.168.1.61', '2013-07-11 20:01:41');
INSERT INTO `master_session` VALUES ('1185', 'admin', '192.168.1.102', '2013-07-11 20:16:42');
INSERT INTO `master_session` VALUES ('1186', '2010441', '192.168.1.102', '2013-07-11 20:22:23');
INSERT INTO `master_session` VALUES ('1187', '2010460', '192.168.1.102', '2013-07-11 21:02:48');
INSERT INTO `master_session` VALUES ('1188', '2010441', '192.168.1.102', '2013-07-11 22:13:28');
INSERT INTO `master_session` VALUES ('1189', 'admin', '192.168.1.102', '2013-07-11 22:15:34');
INSERT INTO `master_session` VALUES ('1190', '2010442', '192.168.1.102', '2013-07-11 22:19:24');
INSERT INTO `master_session` VALUES ('1191', '2010441', '192.168.1.102', '2013-07-11 22:19:42');
INSERT INTO `master_session` VALUES ('1192', '2010442', '192.168.1.102', '2013-07-11 22:21:16');
INSERT INTO `master_session` VALUES ('1193', '2010441', '192.168.1.102', '2013-07-11 22:28:58');
INSERT INTO `master_session` VALUES ('1194', '2010442', '192.168.1.102', '2013-07-11 22:40:10');
INSERT INTO `master_session` VALUES ('1195', '2010441', '192.168.1.102', '2013-07-11 22:40:53');
INSERT INTO `master_session` VALUES ('1196', '2010442', '192.168.1.102', '2013-07-11 22:46:06');
INSERT INTO `master_session` VALUES ('1197', '2010441', '192.168.1.102', '2013-07-11 22:46:52');
INSERT INTO `master_session` VALUES ('1198', '2010442', '192.168.1.102', '2013-07-11 22:47:53');
INSERT INTO `master_session` VALUES ('1199', '2010441', '192.168.1.102', '2013-07-11 22:50:48');
INSERT INTO `master_session` VALUES ('1200', '03', '192.168.1.191', '2013-07-11 23:03:01');
INSERT INTO `master_session` VALUES ('1201', '03', '192.168.1.191', '2013-07-11 23:04:05');
INSERT INTO `master_session` VALUES ('1202', '03', '192.168.1.108', '2013-07-11 23:05:30');
INSERT INTO `master_session` VALUES ('1203', '04', '192.168.1.108', '2013-07-11 23:10:53');
INSERT INTO `master_session` VALUES ('1204', '03', '192.168.1.191', '2013-07-11 23:11:37');
INSERT INTO `master_session` VALUES ('1205', '04', '192.168.1.191', '2013-07-11 23:12:57');
INSERT INTO `master_session` VALUES ('1206', '600', '192.168.1.191', '2013-07-11 23:20:16');
INSERT INTO `master_session` VALUES ('1207', '600', '192.168.1.191', '2013-07-11 23:51:26');
INSERT INTO `master_session` VALUES ('1208', '601', '192.168.1.191', '2013-07-11 23:51:41');
INSERT INTO `master_session` VALUES ('1209', '602', '192.168.1.191', '2013-07-11 23:54:50');
INSERT INTO `master_session` VALUES ('1210', '603', '192.168.1.191', '2013-07-12 00:01:03');
INSERT INTO `master_session` VALUES ('1211', '605', '192.168.1.191', '2013-07-12 00:11:17');
INSERT INTO `master_session` VALUES ('1212', '603', '192.168.1.191', '2013-07-12 00:15:04');
INSERT INTO `master_session` VALUES ('1213', '2010441', '192.168.1.191', '2013-07-12 00:34:04');
INSERT INTO `master_session` VALUES ('1214', '04', '192.168.1.191', '2013-07-12 00:47:24');
INSERT INTO `master_session` VALUES ('1215', '04', '192.168.1.191', '2013-07-12 00:47:40');
INSERT INTO `master_session` VALUES ('1216', 'admin', '192.168.1.108', '2013-07-12 00:55:13');
INSERT INTO `master_session` VALUES ('1217', '03', '192.168.1.108', '2013-07-12 00:55:49');
INSERT INTO `master_session` VALUES ('1218', '04', '192.168.1.108', '2013-07-12 01:03:59');
INSERT INTO `master_session` VALUES ('1219', '03', '192.168.1.191', '2013-07-12 01:08:25');
INSERT INTO `master_session` VALUES ('1220', 'admin', '192.168.1.108', '2013-07-12 01:09:49');
INSERT INTO `master_session` VALUES ('1221', '03', '192.168.1.191', '2013-07-12 01:09:54');
INSERT INTO `master_session` VALUES ('1222', '03', '192.168.1.191', '2013-07-12 02:30:39');
INSERT INTO `master_session` VALUES ('1223', '04', '192.168.1.191', '2013-07-12 02:34:27');
INSERT INTO `master_session` VALUES ('1224', '04', '192.168.1.108', '2013-07-12 02:41:01');
INSERT INTO `master_session` VALUES ('1225', 'admin', '192.168.1.191', '2013-07-12 02:57:06');
INSERT INTO `master_session` VALUES ('1226', 'admin', '192.168.1.108', '2013-07-12 03:06:34');
INSERT INTO `master_session` VALUES ('1227', '2010441', '192.168.1.100', '2013-07-14 10:06:00');
INSERT INTO `master_session` VALUES ('1228', '2010441', '192.168.1.100', '2013-07-14 10:16:36');
INSERT INTO `master_session` VALUES ('1229', 'Admin', '192.168.1.65', '2013-07-14 10:34:16');
INSERT INTO `master_session` VALUES ('1230', '600', '192.168.1.65', '2013-07-14 10:34:24');
INSERT INTO `master_session` VALUES ('1231', 'admin', '192.168.1.105', '2013-07-14 10:39:50');
INSERT INTO `master_session` VALUES ('1232', '03', '192.168.1.105', '2013-07-14 10:40:03');
INSERT INTO `master_session` VALUES ('1233', '2010441', '192.168.1.100', '2013-07-14 10:51:01');
INSERT INTO `master_session` VALUES ('1234', 'admin', '192.168.1.40', '2013-07-14 10:52:53');
INSERT INTO `master_session` VALUES ('1235', '03', '192.168.1.40', '2013-07-14 10:57:45');
INSERT INTO `master_session` VALUES ('1236', '04', '192.168.1.105', '2013-07-14 11:32:23');
INSERT INTO `master_session` VALUES ('1237', '03', '192.168.1.105', '2013-07-14 11:34:10');
INSERT INTO `master_session` VALUES ('1238', '03', '192.168.1.40', '2013-07-14 11:47:13');
INSERT INTO `master_session` VALUES ('1239', 'admin', '192.168.1.40', '2013-07-14 11:48:28');
INSERT INTO `master_session` VALUES ('1240', '04', '192.168.1.40', '2013-07-14 12:07:33');
INSERT INTO `master_session` VALUES ('1241', '03', '192.168.1.105', '2013-07-14 12:27:47');
INSERT INTO `master_session` VALUES ('1242', 'admin', '192.168.1.105', '2013-07-14 12:36:22');
INSERT INTO `master_session` VALUES ('1243', '03', '192.168.1.40', '2013-07-14 12:40:54');
INSERT INTO `master_session` VALUES ('1244', '04', '192.168.1.105', '2013-07-14 13:17:07');
INSERT INTO `master_session` VALUES ('1245', '03', '192.168.1.105', '2013-07-14 13:19:45');
INSERT INTO `master_session` VALUES ('1246', '2010460', '192.168.1.100', '2013-07-14 13:22:14');
INSERT INTO `master_session` VALUES ('1247', '2010441', '192.168.1.100', '2013-07-14 14:31:35');
INSERT INTO `master_session` VALUES ('1248', '03', '192.168.1.105', '2013-07-14 14:32:45');
INSERT INTO `master_session` VALUES ('1249', '04', '192.168.1.105', '2013-07-14 14:33:56');
INSERT INTO `master_session` VALUES ('1250', '01', '192.168.1.105', '2013-07-14 14:36:53');
INSERT INTO `master_session` VALUES ('1251', 'admin', '192.168.1.105', '2013-07-14 14:36:58');
INSERT INTO `master_session` VALUES ('1252', '77', '192.168.1.105', '2013-07-14 14:47:38');
INSERT INTO `master_session` VALUES ('1253', '78', '192.168.1.105', '2013-07-14 14:50:07');
INSERT INTO `master_session` VALUES ('1254', '04', '192.168.1.105', '2013-07-14 14:52:45');
INSERT INTO `master_session` VALUES ('1255', '78', '192.168.1.105', '2013-07-14 14:52:56');
INSERT INTO `master_session` VALUES ('1256', '04', '192.168.1.105', '2013-07-14 14:53:28');
INSERT INTO `master_session` VALUES ('1257', '78', '192.168.1.105', '2013-07-14 14:54:02');
INSERT INTO `master_session` VALUES ('1258', 'fmd', '192.168.1.105', '2013-07-14 14:56:03');
INSERT INTO `master_session` VALUES ('1259', 'admin', '192.168.1.40', '2013-07-14 14:58:09');
INSERT INTO `master_session` VALUES ('1260', '03', '192.168.1.40', '2013-07-14 15:10:53');
INSERT INTO `master_session` VALUES ('1261', 'fmd', '192.168.1.40', '2013-07-14 15:11:05');
INSERT INTO `master_session` VALUES ('1262', '03', '192.168.1.40', '2013-07-14 15:28:11');
INSERT INTO `master_session` VALUES ('1263', '04', '192.168.1.40', '2013-07-14 15:40:16');
INSERT INTO `master_session` VALUES ('1264', 'fmd', '192.168.1.40', '2013-07-14 15:50:38');
INSERT INTO `master_session` VALUES ('1265', 'admin', '192.168.1.105', '2013-07-14 15:51:15');
INSERT INTO `master_session` VALUES ('1266', '04', '192.168.1.40', '2013-07-14 15:57:01');
INSERT INTO `master_session` VALUES ('1267', 'admin', '192.168.1.40', '2013-07-14 16:01:38');
INSERT INTO `master_session` VALUES ('1268', 'fmd', '192.168.1.40', '2013-07-14 16:06:41');
INSERT INTO `master_session` VALUES ('1269', 'fmd', '192.168.1.40', '2013-07-14 16:12:01');
INSERT INTO `master_session` VALUES ('1270', '03', '192.168.1.105', '2013-07-14 17:22:57');
INSERT INTO `master_session` VALUES ('1271', 'admin', '192.168.1.43', '2013-07-14 17:29:07');
INSERT INTO `master_session` VALUES ('1272', 'admin', '192.168.1.43', '2013-07-14 17:29:31');
INSERT INTO `master_session` VALUES ('1273', 'admin', '192.168.1.43', '2013-07-14 17:30:47');
INSERT INTO `master_session` VALUES ('1274', '600', '192.168.1.115', '2013-07-14 17:42:48');
INSERT INTO `master_session` VALUES ('1275', '601', '192.168.1.115', '2013-07-14 17:43:41');
INSERT INTO `master_session` VALUES ('1276', '602', '192.168.1.115', '2013-07-14 17:44:23');
INSERT INTO `master_session` VALUES ('1277', '603', '192.168.1.115', '2013-07-14 17:44:59');
INSERT INTO `master_session` VALUES ('1278', '03', '192.168.1.43', '2013-07-14 17:45:16');
INSERT INTO `master_session` VALUES ('1279', '605', '192.168.1.115', '2013-07-14 17:45:48');
INSERT INTO `master_session` VALUES ('1280', 'admin', '192.168.1.43', '2013-07-14 17:46:25');
INSERT INTO `master_session` VALUES ('1281', '603', '192.168.1.115', '2013-07-14 17:46:32');
INSERT INTO `master_session` VALUES ('1282', '03', '192.168.1.43', '2013-07-14 17:50:58');
INSERT INTO `master_session` VALUES ('1283', '03', '192.168.1.43', '2013-07-14 17:55:59');
INSERT INTO `master_session` VALUES ('1284', '04', '192.168.1.43', '2013-07-14 17:56:21');
INSERT INTO `master_session` VALUES ('1285', '03', '192.168.1.43', '2013-07-14 18:05:30');
INSERT INTO `master_session` VALUES ('1286', 'admin', '192.168.1.43', '2013-07-14 18:14:50');
INSERT INTO `master_session` VALUES ('1287', '04', '192.168.1.43', '2013-07-14 18:16:34');
INSERT INTO `master_session` VALUES ('1288', 'admin', '192.168.1.43', '2013-07-14 18:16:58');
INSERT INTO `master_session` VALUES ('1289', '04', '192.168.1.43', '2013-07-14 18:21:54');
INSERT INTO `master_session` VALUES ('1290', 'fmd', '192.168.1.43', '2013-07-14 18:30:49');
INSERT INTO `master_session` VALUES ('1291', '03', '192.168.1.43', '2013-07-14 18:35:05');
INSERT INTO `master_session` VALUES ('1292', 'admin', '192.168.1.43', '2013-07-14 18:35:41');
INSERT INTO `master_session` VALUES ('1293', 'admin', '192.168.1.43', '2013-07-14 18:39:27');
INSERT INTO `master_session` VALUES ('1294', 'fmd', '192.168.1.43', '2013-07-14 18:40:57');
INSERT INTO `master_session` VALUES ('1295', 'fmd', '192.168.1.43', '2013-07-14 19:37:25');
INSERT INTO `master_session` VALUES ('1296', '77', '192.168.1.43', '2013-07-14 19:39:55');
INSERT INTO `master_session` VALUES ('1297', '78', '192.168.1.43', '2013-07-14 19:41:14');
INSERT INTO `master_session` VALUES ('1298', 'fmd', '192.168.1.43', '2013-07-14 19:45:25');
INSERT INTO `master_session` VALUES ('1299', '77', '192.168.1.43', '2013-07-14 19:49:30');
INSERT INTO `master_session` VALUES ('1300', '2010441', '192.168.1.100', '2013-07-15 10:07:06');
INSERT INTO `master_session` VALUES ('1301', '2010442', '192.168.1.100', '2013-07-15 10:11:56');
INSERT INTO `master_session` VALUES ('1302', '2010441', '192.168.1.100', '2013-07-15 10:12:23');
INSERT INTO `master_session` VALUES ('1303', '03', '192.168.1.105', '2013-07-15 10:24:35');
INSERT INTO `master_session` VALUES ('1304', '04', '192.168.1.105', '2013-07-15 10:26:42');
INSERT INTO `master_session` VALUES ('1305', '03', '192.168.1.105', '2013-07-15 10:27:37');
INSERT INTO `master_session` VALUES ('1306', 'fmd', '192.168.1.105', '2013-07-15 10:40:16');
INSERT INTO `master_session` VALUES ('1307', 'fmd', '192.168.1.40', '2013-07-15 10:42:21');
INSERT INTO `master_session` VALUES ('1308', '2010441', '192.168.1.105', '2013-07-15 12:34:05');
INSERT INTO `master_session` VALUES ('1309', 'admin', '192.168.1.105', '2013-07-15 12:34:49');
INSERT INTO `master_session` VALUES ('1310', '2010441', '192.168.1.105', '2013-07-15 12:34:59');
INSERT INTO `master_session` VALUES ('1311', 'fmd', '192.168.1.40', '2013-07-15 12:41:19');
INSERT INTO `master_session` VALUES ('1312', 'fmd', '192.168.1.40', '2013-07-15 14:16:14');
INSERT INTO `master_session` VALUES ('1313', 'dmd', '192.168.1.40', '2013-07-15 14:21:11');
INSERT INTO `master_session` VALUES ('1314', 'fmd', '192.168.1.40', '2013-07-15 14:22:18');
INSERT INTO `master_session` VALUES ('1315', 'dmd', '192.168.1.40', '2013-07-15 14:27:13');
INSERT INTO `master_session` VALUES ('1316', 'fmd', '192.168.1.40', '2013-07-15 14:27:40');
INSERT INTO `master_session` VALUES ('1317', 'admin', '192.168.1.100', '2013-07-15 15:52:06');
INSERT INTO `master_session` VALUES ('1318', 'admin', '192.168.1.100', '2013-07-16 10:13:07');
INSERT INTO `master_session` VALUES ('1319', 'admin', '192.168.1.100', '2013-07-16 10:14:40');
INSERT INTO `master_session` VALUES ('1320', 'admin', '192.168.1.105', '2013-07-16 12:06:29');
INSERT INTO `master_session` VALUES ('1321', '2010441', '192.168.1.105', '2013-07-16 12:09:28');
INSERT INTO `master_session` VALUES ('1322', 'admin', '192.168.1.100', '2013-07-16 12:19:01');
INSERT INTO `master_session` VALUES ('1323', '2010442', '192.168.1.105', '2013-07-16 12:20:03');
INSERT INTO `master_session` VALUES ('1324', '2010441', '192.168.1.100', '2013-07-16 12:22:52');
INSERT INTO `master_session` VALUES ('1325', '2010441', '192.168.1.100', '2013-07-16 12:26:42');
INSERT INTO `master_session` VALUES ('1326', 'admin', '192.168.1.105', '2013-07-16 12:41:51');
INSERT INTO `master_session` VALUES ('1327', 'admin', '192.168.1.40', '2013-07-16 12:44:45');
INSERT INTO `master_session` VALUES ('1328', '2010441', '192.168.1.100', '2013-07-16 12:48:26');
INSERT INTO `master_session` VALUES ('1329', '0003', '192.168.1.105', '2013-07-16 12:56:58');
INSERT INTO `master_session` VALUES ('1330', '01', '192.168.1.40', '2013-07-16 13:26:33');
INSERT INTO `master_session` VALUES ('1331', '01', '192.168.1.40', '2013-07-16 13:32:59');
INSERT INTO `master_session` VALUES ('1332', '02', '192.168.1.105', '2013-07-16 13:37:55');
INSERT INTO `master_session` VALUES ('1333', '03', '192.168.1.105', '2013-07-16 13:39:14');
INSERT INTO `master_session` VALUES ('1334', '04', '192.168.1.105', '2013-07-16 13:39:44');
INSERT INTO `master_session` VALUES ('1335', '02', '192.168.1.40', '2013-07-16 13:46:01');
INSERT INTO `master_session` VALUES ('1336', '03', '192.168.1.105', '2013-07-16 13:46:53');
INSERT INTO `master_session` VALUES ('1337', '01', '192.168.1.40', '2013-07-16 13:47:26');
INSERT INTO `master_session` VALUES ('1338', '02', '192.168.1.40', '2013-07-16 13:47:35');
INSERT INTO `master_session` VALUES ('1339', '04', '192.168.1.105', '2013-07-16 13:48:09');
INSERT INTO `master_session` VALUES ('1340', '02', '192.168.1.105', '2013-07-16 13:49:44');
INSERT INTO `master_session` VALUES ('1341', 'admin', '192.168.1.105', '2013-07-16 13:57:58');
INSERT INTO `master_session` VALUES ('1342', 'admin', '192.168.1.105', '2013-07-16 14:15:14');
INSERT INTO `master_session` VALUES ('1343', 'admin', '192.168.1.100', '2013-07-16 14:18:22');
INSERT INTO `master_session` VALUES ('1344', '03', '192.168.1.105', '2013-07-16 14:22:35');
INSERT INTO `master_session` VALUES ('1345', '04', '192.168.1.105', '2013-07-16 14:22:47');
INSERT INTO `master_session` VALUES ('1346', '2010441', '192.168.1.105', '2013-07-16 14:22:59');
INSERT INTO `master_session` VALUES ('1347', '2010442', '192.168.1.105', '2013-07-16 14:23:09');
INSERT INTO `master_session` VALUES ('1348', 'D01', '192.168.1.105', '2013-07-16 14:23:32');
INSERT INTO `master_session` VALUES ('1349', 'D02', '192.168.1.105', '2013-07-16 14:23:46');
INSERT INTO `master_session` VALUES ('1350', 'admin', '192.168.1.105', '2013-07-16 14:24:11');
INSERT INTO `master_session` VALUES ('1351', '77', '192.168.1.105', '2013-07-16 14:24:17');
INSERT INTO `master_session` VALUES ('1352', '78', '192.168.1.105', '2013-07-16 14:24:25');
INSERT INTO `master_session` VALUES ('1353', '77', '192.168.1.105', '2013-07-16 14:24:37');
INSERT INTO `master_session` VALUES ('1354', 'admin', '192.168.1.105', '2013-07-16 14:24:43');
INSERT INTO `master_session` VALUES ('1355', '77', '192.168.1.105', '2013-07-16 14:43:02');
INSERT INTO `master_session` VALUES ('1356', '78', '192.168.1.105', '2013-07-16 14:43:32');
INSERT INTO `master_session` VALUES ('1357', 'admin', '192.168.1.105', '2013-07-16 14:44:08');
INSERT INTO `master_session` VALUES ('1358', '79', '192.168.1.105', '2013-07-16 14:44:34');
INSERT INTO `master_session` VALUES ('1359', '79', '192.168.1.40', '2013-07-16 15:00:10');
INSERT INTO `master_session` VALUES ('1360', 'fmd', '192.168.1.40', '2013-07-16 15:08:17');
INSERT INTO `master_session` VALUES ('1361', 'dmd', '192.168.1.40', '2013-07-16 15:11:13');
INSERT INTO `master_session` VALUES ('1362', 'fmd', '192.168.1.40', '2013-07-16 15:12:48');
INSERT INTO `master_session` VALUES ('1363', 'admin', '192.168.1.40', '2013-07-16 15:19:04');
INSERT INTO `master_session` VALUES ('1364', 'fmd', '192.168.1.40', '2013-07-16 15:29:10');
INSERT INTO `master_session` VALUES ('1365', 'dmd', '192.168.1.40', '2013-07-16 15:29:37');
INSERT INTO `master_session` VALUES ('1366', '2010441', '192.168.1.105', '2013-07-16 15:51:25');
INSERT INTO `master_session` VALUES ('1367', '2010441', '192.168.1.105', '2013-07-16 16:00:44');
INSERT INTO `master_session` VALUES ('1368', '2010441', '192.168.1.191', '2013-07-16 16:34:40');
INSERT INTO `master_session` VALUES ('1369', '2010442', '192.168.1.191', '2013-07-16 16:38:23');
INSERT INTO `master_session` VALUES ('1370', '2010460', '192.168.1.191', '2013-07-16 16:39:26');
INSERT INTO `master_session` VALUES ('1371', '600', '192.168.1.105', '2013-07-16 16:59:27');
INSERT INTO `master_session` VALUES ('1372', '601', '192.168.1.105', '2013-07-16 17:00:38');
INSERT INTO `master_session` VALUES ('1373', '602', '192.168.1.105', '2013-07-16 17:01:31');
INSERT INTO `master_session` VALUES ('1374', '603', '192.168.1.105', '2013-07-16 17:01:57');
INSERT INTO `master_session` VALUES ('1375', '604', '192.168.1.105', '2013-07-16 17:03:32');
INSERT INTO `master_session` VALUES ('1376', '2010460', '192.168.1.100', '2013-07-16 17:03:41');
INSERT INTO `master_session` VALUES ('1377', '604', '192.168.1.105', '2013-07-16 17:03:59');
INSERT INTO `master_session` VALUES ('1378', '603', '192.168.1.105', '2013-07-16 17:04:39');
INSERT INTO `master_session` VALUES ('1379', '605', '192.168.1.105', '2013-07-16 17:04:59');
INSERT INTO `master_session` VALUES ('1380', '603', '192.168.1.105', '2013-07-16 17:05:44');
INSERT INTO `master_session` VALUES ('1381', '2010441', '192.168.1.100', '2013-07-16 17:23:24');
INSERT INTO `master_session` VALUES ('1382', '2010441', '192.168.1.100', '2013-07-16 17:27:00');
INSERT INTO `master_session` VALUES ('1383', 'admin', '192.168.1.100', '2013-07-16 17:27:15');
INSERT INTO `master_session` VALUES ('1384', '2010441', '192.168.1.100', '2013-07-16 17:55:02');
INSERT INTO `master_session` VALUES ('1385', '2010442', '169.254.111.95', '2013-07-16 18:02:41');
INSERT INTO `master_session` VALUES ('1386', '2010441', '169.254.111.95', '2013-07-16 18:03:14');
INSERT INTO `master_session` VALUES ('1387', '2010441', '169.254.111.95', '2013-07-16 18:29:57');
INSERT INTO `master_session` VALUES ('1388', '600', '192.168.1.100', '2013-07-16 18:47:51');
INSERT INTO `master_session` VALUES ('1389', 'admin', '192.168.1.100', '2013-07-16 18:49:14');
INSERT INTO `master_session` VALUES ('1390', '601', '192.168.1.100', '2013-07-16 19:17:16');
INSERT INTO `master_session` VALUES ('1391', '600', '192.168.1.100', '2013-07-16 19:17:36');
INSERT INTO `master_session` VALUES ('1392', '601', '192.168.1.100', '2013-07-16 19:18:38');
INSERT INTO `master_session` VALUES ('1393', '602', '192.168.1.100', '2013-07-16 19:20:35');
INSERT INTO `master_session` VALUES ('1394', '603', '192.168.1.100', '2013-07-16 19:21:05');
INSERT INTO `master_session` VALUES ('1395', '601', '192.168.1.100', '2013-07-16 19:23:29');
INSERT INTO `master_session` VALUES ('1396', '600', '192.168.1.100', '2013-07-16 19:23:41');
INSERT INTO `master_session` VALUES ('1397', '602', '192.168.1.100', '2013-07-16 19:23:53');
INSERT INTO `master_session` VALUES ('1398', '604', '192.168.1.100', '2013-07-16 19:24:25');
INSERT INTO `master_session` VALUES ('1399', '600', '192.168.1.100', '2013-07-16 19:25:56');
INSERT INTO `master_session` VALUES ('1400', '2010441', '192.168.1.100', '2013-07-16 19:27:54');
INSERT INTO `master_session` VALUES ('1401', '04', '192.168.1.40', '2013-07-17 10:21:45');
INSERT INTO `master_session` VALUES ('1402', '03', '::1', '2013-07-17 11:31:17');
INSERT INTO `master_session` VALUES ('1403', '2010460', '::1', '2013-07-17 15:33:14');
INSERT INTO `master_session` VALUES ('1404', '01', '::1', '2013-07-18 10:10:41');
INSERT INTO `master_session` VALUES ('1405', 'admin', '::1', '2013-07-21 14:27:49');
INSERT INTO `master_session` VALUES ('1406', 'admin', '::1', '2013-07-21 14:41:32');
INSERT INTO `master_session` VALUES ('1407', 'admin', '::1', '2013-07-21 15:14:32');
INSERT INTO `master_session` VALUES ('1408', 'admin', '::1', '2013-07-22 10:30:21');
INSERT INTO `master_session` VALUES ('1409', 'admin', '::1', '2013-07-22 11:36:01');
INSERT INTO `master_session` VALUES ('1410', 'admin', '::1', '2013-07-23 09:34:54');
INSERT INTO `master_session` VALUES ('1411', 'admin', '::1', '2013-07-23 09:36:47');
INSERT INTO `master_session` VALUES ('1412', '2010441', '::1', '2013-07-23 09:44:28');
INSERT INTO `master_session` VALUES ('1413', '1995056', '::1', '2013-07-23 09:53:09');
INSERT INTO `master_session` VALUES ('1414', '2010441', '::1', '2013-07-23 09:57:28');
INSERT INTO `master_session` VALUES ('1415', '2008091', '::1', '2013-07-23 09:58:48');
INSERT INTO `master_session` VALUES ('1416', '2009297', '::1', '2013-07-23 09:59:43');
INSERT INTO `master_session` VALUES ('1417', '2010441', '::1', '2013-07-23 10:00:55');
INSERT INTO `master_session` VALUES ('1418', '2010457', '::1', '2013-07-23 10:05:08');
INSERT INTO `master_session` VALUES ('1419', '2011150', '::1', '2013-07-23 10:06:08');
INSERT INTO `master_session` VALUES ('1420', '2011444', '::1', '2013-07-23 10:07:06');
INSERT INTO `master_session` VALUES ('1421', '2010441', '::1', '2013-07-23 11:01:18');
INSERT INTO `master_session` VALUES ('1422', 'admin', '::1', '2013-07-24 11:25:37');
INSERT INTO `master_session` VALUES ('1423', 'admin', '::1', '2013-07-24 12:38:09');
INSERT INTO `master_session` VALUES ('1424', 'admin', '::1', '2013-07-24 12:53:09');
INSERT INTO `master_session` VALUES ('1425', '2010441', '::1', '2013-07-24 14:23:08');
INSERT INTO `master_session` VALUES ('1426', '2010441', '::1', '2013-07-24 15:07:56');
INSERT INTO `master_session` VALUES ('1427', '2010441', '::1', '2013-07-24 17:17:59');
INSERT INTO `master_session` VALUES ('1428', '2010441', '::1', '2013-07-25 00:30:33');
INSERT INTO `master_session` VALUES ('1429', '2010441', '::1', '2013-07-25 10:05:24');
INSERT INTO `master_session` VALUES ('1430', '2010441', '::1', '2013-07-25 10:41:38');
INSERT INTO `master_session` VALUES ('1431', '2010441', '::1', '2013-07-25 11:31:46');
INSERT INTO `master_session` VALUES ('1432', 'admin', '::1', '2013-07-29 12:03:04');
INSERT INTO `master_session` VALUES ('1433', 'admin', '::1', '2013-07-29 14:51:26');
INSERT INTO `master_session` VALUES ('1434', 'admin', '::1', '2013-07-30 10:23:40');
INSERT INTO `master_session` VALUES ('1435', 'admin', '::1', '2013-07-30 14:21:04');
INSERT INTO `master_session` VALUES ('1436', '01', '::1', '2013-07-30 14:27:11');
INSERT INTO `master_session` VALUES ('1437', 'admin', '::1', '2013-07-31 10:12:33');
INSERT INTO `master_session` VALUES ('1438', '2010441', '::1', '2013-07-31 10:24:27');
INSERT INTO `master_session` VALUES ('1439', 'admin', '127.0.0.1', '2013-09-05 11:17:21');
INSERT INTO `master_session` VALUES ('1440', '01', '127.0.0.1', '2013-09-05 12:23:31');
INSERT INTO `master_session` VALUES ('1441', '01', '127.0.0.1', '2013-09-05 12:24:34');
INSERT INTO `master_session` VALUES ('1442', '01', '127.0.0.1', '2013-09-05 13:00:22');
INSERT INTO `master_session` VALUES ('1443', '01', '127.0.0.1', '2013-09-05 13:00:34');
INSERT INTO `master_session` VALUES ('1444', '02', '127.0.0.1', '2013-09-05 13:01:47');
INSERT INTO `master_session` VALUES ('1445', '03', '127.0.0.1', '2013-09-05 13:02:24');
INSERT INTO `master_session` VALUES ('1446', '01', '127.0.0.1', '2013-09-05 13:02:36');
INSERT INTO `master_session` VALUES ('1447', '01', '127.0.0.1', '2013-09-05 13:32:52');
INSERT INTO `master_session` VALUES ('1448', '01', '127.0.0.1', '2013-09-05 14:13:56');
INSERT INTO `master_session` VALUES ('1449', '02', '127.0.0.1', '2013-09-05 14:25:12');
INSERT INTO `master_session` VALUES ('1450', '01', '127.0.0.1', '2013-09-05 14:28:00');
INSERT INTO `master_session` VALUES ('1451', '02', '127.0.0.1', '2013-09-05 14:28:14');
INSERT INTO `master_session` VALUES ('1452', '02', '127.0.0.1', '2013-09-05 16:03:58');
INSERT INTO `master_session` VALUES ('1453', '01', '127.0.0.1', '2013-09-05 16:04:09');
INSERT INTO `master_session` VALUES ('1454', '03', '127.0.0.1', '2013-09-05 16:04:20');
INSERT INTO `master_session` VALUES ('1455', '01', '127.0.0.1', '2013-09-07 09:14:31');
INSERT INTO `master_session` VALUES ('1456', '01', '127.0.0.1', '2013-09-07 15:31:33');
INSERT INTO `master_session` VALUES ('1457', '02', '127.0.0.1', '2013-09-07 15:49:09');
INSERT INTO `master_session` VALUES ('1458', '02', '127.0.0.1', '2013-09-07 16:12:31');
INSERT INTO `master_session` VALUES ('1459', '02', '127.0.0.1', '2013-09-07 16:49:22');
INSERT INTO `master_session` VALUES ('1460', '03', '127.0.0.1', '2013-09-07 16:50:34');
INSERT INTO `master_session` VALUES ('1461', '01', '127.0.0.1', '2013-09-07 16:50:58');
INSERT INTO `master_session` VALUES ('1462', '03', '127.0.0.1', '2013-09-07 16:52:03');
INSERT INTO `master_session` VALUES ('1463', '01', '127.0.0.1', '2013-09-07 16:52:50');
INSERT INTO `master_session` VALUES ('1464', '01', '127.0.0.1', '2013-09-07 16:54:31');
INSERT INTO `master_session` VALUES ('1465', '04', '127.0.0.1', '2013-09-07 16:56:03');
INSERT INTO `master_session` VALUES ('1466', '03', '127.0.0.1', '2013-09-07 17:00:09');
INSERT INTO `master_session` VALUES ('1467', '04', '127.0.0.1', '2013-09-07 17:02:52');
INSERT INTO `master_session` VALUES ('1468', '04', '127.0.0.1', '2013-09-07 17:05:22');
INSERT INTO `master_session` VALUES ('1469', '01', '127.0.0.1', '2013-09-07 17:21:12');
INSERT INTO `master_session` VALUES ('1470', '02', '127.0.0.1', '2013-09-07 17:25:11');
INSERT INTO `master_session` VALUES ('1471', '03', '127.0.0.1', '2013-09-07 17:28:48');
INSERT INTO `master_session` VALUES ('1472', '04', '127.0.0.1', '2013-09-07 17:29:24');
INSERT INTO `master_session` VALUES ('1473', '03', '127.0.0.1', '2013-09-07 17:29:45');
INSERT INTO `master_session` VALUES ('1474', '01', '127.0.0.1', '2013-09-08 12:39:27');
INSERT INTO `master_session` VALUES ('1475', '02', '127.0.0.1', '2013-09-08 12:52:46');
INSERT INTO `master_session` VALUES ('1476', '01', '127.0.0.1', '2013-09-08 12:54:47');
INSERT INTO `master_session` VALUES ('1477', '02', '127.0.0.1', '2013-09-08 13:01:08');
INSERT INTO `master_session` VALUES ('1478', '03', '127.0.0.1', '2013-09-08 13:08:40');
INSERT INTO `master_session` VALUES ('1479', '04', '127.0.0.1', '2013-09-08 13:17:08');
INSERT INTO `master_session` VALUES ('1480', '04', '127.0.0.1', '2013-09-08 13:18:07');
INSERT INTO `master_session` VALUES ('1481', '03', '127.0.0.1', '2013-09-08 13:44:49');
INSERT INTO `master_session` VALUES ('1482', '04', '127.0.0.1', '2013-09-08 13:45:29');
INSERT INTO `master_session` VALUES ('1483', '03', '127.0.0.1', '2013-09-08 13:45:52');
INSERT INTO `master_session` VALUES ('1484', '03', '127.0.0.1', '2013-09-08 13:46:20');
INSERT INTO `master_session` VALUES ('1485', '04', '127.0.0.1', '2013-09-08 13:46:35');
INSERT INTO `master_session` VALUES ('1486', '03', '::1', '2013-09-08 01:58:30');
INSERT INTO `master_session` VALUES ('1487', '01', '::1', '2013-09-08 05:15:27');
INSERT INTO `master_session` VALUES ('1488', '01', '::1', '2013-09-08 05:41:36');
INSERT INTO `master_session` VALUES ('1489', '01', '::1', '2013-09-08 05:42:02');
INSERT INTO `master_session` VALUES ('1490', '01', '::1', '2013-09-08 19:04:12');
INSERT INTO `master_session` VALUES ('1491', '01', '::1', '2013-09-08 19:06:11');
INSERT INTO `master_session` VALUES ('1492', '04', '::1', '2013-09-08 19:09:44');
INSERT INTO `master_session` VALUES ('1493', '01', '::1', '2013-09-08 19:20:52');
INSERT INTO `master_session` VALUES ('1494', '01', '::1', '2013-09-09 09:29:04');
INSERT INTO `master_session` VALUES ('1495', '04', '::1', '2013-09-09 10:04:48');
INSERT INTO `master_session` VALUES ('1496', '03', '::1', '2013-09-09 10:05:10');
INSERT INTO `master_session` VALUES ('1497', '01', '::1', '2013-09-09 10:05:27');
INSERT INTO `master_session` VALUES ('1498', '02', '::1', '2013-09-09 10:06:10');
INSERT INTO `master_session` VALUES ('1499', '01', '::1', '2013-09-09 10:09:39');
INSERT INTO `master_session` VALUES ('1500', '03', '::1', '2013-09-09 10:10:02');
INSERT INTO `master_session` VALUES ('1501', '04', '::1', '2013-09-09 10:10:36');
INSERT INTO `master_session` VALUES ('1502', '03', '::1', '2013-09-09 10:10:56');
INSERT INTO `master_session` VALUES ('1503', '04', '::1', '2013-09-09 10:11:23');
INSERT INTO `master_session` VALUES ('1504', '01', '::1', '2013-09-09 12:22:28');
INSERT INTO `master_session` VALUES ('1505', '02', '::1', '2013-09-09 12:26:34');
INSERT INTO `master_session` VALUES ('1506', '03', '::1', '2013-09-09 12:28:06');
INSERT INTO `master_session` VALUES ('1507', '04', '::1', '2013-09-09 12:29:14');
INSERT INTO `master_session` VALUES ('1508', '04', '::1', '2013-09-09 14:41:28');
INSERT INTO `master_session` VALUES ('1509', '04', '::1', '2013-09-09 15:02:23');
INSERT INTO `master_session` VALUES ('1510', '01', '::1', '2013-09-09 15:24:36');
INSERT INTO `master_session` VALUES ('1511', '02', '::1', '2013-09-09 15:26:12');
INSERT INTO `master_session` VALUES ('1512', '01', '::1', '2013-09-09 15:27:30');
INSERT INTO `master_session` VALUES ('1513', '02', '::1', '2013-09-09 15:29:54');
INSERT INTO `master_session` VALUES ('1514', '03', '::1', '2013-09-09 15:31:30');
INSERT INTO `master_session` VALUES ('1515', '04', '::1', '2013-09-09 15:32:36');
INSERT INTO `master_session` VALUES ('1516', '01', '::1', '2013-09-09 15:57:16');
INSERT INTO `master_session` VALUES ('1517', '02', '::1', '2013-09-09 16:07:27');
INSERT INTO `master_session` VALUES ('1518', '04', '::1', '2013-09-09 16:18:20');
INSERT INTO `master_session` VALUES ('1519', '01', '::1', '2013-09-10 10:04:20');
INSERT INTO `master_session` VALUES ('1520', '02', '::1', '2013-09-10 10:14:21');
INSERT INTO `master_session` VALUES ('1521', '03', '::1', '2013-09-10 10:16:02');
INSERT INTO `master_session` VALUES ('1522', '04', '::1', '2013-09-10 10:17:31');
INSERT INTO `master_session` VALUES ('1523', '02', '::1', '2013-09-10 10:19:56');
INSERT INTO `master_session` VALUES ('1524', '03', '::1', '2013-09-10 10:21:06');
INSERT INTO `master_session` VALUES ('1525', '04', '::1', '2013-09-10 10:21:36');
INSERT INTO `master_session` VALUES ('1526', '02', '::1', '2013-09-10 10:26:27');
INSERT INTO `master_session` VALUES ('1527', '04', '::1', '2013-09-10 10:29:25');
INSERT INTO `master_session` VALUES ('1528', '05', '::1', '2013-09-10 10:32:12');
INSERT INTO `master_session` VALUES ('1529', '04', '::1', '2013-09-10 10:34:33');
INSERT INTO `master_session` VALUES ('1530', '02', '::1', '2013-09-10 10:53:40');
INSERT INTO `master_session` VALUES ('1531', '03', '::1', '2013-09-10 10:57:30');
INSERT INTO `master_session` VALUES ('1532', '05', '::1', '2013-09-10 10:58:27');
INSERT INTO `master_session` VALUES ('1533', '03', '::1', '2013-09-10 10:58:42');
INSERT INTO `master_session` VALUES ('1534', '02', '::1', '2013-09-10 10:59:20');
INSERT INTO `master_session` VALUES ('1535', '03', '::1', '2013-09-10 11:00:28');
INSERT INTO `master_session` VALUES ('1536', '05', '::1', '2013-09-10 11:01:06');
INSERT INTO `master_session` VALUES ('1537', '02', '::1', '2013-09-10 12:19:29');
INSERT INTO `master_session` VALUES ('1538', '01', '::1', '2013-09-10 13:08:57');
INSERT INTO `master_session` VALUES ('1539', '03', '::1', '2013-09-10 14:26:13');
INSERT INTO `master_session` VALUES ('1540', '04', '::1', '2013-09-10 14:30:47');
INSERT INTO `master_session` VALUES ('1541', '05', '::1', '2013-09-10 14:47:25');
INSERT INTO `master_session` VALUES ('1542', '06', '::1', '2013-09-10 14:51:07');
INSERT INTO `master_session` VALUES ('1543', '05', '::1', '2013-09-10 14:51:45');
INSERT INTO `master_session` VALUES ('1544', '06', '::1', '2013-09-10 14:52:09');
INSERT INTO `master_session` VALUES ('1545', '05', '::1', '2013-09-10 14:52:38');
INSERT INTO `master_session` VALUES ('1546', '06', '::1', '2013-09-10 14:53:27');
INSERT INTO `master_session` VALUES ('1547', '05', '::1', '2013-09-10 14:53:40');
INSERT INTO `master_session` VALUES ('1548', 'fmd', '::1', '2013-09-10 14:54:45');
INSERT INTO `master_session` VALUES ('1549', '05', '::1', '2013-09-10 14:55:15');
INSERT INTO `master_session` VALUES ('1550', '06', '::1', '2013-09-10 14:56:42');
INSERT INTO `master_session` VALUES ('1551', '05', '::1', '2013-09-10 15:01:37');
INSERT INTO `master_session` VALUES ('1552', '06', '::1', '2013-09-10 15:16:43');
INSERT INTO `master_session` VALUES ('1553', '01', '::1', '2013-09-10 16:01:23');
INSERT INTO `master_session` VALUES ('1554', '02', '::1', '2013-09-10 16:08:55');
INSERT INTO `master_session` VALUES ('1555', '03', '::1', '2013-09-10 16:10:16');
INSERT INTO `master_session` VALUES ('1556', '04', '::1', '2013-09-10 16:11:20');
INSERT INTO `master_session` VALUES ('1557', '05', '::1', '2013-09-10 16:11:55');
INSERT INTO `master_session` VALUES ('1558', '06', '::1', '2013-09-11 11:07:19');
INSERT INTO `master_session` VALUES ('1559', '01', '::1', '2013-09-11 11:08:36');
INSERT INTO `master_session` VALUES ('1560', '01', '::1', '2013-09-11 16:03:05');
INSERT INTO `master_session` VALUES ('1561', '01', '::1', '2013-09-11 17:28:02');
INSERT INTO `master_session` VALUES ('1562', '02', '::1', '2013-09-11 17:36:52');
INSERT INTO `master_session` VALUES ('1563', '03', '::1', '2013-09-11 17:44:42');
INSERT INTO `master_session` VALUES ('1564', '04', '::1', '2013-09-11 17:45:35');
INSERT INTO `master_session` VALUES ('1565', '05', '::1', '2013-09-11 17:45:54');
INSERT INTO `master_session` VALUES ('1566', '01', '::1', '2013-09-12 12:21:25');
INSERT INTO `master_session` VALUES ('1567', '01', '::1', '2013-09-12 12:35:17');
INSERT INTO `master_session` VALUES ('1568', '02', '::1', '2013-09-12 13:00:54');
INSERT INTO `master_session` VALUES ('1569', '03', '::1', '2013-09-12 13:01:59');
INSERT INTO `master_session` VALUES ('1570', '05', '::1', '2013-09-12 13:02:45');
INSERT INTO `master_session` VALUES ('1571', '04', '::1', '2013-09-12 13:03:17');
INSERT INTO `master_session` VALUES ('1572', '03', '::1', '2013-09-12 13:04:59');
INSERT INTO `master_session` VALUES ('1573', '04', '::1', '2013-09-12 15:21:45');
INSERT INTO `master_session` VALUES ('1574', '02', '::1', '2013-09-12 16:48:28');
INSERT INTO `master_session` VALUES ('1575', '02', '::1', '2013-09-12 17:21:44');
INSERT INTO `master_session` VALUES ('1576', '01', '::1', '2013-09-15 16:13:32');
INSERT INTO `master_session` VALUES ('1577', '01', '::1', '2013-09-16 10:07:34');
INSERT INTO `master_session` VALUES ('1578', '04', '::1', '2013-09-18 11:42:03');
INSERT INTO `master_session` VALUES ('1579', '04', '::1', '2013-09-18 11:46:13');
INSERT INTO `master_session` VALUES ('1580', '04', '::1', '2013-09-18 12:28:10');
INSERT INTO `master_session` VALUES ('1581', '04', '::1', '2013-09-18 14:15:38');
INSERT INTO `master_session` VALUES ('1582', '04', '::1', '2013-09-18 14:27:20');
INSERT INTO `master_session` VALUES ('1583', '04', '::1', '2013-09-18 14:28:14');
INSERT INTO `master_session` VALUES ('1584', '02', '::1', '2013-09-18 15:02:11');
INSERT INTO `master_session` VALUES ('1585', '03', '::1', '2013-09-18 15:08:58');
INSERT INTO `master_session` VALUES ('1586', '02', '::1', '2013-09-18 15:10:01');
INSERT INTO `master_session` VALUES ('1587', '03', '::1', '2013-09-18 15:10:45');
INSERT INTO `master_session` VALUES ('1588', '04', '::1', '2013-09-18 15:11:47');
INSERT INTO `master_session` VALUES ('1589', '02', '::1', '2013-09-18 17:10:09');
INSERT INTO `master_session` VALUES ('1590', '03', '::1', '2013-09-18 17:11:18');
INSERT INTO `master_session` VALUES ('1591', '04', '::1', '2013-09-18 17:12:14');
INSERT INTO `master_session` VALUES ('1592', '04', '::1', '2013-09-19 10:18:00');
INSERT INTO `master_session` VALUES ('1593', '04', '::1', '2013-09-19 10:42:04');
INSERT INTO `master_session` VALUES ('1594', '02', '::1', '2013-09-19 12:31:38');
INSERT INTO `master_session` VALUES ('1595', '03', '::1', '2013-09-19 12:32:15');
INSERT INTO `master_session` VALUES ('1596', '04', '::1', '2013-09-19 12:35:44');
INSERT INTO `master_session` VALUES ('1597', '02', '::1', '2013-09-19 13:05:39');
INSERT INTO `master_session` VALUES ('1598', '03', '::1', '2013-09-19 13:08:01');
INSERT INTO `master_session` VALUES ('1599', '05', '::1', '2013-09-19 13:09:39');
INSERT INTO `master_session` VALUES ('1600', '06', '::1', '2013-09-19 13:10:02');
INSERT INTO `master_session` VALUES ('1601', '04', '::1', '2013-09-19 13:10:33');
INSERT INTO `master_session` VALUES ('1602', '06', '::1', '2013-09-19 13:24:26');
INSERT INTO `master_session` VALUES ('1603', '04', '::1', '2013-09-19 13:28:46');
INSERT INTO `master_session` VALUES ('1604', '06', '::1', '2013-09-19 13:29:16');
INSERT INTO `master_session` VALUES ('1605', '04', '::1', '2013-09-19 14:31:26');
INSERT INTO `master_session` VALUES ('1606', '05', '::1', '2013-09-19 15:43:44');
INSERT INTO `master_session` VALUES ('1607', '04', '::1', '2013-09-19 16:39:56');
INSERT INTO `master_session` VALUES ('1608', '04', '::1', '2013-09-19 17:19:33');
INSERT INTO `master_session` VALUES ('1609', '08', '::1', '2013-09-19 17:20:24');
INSERT INTO `master_session` VALUES ('1610', '08', '::1', '2013-09-19 17:21:11');
INSERT INTO `master_session` VALUES ('1611', '04', '::1', '2013-09-19 17:22:03');
INSERT INTO `master_session` VALUES ('1612', '08', '::1', '2013-09-19 17:35:24');
INSERT INTO `master_session` VALUES ('1613', '08', '::1', '2013-09-19 17:44:39');
INSERT INTO `master_session` VALUES ('1614', '04', '::1', '2013-09-19 17:48:04');
INSERT INTO `master_session` VALUES ('1615', '02', '::1', '2013-09-19 18:41:09');
INSERT INTO `master_session` VALUES ('1616', '04', '::1', '2013-09-19 18:41:53');
INSERT INTO `master_session` VALUES ('1617', '02', '::1', '2013-09-19 18:44:45');
INSERT INTO `master_session` VALUES ('1618', '03', '::1', '2013-09-19 18:45:22');
INSERT INTO `master_session` VALUES ('1619', '04', '::1', '2013-09-19 18:45:50');
INSERT INTO `master_session` VALUES ('1620', '08', '::1', '2013-09-19 18:46:55');
INSERT INTO `master_session` VALUES ('1621', '04', '::1', '2013-09-19 18:55:08');
INSERT INTO `master_session` VALUES ('1622', '02', '::1', '2013-09-19 18:56:06');
INSERT INTO `master_session` VALUES ('1623', '03', '::1', '2013-09-19 18:56:49');
INSERT INTO `master_session` VALUES ('1624', '04', '::1', '2013-09-19 18:57:15');
INSERT INTO `master_session` VALUES ('1625', '08', '::1', '2013-09-19 19:12:46');
INSERT INTO `master_session` VALUES ('1626', '04', '::1', '2013-09-20 11:06:24');
INSERT INTO `master_session` VALUES ('1627', '04', '::1', '2013-09-20 11:06:47');
INSERT INTO `master_session` VALUES ('1628', '04', '::1', '2013-09-22 09:22:37');
INSERT INTO `master_session` VALUES ('1629', 'admin', '::1', '2013-09-22 09:34:03');
INSERT INTO `master_session` VALUES ('1630', '04', '::1', '2013-09-22 09:37:10');
INSERT INTO `master_session` VALUES ('1631', '02', '::1', '2013-09-22 09:56:53');
INSERT INTO `master_session` VALUES ('1632', '04', '::1', '2013-09-22 10:06:06');
INSERT INTO `master_session` VALUES ('1633', '05', '::1', '2013-09-22 10:13:06');
INSERT INTO `master_session` VALUES ('1634', '04', '::1', '2013-09-22 10:40:19');
INSERT INTO `master_session` VALUES ('1635', '02', '::1', '2013-09-22 10:43:54');
INSERT INTO `master_session` VALUES ('1636', '05', '::1', '2013-09-22 10:46:34');
INSERT INTO `master_session` VALUES ('1637', '02', '::1', '2013-09-22 12:11:13');
INSERT INTO `master_session` VALUES ('1638', '05', '::1', '2013-09-22 12:11:58');
INSERT INTO `master_session` VALUES ('1639', '02', '::1', '2013-09-22 12:35:38');
INSERT INTO `master_session` VALUES ('1640', '05', '::1', '2013-09-22 12:36:10');
INSERT INTO `master_session` VALUES ('1641', '02', '::1', '2013-09-22 12:56:06');
INSERT INTO `master_session` VALUES ('1642', '05', '::1', '2013-09-22 12:56:35');
INSERT INTO `master_session` VALUES ('1643', '02', '::1', '2013-09-22 15:09:44');
INSERT INTO `master_session` VALUES ('1644', '02', '::1', '2013-09-22 15:09:57');
INSERT INTO `master_session` VALUES ('1645', '05', '::1', '2013-09-22 15:10:46');
INSERT INTO `master_session` VALUES ('1646', '03', '::1', '2013-09-22 15:13:07');
INSERT INTO `master_session` VALUES ('1647', '05', '::1', '2013-09-22 15:13:45');
INSERT INTO `master_session` VALUES ('1648', '04', '::1', '2013-09-22 15:14:46');
INSERT INTO `master_session` VALUES ('1649', '02', '::1', '2013-09-22 15:15:47');
INSERT INTO `master_session` VALUES ('1650', '05', '::1', '2013-09-22 15:16:12');
INSERT INTO `master_session` VALUES ('1651', '02', '::1', '2013-09-22 15:21:07');
INSERT INTO `master_session` VALUES ('1652', '04', '::1', '2013-09-22 15:21:43');
INSERT INTO `master_session` VALUES ('1653', '05', '::1', '2013-09-22 15:25:58');
INSERT INTO `master_session` VALUES ('1654', '04', '::1', '2013-09-22 15:35:38');
INSERT INTO `master_session` VALUES ('1655', '05', '::1', '2013-09-22 15:59:43');
INSERT INTO `master_session` VALUES ('1656', '04', '::1', '2013-09-22 16:00:11');
INSERT INTO `master_session` VALUES ('1657', '02', '::1', '2013-09-22 16:01:15');
INSERT INTO `master_session` VALUES ('1658', '04', '::1', '2013-09-22 16:01:43');
INSERT INTO `master_session` VALUES ('1659', '02', '::1', '2013-09-22 16:08:49');
INSERT INTO `master_session` VALUES ('1660', '04', '::1', '2013-09-22 16:12:31');
INSERT INTO `master_session` VALUES ('1661', '04', '::1', '2013-09-22 16:14:34');
INSERT INTO `master_session` VALUES ('1662', '02', '::1', '2013-09-22 16:16:05');
INSERT INTO `master_session` VALUES ('1663', '04', '::1', '2013-09-22 16:16:40');
INSERT INTO `master_session` VALUES ('1664', '02', '::1', '2013-09-22 16:33:32');
INSERT INTO `master_session` VALUES ('1665', '04', '::1', '2013-09-22 16:34:04');
INSERT INTO `master_session` VALUES ('1666', '06', '::1', '2013-09-22 16:36:29');
INSERT INTO `master_session` VALUES ('1667', '06', '::1', '2013-09-22 16:38:02');
INSERT INTO `master_session` VALUES ('1668', '04', '::1', '2013-09-22 16:56:01');
INSERT INTO `master_session` VALUES ('1669', '02', '::1', '2013-09-22 17:08:27');
INSERT INTO `master_session` VALUES ('1670', '04', '::1', '2013-09-22 17:09:21');
INSERT INTO `master_session` VALUES ('1671', '03', '::1', '2013-09-22 17:09:53');
INSERT INTO `master_session` VALUES ('1672', '04', '::1', '2013-09-22 17:11:22');
INSERT INTO `master_session` VALUES ('1673', '02', '::1', '2013-09-22 17:17:20');
INSERT INTO `master_session` VALUES ('1674', '04', '::1', '2013-09-23 10:07:29');
INSERT INTO `master_session` VALUES ('1675', '06', '::1', '2013-09-23 10:07:40');
INSERT INTO `master_session` VALUES ('1676', '06', '::1', '2013-09-23 10:16:24');
INSERT INTO `master_session` VALUES ('1677', '06', '::1', '2013-09-23 10:17:53');
INSERT INTO `master_session` VALUES ('1678', '05', '::1', '2013-09-23 10:18:24');
INSERT INTO `master_session` VALUES ('1679', '05', '::1', '2013-09-23 10:18:49');
INSERT INTO `master_session` VALUES ('1680', '05', '::1', '2013-09-23 10:21:04');
INSERT INTO `master_session` VALUES ('1681', '07', '::1', '2013-09-23 10:23:25');
INSERT INTO `master_session` VALUES ('1682', '04', '::1', '2013-09-23 10:28:14');
INSERT INTO `master_session` VALUES ('1683', '04', '::1', '2013-09-23 10:30:15');
INSERT INTO `master_session` VALUES ('1684', '04', '::1', '2013-09-23 10:30:36');
INSERT INTO `master_session` VALUES ('1685', '02', '::1', '2013-09-23 10:45:46');
INSERT INTO `master_session` VALUES ('1686', '03', '::1', '2013-09-23 10:49:06');
INSERT INTO `master_session` VALUES ('1687', '04', '::1', '2013-09-23 10:51:29');
INSERT INTO `master_session` VALUES ('1688', '05', '::1', '2013-09-23 10:53:01');
INSERT INTO `master_session` VALUES ('1689', '05', '::1', '2013-09-23 11:03:26');
INSERT INTO `master_session` VALUES ('1690', '07', '::1', '2013-09-23 11:04:04');
INSERT INTO `master_session` VALUES ('1691', '05', '::1', '2013-09-23 11:04:58');
INSERT INTO `master_session` VALUES ('1692', '04', '::1', '2013-09-23 11:07:48');
INSERT INTO `master_session` VALUES ('1693', '06', '::1', '2013-09-23 11:08:28');
INSERT INTO `master_session` VALUES ('1694', '06', '::1', '2013-09-23 11:10:15');
INSERT INTO `master_session` VALUES ('1695', '04', '::1', '2013-09-23 11:13:50');
INSERT INTO `master_session` VALUES ('1696', '05', '::1', '2013-09-23 11:17:56');
INSERT INTO `master_session` VALUES ('1697', '04', '::1', '2013-09-23 11:31:47');
INSERT INTO `master_session` VALUES ('1698', '04', '::1', '2013-09-23 12:48:33');
INSERT INTO `master_session` VALUES ('1699', '02', '::1', '2013-09-23 13:39:55');
INSERT INTO `master_session` VALUES ('1700', '04', '::1', '2013-09-23 13:42:39');
INSERT INTO `master_session` VALUES ('1701', '03', '::1', '2013-09-23 13:43:02');
INSERT INTO `master_session` VALUES ('1702', '04', '::1', '2013-09-23 13:43:42');
INSERT INTO `master_session` VALUES ('1703', '02', '::1', '2013-09-23 16:01:27');
INSERT INTO `master_session` VALUES ('1704', '03', '::1', '2013-09-23 16:03:05');
INSERT INTO `master_session` VALUES ('1705', '05', '::1', '2013-09-23 16:04:21');
INSERT INTO `master_session` VALUES ('1706', '06', '::1', '2013-09-23 16:04:36');
INSERT INTO `master_session` VALUES ('1707', '07', '::1', '2013-09-23 16:04:49');
INSERT INTO `master_session` VALUES ('1708', '05', '::1', '2013-09-23 16:05:03');
INSERT INTO `master_session` VALUES ('1709', '02', '::1', '2013-09-23 16:12:56');
INSERT INTO `master_session` VALUES ('1710', '04', '::1', '2013-09-23 16:29:59');
INSERT INTO `master_session` VALUES ('1711', '03', '::1', '2013-09-23 16:44:43');
INSERT INTO `master_session` VALUES ('1712', '03', '::1', '2013-09-23 16:46:51');
INSERT INTO `master_session` VALUES ('1713', '02', '::1', '2013-09-23 16:47:01');
INSERT INTO `master_session` VALUES ('1714', '03', '::1', '2013-09-23 16:47:49');
INSERT INTO `master_session` VALUES ('1715', '04', '::1', '2013-09-23 16:49:24');
INSERT INTO `master_session` VALUES ('1716', '05', '::1', '2013-09-23 16:50:08');
INSERT INTO `master_session` VALUES ('1717', '06', '::1', '2013-09-23 16:50:35');
INSERT INTO `master_session` VALUES ('1718', '07', '::1', '2013-09-23 16:50:49');
INSERT INTO `master_session` VALUES ('1719', '04', '::1', '2013-09-23 16:51:03');
INSERT INTO `master_session` VALUES ('1720', '03', '::1', '2013-09-23 16:51:20');
INSERT INTO `master_session` VALUES ('1721', '05', '::1', '2013-09-23 16:52:05');
INSERT INTO `master_session` VALUES ('1722', '06', '::1', '2013-09-23 16:52:26');
INSERT INTO `master_session` VALUES ('1723', '02', '::1', '2013-09-23 16:53:29');
INSERT INTO `master_session` VALUES ('1724', '06', '::1', '2013-09-23 16:54:48');
INSERT INTO `master_session` VALUES ('1725', '05', '::1', '2013-09-23 16:54:58');
INSERT INTO `master_session` VALUES ('1726', '02', '::1', '2013-09-23 17:41:22');
INSERT INTO `master_session` VALUES ('1727', '05', '::1', '2013-09-23 17:43:23');
INSERT INTO `master_session` VALUES ('1728', '04', '::1', '2013-09-24 09:53:56');
INSERT INTO `master_session` VALUES ('1729', '05', '::1', '2013-09-24 09:54:50');
INSERT INTO `master_session` VALUES ('1730', '06', '::1', '2013-09-24 09:58:02');
INSERT INTO `master_session` VALUES ('1731', '04', '::1', '2013-09-24 10:00:04');
INSERT INTO `master_session` VALUES ('1732', '02', '::1', '2013-09-24 10:01:23');
INSERT INTO `master_session` VALUES ('1733', '03', '::1', '2013-09-24 13:06:44');
INSERT INTO `master_session` VALUES ('1734', '05', '::1', '2013-09-24 13:08:06');
INSERT INTO `master_session` VALUES ('1735', '06', '::1', '2013-09-24 13:23:01');
INSERT INTO `master_session` VALUES ('1736', '07', '::1', '2013-09-24 13:23:17');
INSERT INTO `master_session` VALUES ('1737', '02', '::1', '2013-09-24 14:07:04');
INSERT INTO `master_session` VALUES ('1738', '03', '::1', '2013-09-24 14:08:58');
INSERT INTO `master_session` VALUES ('1739', '06', '::1', '2013-09-24 14:10:51');
INSERT INTO `master_session` VALUES ('1740', '10', '::1', '2013-09-24 14:14:02');
INSERT INTO `master_session` VALUES ('1741', '10', '::1', '2013-09-24 14:16:18');
INSERT INTO `master_session` VALUES ('1742', '04', '::1', '2013-09-24 14:18:41');
INSERT INTO `master_session` VALUES ('1743', '02', '::1', '2013-09-24 14:21:12');
INSERT INTO `master_session` VALUES ('1744', '03', '::1', '2013-09-24 14:22:12');
INSERT INTO `master_session` VALUES ('1745', '10', '::1', '2013-09-24 14:29:38');
INSERT INTO `master_session` VALUES ('1746', '11', '::1', '2013-09-24 14:29:51');
INSERT INTO `master_session` VALUES ('1747', '10', '::1', '2013-09-24 14:30:38');
INSERT INTO `master_session` VALUES ('1748', '02', '::1', '2013-09-24 14:54:15');
INSERT INTO `master_session` VALUES ('1749', '12', '::1', '2013-09-24 15:08:40');
INSERT INTO `master_session` VALUES ('1750', '12', '::1', '2013-09-24 15:32:41');
INSERT INTO `master_session` VALUES ('1751', '02', '::1', '2013-09-24 15:58:56');
INSERT INTO `master_session` VALUES ('1752', '12', '::1', '2013-09-24 16:00:03');
INSERT INTO `master_session` VALUES ('1753', '02', '::1', '2013-09-24 16:01:20');
INSERT INTO `master_session` VALUES ('1754', '04', '::1', '2013-09-24 16:06:30');
INSERT INTO `master_session` VALUES ('1755', '02', '::1', '2013-09-24 16:08:04');
INSERT INTO `master_session` VALUES ('1756', '03', '::1', '2013-09-24 16:08:50');
INSERT INTO `master_session` VALUES ('1757', '10', '::1', '2013-09-24 16:09:40');
INSERT INTO `master_session` VALUES ('1758', '11', '::1', '2013-09-24 16:09:58');
INSERT INTO `master_session` VALUES ('1759', '12', '::1', '2013-09-24 16:13:47');
INSERT INTO `master_session` VALUES ('1760', '02', '::1', '2013-09-24 16:15:39');
INSERT INTO `master_session` VALUES ('1761', '03', '::1', '2013-09-24 16:37:46');
INSERT INTO `master_session` VALUES ('1762', '10', '::1', '2013-09-24 16:39:42');
INSERT INTO `master_session` VALUES ('1763', '11', '::1', '2013-09-24 16:40:38');
INSERT INTO `master_session` VALUES ('1764', '10', '::1', '2013-09-24 16:41:06');
INSERT INTO `master_session` VALUES ('1765', '12', '::1', '2013-09-24 16:48:05');
INSERT INTO `master_session` VALUES ('1766', '02', '::1', '2013-09-24 16:57:30');
INSERT INTO `master_session` VALUES ('1767', '04', '::1', '2013-09-25 10:09:38');
INSERT INTO `master_session` VALUES ('1768', '02', '::1', '2013-09-25 10:17:28');
INSERT INTO `master_session` VALUES ('1769', '03', '::1', '2013-09-25 10:38:57');
INSERT INTO `master_session` VALUES ('1770', '05', '::1', '2013-09-25 10:40:58');
INSERT INTO `master_session` VALUES ('1771', '06', '::1', '2013-09-25 10:41:23');
INSERT INTO `master_session` VALUES ('1772', '10', '::1', '2013-09-25 10:41:57');
INSERT INTO `master_session` VALUES ('1773', '11', '::1', '2013-09-25 10:57:48');
INSERT INTO `master_session` VALUES ('1774', '12', '::1', '2013-09-25 10:58:09');
INSERT INTO `master_session` VALUES ('1775', '04', '::1', '2013-09-25 11:10:40');
INSERT INTO `master_session` VALUES ('1776', '02', '::1', '2013-09-25 11:11:33');
INSERT INTO `master_session` VALUES ('1777', '06', '::1', '2013-09-25 11:12:19');
INSERT INTO `master_session` VALUES ('1778', '02', '::1', '2013-09-25 12:34:20');
INSERT INTO `master_session` VALUES ('1779', '03', '::1', '2013-09-25 12:35:32');
INSERT INTO `master_session` VALUES ('1780', '10', '::1', '2013-09-25 14:39:27');
INSERT INTO `master_session` VALUES ('1781', '11', '::1', '2013-09-25 14:50:17');
INSERT INTO `master_session` VALUES ('1782', '12', '::1', '2013-09-25 14:50:28');
INSERT INTO `master_session` VALUES ('1783', '04', '::1', '2013-09-25 14:54:40');
INSERT INTO `master_session` VALUES ('1784', '11', '::1', '2013-09-25 14:56:09');
INSERT INTO `master_session` VALUES ('1785', '12', '::1', '2013-09-25 15:00:04');
INSERT INTO `master_session` VALUES ('1786', '04', '::1', '2013-09-25 15:02:43');
INSERT INTO `master_session` VALUES ('1787', '11', '::1', '2013-09-25 15:12:05');
INSERT INTO `master_session` VALUES ('1788', '12', '::1', '2013-09-25 15:27:32');
INSERT INTO `master_session` VALUES ('1789', '12', '::1', '2013-09-26 10:29:33');
INSERT INTO `master_session` VALUES ('1790', '11', '::1', '2013-09-26 12:44:40');
INSERT INTO `master_session` VALUES ('1791', '12', '::1', '2013-09-26 12:52:39');
INSERT INTO `master_session` VALUES ('1792', '11', '::1', '2013-09-26 12:53:56');
INSERT INTO `master_session` VALUES ('1793', '10', '::1', '2013-09-26 12:54:18');
INSERT INTO `master_session` VALUES ('1794', '04', '::1', '2013-09-26 12:59:07');
INSERT INTO `master_session` VALUES ('1795', '02', '::1', '2013-09-26 13:02:04');
INSERT INTO `master_session` VALUES ('1796', '03', '::1', '2013-09-26 13:03:17');
INSERT INTO `master_session` VALUES ('1797', '10', '::1', '2013-09-26 13:04:11');
INSERT INTO `master_session` VALUES ('1798', '11', '::1', '2013-09-26 13:07:39');
INSERT INTO `master_session` VALUES ('1799', '10', '::1', '2013-09-26 13:07:52');
INSERT INTO `master_session` VALUES ('1800', '12', '::1', '2013-09-26 13:08:08');
INSERT INTO `master_session` VALUES ('1801', '02', '::1', '2013-09-26 13:09:51');
INSERT INTO `master_session` VALUES ('1802', '03', '::1', '2013-09-26 13:12:29');
INSERT INTO `master_session` VALUES ('1803', '04', '::1', '2013-09-26 13:13:02');
INSERT INTO `master_session` VALUES ('1804', '06', '::1', '2013-09-26 13:13:53');
INSERT INTO `master_session` VALUES ('1805', '11', '::1', '2013-09-28 10:52:27');
INSERT INTO `master_session` VALUES ('1806', '10', '::1', '2013-09-28 10:52:54');
INSERT INTO `master_session` VALUES ('1807', '03', '::1', '2013-09-28 10:53:20');
INSERT INTO `master_session` VALUES ('1808', '05', '::1', '2013-09-28 10:59:40');
INSERT INTO `master_session` VALUES ('1809', '04', '::1', '2013-09-28 11:04:47');
INSERT INTO `master_session` VALUES ('1810', '04', '::1', '2013-09-28 11:06:02');
INSERT INTO `master_session` VALUES ('1811', '02', '::1', '2013-09-28 11:06:36');
INSERT INTO `master_session` VALUES ('1812', '03', '::1', '2013-09-28 11:07:16');
INSERT INTO `master_session` VALUES ('1813', '05', '::1', '2013-09-28 11:08:22');
INSERT INTO `master_session` VALUES ('1814', '04', '::1', '2013-09-28 11:13:17');
INSERT INTO `master_session` VALUES ('1815', '02', '::1', '2013-09-28 11:14:18');
INSERT INTO `master_session` VALUES ('1816', '03', '::1', '2013-09-28 11:15:02');
INSERT INTO `master_session` VALUES ('1817', '04', '::1', '2013-09-28 11:17:05');
INSERT INTO `master_session` VALUES ('1818', '02', '::1', '2013-09-28 11:17:30');
INSERT INTO `master_session` VALUES ('1819', '03', '::1', '2013-09-28 11:19:36');
INSERT INTO `master_session` VALUES ('1820', '05', '::1', '2013-09-28 11:20:19');
INSERT INTO `master_session` VALUES ('1821', '13', '::1', '2013-09-28 11:22:30');
INSERT INTO `master_session` VALUES ('1822', '05', '::1', '2013-09-28 11:23:16');
INSERT INTO `master_session` VALUES ('1823', '13', '::1', '2013-09-28 11:29:14');
INSERT INTO `master_session` VALUES ('1824', '10', '::1', '2013-09-28 11:29:48');
INSERT INTO `master_session` VALUES ('1825', '12', '::1', '2013-09-28 11:45:52');
INSERT INTO `master_session` VALUES ('1826', '10', '::1', '2013-09-28 11:47:01');
INSERT INTO `master_session` VALUES ('1827', '02', '::1', '2013-09-28 12:39:40');
INSERT INTO `master_session` VALUES ('1828', '04', '::1', '2013-09-28 12:40:52');
INSERT INTO `master_session` VALUES ('1829', '03', '::1', '2013-09-28 12:42:58');
INSERT INTO `master_session` VALUES ('1830', '05', '::1', '2013-09-28 12:44:00');
INSERT INTO `master_session` VALUES ('1831', '13', '::1', '2013-09-28 12:44:48');
INSERT INTO `master_session` VALUES ('1832', '11', '::1', '2013-09-28 12:45:32');
INSERT INTO `master_session` VALUES ('1833', '03', '::1', '2013-09-28 12:59:04');
INSERT INTO `master_session` VALUES ('1834', '11', '::1', '2013-09-28 13:00:14');
INSERT INTO `master_session` VALUES ('1835', '05', '::1', '2013-09-28 13:02:17');
INSERT INTO `master_session` VALUES ('1836', '13', '::1', '2013-09-28 13:04:03');
INSERT INTO `master_session` VALUES ('1837', '11', '::1', '2013-09-28 13:04:54');
INSERT INTO `master_session` VALUES ('1838', '12', '::1', '2013-09-28 13:07:40');
INSERT INTO `master_session` VALUES ('1839', '10', '::1', '2013-09-28 13:07:53');
INSERT INTO `master_session` VALUES ('1840', '03', '::1', '2013-09-28 13:08:18');
INSERT INTO `master_session` VALUES ('1841', '05', '::1', '2013-09-28 13:47:32');
INSERT INTO `master_session` VALUES ('1842', '13', '::1', '2013-09-28 13:48:15');
INSERT INTO `master_session` VALUES ('1843', '11', '::1', '2013-09-28 13:49:13');
INSERT INTO `master_session` VALUES ('1844', '10', '::1', '2013-09-28 13:53:30');
INSERT INTO `master_session` VALUES ('1845', '04', '::1', '2013-09-28 14:16:28');
INSERT INTO `master_session` VALUES ('1846', '02', '::1', '2013-09-28 14:17:23');
INSERT INTO `master_session` VALUES ('1847', '03', '::1', '2013-09-28 14:18:58');
INSERT INTO `master_session` VALUES ('1848', '05', '::1', '2013-09-28 14:19:44');
INSERT INTO `master_session` VALUES ('1849', '13', '::1', '2013-09-28 14:20:16');
INSERT INTO `master_session` VALUES ('1850', '11', '::1', '2013-09-28 14:20:53');
INSERT INTO `master_session` VALUES ('1851', '10', '::1', '2013-09-28 14:23:47');
INSERT INTO `master_session` VALUES ('1852', '14', '::1', '2013-09-28 14:28:20');
INSERT INTO `master_session` VALUES ('1853', '15', '::1', '2013-09-28 14:29:45');
INSERT INTO `master_session` VALUES ('1854', '10', '::1', '2013-09-28 14:30:13');
INSERT INTO `master_session` VALUES ('1855', '14', '::1', '2013-09-28 14:35:09');
INSERT INTO `master_session` VALUES ('1856', '10', '::1', '2013-09-28 14:36:02');
INSERT INTO `master_session` VALUES ('1857', '14', '::1', '2013-09-28 14:37:27');
INSERT INTO `master_session` VALUES ('1858', '05', '::1', '2013-09-28 14:40:54');
INSERT INTO `master_session` VALUES ('1859', '10', '::1', '2013-09-28 14:41:03');
INSERT INTO `master_session` VALUES ('1860', '14', '::1', '2013-09-28 14:50:26');
INSERT INTO `master_session` VALUES ('1861', '10', '::1', '2013-09-28 14:51:03');
INSERT INTO `master_session` VALUES ('1862', '14', '::1', '2013-09-28 14:52:15');
INSERT INTO `master_session` VALUES ('1863', '15', '::1', '2013-09-28 14:52:50');
INSERT INTO `master_session` VALUES ('1864', '16', '::1', '2013-09-28 14:53:15');
INSERT INTO `master_session` VALUES ('1865', '17', '::1', '2013-09-28 14:56:24');
INSERT INTO `master_session` VALUES ('1866', '04', '::1', '2013-09-28 15:52:53');
INSERT INTO `master_session` VALUES ('1867', '04', '::1', '2013-09-28 17:39:10');
INSERT INTO `master_session` VALUES ('1868', '02', '::1', '2013-09-28 18:16:28');
INSERT INTO `master_session` VALUES ('1869', '03', '::1', '2013-09-28 18:19:21');
INSERT INTO `master_session` VALUES ('1870', '05', '::1', '2013-09-28 18:20:36');
INSERT INTO `master_session` VALUES ('1871', '13', '::1', '2013-09-28 18:22:28');
INSERT INTO `master_session` VALUES ('1872', '10', '::1', '2013-09-28 18:24:46');
INSERT INTO `master_session` VALUES ('1873', '14', '::1', '2013-09-28 18:46:03');
INSERT INTO `master_session` VALUES ('1874', '15', '::1', '2013-09-28 18:49:04');
INSERT INTO `master_session` VALUES ('1875', '16', '::1', '2013-09-28 18:51:17');
INSERT INTO `master_session` VALUES ('1876', '17', '::1', '2013-09-28 18:52:30');
INSERT INTO `master_session` VALUES ('1877', '02', '::1', '2013-09-28 18:53:11');
INSERT INTO `master_session` VALUES ('1878', '03', '::1', '2013-09-28 18:54:18');
INSERT INTO `master_session` VALUES ('1879', '04', '::1', '2013-09-28 18:55:15');
INSERT INTO `master_session` VALUES ('1880', '02', '::1', '2013-09-28 18:55:59');
INSERT INTO `master_session` VALUES ('1881', '04', '::1', '2013-09-28 18:56:46');
INSERT INTO `master_session` VALUES ('1882', '02', '::1', '2013-09-28 19:00:24');
INSERT INTO `master_session` VALUES ('1883', '15', '::1', '2013-09-28 19:01:51');
INSERT INTO `master_session` VALUES ('1884', '02', '::1', '2013-09-28 23:29:52');
INSERT INTO `master_session` VALUES ('1885', '02', '::1', '2013-09-29 10:00:19');
INSERT INTO `master_session` VALUES ('1886', '10', '::1', '2013-09-29 10:09:04');
INSERT INTO `master_session` VALUES ('1887', '04', '::1', '2013-09-29 15:31:59');
INSERT INTO `master_session` VALUES ('1888', '04', '::1', '2013-09-29 15:39:18');
INSERT INTO `master_session` VALUES ('1889', '02', '::1', '2013-09-29 15:52:22');
INSERT INTO `master_session` VALUES ('1890', '03', '::1', '2013-09-29 15:53:43');
INSERT INTO `master_session` VALUES ('1891', '05', '::1', '2013-09-29 15:55:11');
INSERT INTO `master_session` VALUES ('1892', '13', '::1', '2013-09-29 15:58:53');
INSERT INTO `master_session` VALUES ('1893', '10', '::1', '2013-09-29 16:24:25');
INSERT INTO `master_session` VALUES ('1894', '14', '::1', '2013-09-29 16:41:11');
INSERT INTO `master_session` VALUES ('1895', '15', '::1', '2013-09-29 16:42:09');
INSERT INTO `master_session` VALUES ('1896', '16', '::1', '2013-09-29 16:44:32');
INSERT INTO `master_session` VALUES ('1897', '17', '::1', '2013-09-29 16:45:28');
INSERT INTO `master_session` VALUES ('1898', '03', '::1', '2013-09-29 16:46:51');
INSERT INTO `master_session` VALUES ('1899', '04', '::1', '2013-09-29 16:47:31');
INSERT INTO `master_session` VALUES ('1900', '15', '::1', '2013-09-29 16:48:03');
INSERT INTO `master_session` VALUES ('1901', '04', '::1', '2013-09-30 12:15:02');
INSERT INTO `master_session` VALUES ('1902', '04', '::1', '2013-09-30 14:23:50');
INSERT INTO `master_session` VALUES ('1903', '04', '::1', '2013-09-30 15:21:43');
INSERT INTO `master_session` VALUES ('1904', '05', '::1', '2013-10-01 10:02:20');
INSERT INTO `master_session` VALUES ('1905', '10', '::1', '2013-10-01 10:03:08');
INSERT INTO `master_session` VALUES ('1906', '13', '::1', '2013-10-01 10:03:20');
INSERT INTO `master_session` VALUES ('1907', '14', '::1', '2013-10-01 10:03:32');
INSERT INTO `master_session` VALUES ('1908', '15', '::1', '2013-10-01 10:03:43');
INSERT INTO `master_session` VALUES ('1909', '04', '::1', '2013-10-02 09:23:11');
INSERT INTO `master_session` VALUES ('1910', '04', '::1', '2013-10-05 18:14:12');
INSERT INTO `master_session` VALUES ('1911', '05', '::1', '2013-10-05 18:17:18');
INSERT INTO `master_session` VALUES ('1912', '03', '::1', '2013-10-05 18:17:49');
INSERT INTO `master_session` VALUES ('1913', '04', '::1', '2013-10-05 18:18:14');
INSERT INTO `master_session` VALUES ('1914', '02', '::1', '2013-10-05 18:18:58');
INSERT INTO `master_session` VALUES ('1915', '03', '::1', '2013-10-05 18:20:12');
INSERT INTO `master_session` VALUES ('1916', '05', '::1', '2013-10-05 18:21:40');
INSERT INTO `master_session` VALUES ('1917', '13', '::1', '2013-10-05 18:33:52');
INSERT INTO `master_session` VALUES ('1918', '05', '::1', '2013-10-05 18:34:47');
INSERT INTO `master_session` VALUES ('1919', '13', '::1', '2013-10-05 18:35:36');
INSERT INTO `master_session` VALUES ('1920', '10', '::1', '2013-10-05 18:36:15');
INSERT INTO `master_session` VALUES ('1921', '14', '::1', '2013-10-05 18:37:21');
INSERT INTO `master_session` VALUES ('1922', '15', '::1', '2013-10-05 18:38:09');
INSERT INTO `master_session` VALUES ('1923', '16', '::1', '2013-10-05 18:38:50');
INSERT INTO `master_session` VALUES ('1924', '17', '::1', '2013-10-05 18:39:30');
INSERT INTO `master_session` VALUES ('1925', '05', '::1', '2013-10-05 18:40:03');
INSERT INTO `master_session` VALUES ('1926', '03', '::1', '2013-10-05 18:40:39');
INSERT INTO `master_session` VALUES ('1927', '02', '::1', '2013-10-05 18:41:06');
INSERT INTO `master_session` VALUES ('1928', '05', '::1', '2013-10-05 18:41:20');
INSERT INTO `master_session` VALUES ('1929', '02', '::1', '2013-10-05 21:35:57');
INSERT INTO `master_session` VALUES ('1930', '02', '::1', '2013-10-21 10:42:30');
INSERT INTO `master_session` VALUES ('1931', '04', '::1', '2013-10-21 10:42:55');
INSERT INTO `master_session` VALUES ('1932', '01', '::1', '2013-10-21 10:43:10');
INSERT INTO `master_session` VALUES ('1933', '01', '::1', '2013-10-21 11:51:24');
INSERT INTO `master_session` VALUES ('1934', '02', '::1', '2013-10-21 12:30:46');
INSERT INTO `master_session` VALUES ('1935', '01', '::1', '2013-10-22 10:05:54');
INSERT INTO `master_session` VALUES ('1936', '02', '::1', '2013-10-22 10:08:03');
INSERT INTO `master_session` VALUES ('1937', '03', '::1', '2013-10-22 10:11:38');
INSERT INTO `master_session` VALUES ('1938', '10', '::1', '2013-10-22 10:12:38');
INSERT INTO `master_session` VALUES ('1939', '11', '::1', '2013-10-22 10:13:00');
INSERT INTO `master_session` VALUES ('1940', 'gad', '::1', '2013-10-22 10:32:52');
INSERT INTO `master_session` VALUES ('1941', '15', '::1', '2013-10-22 10:43:01');
INSERT INTO `master_session` VALUES ('1942', 'gad', '::1', '2013-10-22 10:44:08');
INSERT INTO `master_session` VALUES ('1943', '15', '::1', '2013-10-22 10:47:20');
INSERT INTO `master_session` VALUES ('1944', '14', '::1', '2013-10-22 10:51:50');
INSERT INTO `master_session` VALUES ('1945', '15', '::1', '2013-10-22 10:52:33');
INSERT INTO `master_session` VALUES ('1946', '16', '::1', '2013-10-22 10:53:27');
INSERT INTO `master_session` VALUES ('1947', '17', '::1', '2013-10-22 10:54:04');
INSERT INTO `master_session` VALUES ('1948', 'gad', '::1', '2013-10-22 10:58:57');
INSERT INTO `master_session` VALUES ('1949', '15', '::1', '2013-10-22 11:59:18');
INSERT INTO `master_session` VALUES ('1950', '04', '::1', '2013-10-24 10:46:04');
INSERT INTO `master_session` VALUES ('1951', '02', '::1', '2013-10-24 11:30:33');
INSERT INTO `master_session` VALUES ('1952', '03', '::1', '2013-10-24 11:38:21');
INSERT INTO `master_session` VALUES ('1953', '05', '::1', '2013-10-24 11:39:29');
INSERT INTO `master_session` VALUES ('1954', '05', '::1', '2013-10-24 11:53:49');
INSERT INTO `master_session` VALUES ('1955', '05', '::1', '2013-10-24 11:54:04');
INSERT INTO `master_session` VALUES ('1956', '13', '::1', '2013-10-24 11:55:38');
INSERT INTO `master_session` VALUES ('1957', '10', '::1', '2013-10-24 11:55:56');
INSERT INTO `master_session` VALUES ('1958', '11', '::1', '2013-10-24 11:56:25');
INSERT INTO `master_session` VALUES ('1959', '13', '::1', '2013-10-24 11:57:24');
INSERT INTO `master_session` VALUES ('1960', '06', '::1', '2013-10-24 11:59:58');
INSERT INTO `master_session` VALUES ('1961', '07', '::1', '2013-10-24 12:00:21');
INSERT INTO `master_session` VALUES ('1962', '08', '::1', '2013-10-24 12:00:37');
INSERT INTO `master_session` VALUES ('1963', '15', '::1', '2013-10-24 12:03:51');
INSERT INTO `master_session` VALUES ('1964', '16', '::1', '2013-10-24 12:04:44');
INSERT INTO `master_session` VALUES ('1965', '17', '::1', '2013-10-24 12:05:12');
INSERT INTO `master_session` VALUES ('1966', '02', '::1', '2013-10-24 12:14:52');
INSERT INTO `master_session` VALUES ('1967', '22', '::1', '2013-10-24 12:34:25');
INSERT INTO `master_session` VALUES ('1968', '23', '::1', '2013-10-24 12:37:54');
INSERT INTO `master_session` VALUES ('1969', '24', '::1', '2013-10-24 12:40:26');
INSERT INTO `master_session` VALUES ('1970', '05', '::1', '2013-10-24 14:08:54');
INSERT INTO `master_session` VALUES ('1971', '13', '::1', '2013-10-24 14:19:46');
INSERT INTO `master_session` VALUES ('1972', '08', '::1', '2013-10-24 14:20:00');
INSERT INTO `master_session` VALUES ('1973', '10', '::1', '2013-10-24 14:20:34');
INSERT INTO `master_session` VALUES ('1974', '11', '::1', '2013-10-24 14:20:55');
INSERT INTO `master_session` VALUES ('1975', '14', '::1', '2013-10-24 14:21:11');
INSERT INTO `master_session` VALUES ('1976', '15', '::1', '2013-10-24 14:21:52');
INSERT INTO `master_session` VALUES ('1977', '16', '::1', '2013-10-24 14:22:21');
INSERT INTO `master_session` VALUES ('1978', '17', '::1', '2013-10-24 14:22:47');
INSERT INTO `master_session` VALUES ('1979', '05', '::1', '2013-10-24 14:23:32');
INSERT INTO `master_session` VALUES ('1980', '05', '::1', '2013-10-24 14:23:52');
INSERT INTO `master_session` VALUES ('1981', '24', '::1', '2013-10-24 14:24:04');
INSERT INTO `master_session` VALUES ('1982', '22', '::1', '2013-10-24 14:24:47');
INSERT INTO `master_session` VALUES ('1983', '23', '::1', '2013-10-24 14:25:24');
INSERT INTO `master_session` VALUES ('1984', '05', '::1', '2013-10-24 15:03:22');
INSERT INTO `master_session` VALUES ('1985', '04', '::1', '2013-10-26 10:36:29');
INSERT INTO `master_session` VALUES ('1986', '15', '::1', '2013-10-26 10:41:23');

-- ----------------------------
-- Table structure for `master_user`
-- ----------------------------
DROP TABLE IF EXISTS `master_user`;
CREATE TABLE `master_user` (
  `USER_NAME` varchar(16) NOT NULL DEFAULT '',
  `USER_TYPE_ID` int(2) DEFAULT NULL,
  `USER_PASS` varchar(32) DEFAULT NULL,
  `EMPLOYEE_ID` int(10) DEFAULT NULL,
  `USER_LEVEL_ID` int(11) NOT NULL,
  `ROUTE_ID` int(11) DEFAULT NULL,
  `CREATED_BY` varchar(50) DEFAULT NULL,
  `CREATED_DATE` datetime DEFAULT NULL,
  `MODIFY_BY` varchar(50) DEFAULT NULL,
  `MODIFY_DATE` datetime DEFAULT NULL,
  PRIMARY KEY (`USER_NAME`),
  KEY `EMPLOYEE_ID` (`EMPLOYEE_ID`),
  CONSTRAINT `master_user_ibfk_1` FOREIGN KEY (`EMPLOYEE_ID`) REFERENCES `employee` (`EMPLOYEE_ID`) ON UPDATE NO ACTION
) ENGINE=InnoDB DEFAULT CHARSET=utf8;

-- ----------------------------
-- Records of master_user
-- ----------------------------
INSERT INTO `master_user` VALUES ('01', null, '96a3be3cf272e017046d1b2674a52bd3', '18', '1', '1', '', '2013-07-30 14:27:01', null, null);
INSERT INTO `master_user` VALUES ('02', null, 'a2ef406e2c2351e0b9e80029c909242d', '19', '2', '5', '', '2013-09-05 13:01:00', '', '2013-09-18 15:01:57');
INSERT INTO `master_user` VALUES ('03', null, 'e45ee7ce7e88149af8dd32b27f9512ce', '20', '2', '1', '', '2013-09-05 13:01:40', null, null);
INSERT INTO `master_user` VALUES ('04', null, '7d0665438e81d8eceb98c1e31fca80c1', '21', '7', '0', '', '2013-09-07 16:55:46', '', '2013-09-23 14:37:39');
INSERT INTO `master_user` VALUES ('05', null, '751d31dd6b56b26b29dac2c0e1839e34', '22', '7', '5', '', '2013-09-10 10:32:03', '', '2013-09-23 10:20:57');
INSERT INTO `master_user` VALUES ('06', null, 'faeac4e1eef307c2ab7b0a3821e6c667', '623', '10', '2', '', '2013-09-10 14:47:10', '', '2013-09-23 11:10:03');
INSERT INTO `master_user` VALUES ('07', null, 'd72d187df41e10ea7d9fcdc7f5909205', '625', '8', '5', '', '2013-09-23 10:23:13', null, null);
INSERT INTO `master_user` VALUES ('08', null, 'fad6f4e614a212e80c67249a666d2b09', '624', '6', '2', '', '2013-09-19 17:20:16', '', '2013-09-19 17:44:33');
INSERT INTO `master_user` VALUES ('10', null, 'd3d9446802a44259755d38e6d163e820', '626', '5', '5', '', '2013-09-24 14:13:49', null, null);
INSERT INTO `master_user` VALUES ('11', null, '6512bd43d9caa6e02c990b0a82652dca', '627', '5', '2', '', '2013-09-24 14:16:07', null, null);
INSERT INTO `master_user` VALUES ('12', null, 'c20ad4d76fe97759aa27a0c99bff6710', '628', '17', '0', '', '2013-09-24 15:08:28', null, null);
INSERT INTO `master_user` VALUES ('13', null, 'c51ce410c124a10e0db5e4b97fc2af39', '629', '8', '5', '', '2013-09-28 11:22:12', null, null);
INSERT INTO `master_user` VALUES ('14', null, 'aab3238922bcc25a6f606eb525ffdc56', '630', '6', '5', '', '2013-09-28 12:48:19', null, null);
INSERT INTO `master_user` VALUES ('15', null, '9bf31c7ff062936a96d3c8bd1f8f2ff3', '631', '17', '5', '', '2013-09-28 12:49:35', null, null);
INSERT INTO `master_user` VALUES ('16', null, 'c74d97b01eae257e44aa9d5bade97baf', '632', '25', '5', '', '2013-09-28 12:50:55', null, null);
INSERT INTO `master_user` VALUES ('17', null, '70efdf2ec9b086079795c442636b55fb', '633', '16', '5', '', '2013-09-28 12:51:48', null, null);
INSERT INTO `master_user` VALUES ('22', null, 'b6d767d2f8ed5d21a44b0e5886680cb9', '635', '11', '2', '', '2013-10-24 12:28:34', null, null);
INSERT INTO `master_user` VALUES ('23', null, '37693cfc748049e45d87b8c7d8b9aacd', '636', '14', '2', '', '2013-10-24 12:28:59', null, null);
INSERT INTO `master_user` VALUES ('24', null, '1ff1de774005f8da13f42943881c655f', '637', '10', '5', '', '2013-10-24 12:40:16', null, null);
INSERT INTO `master_user` VALUES ('admin', null, 'b3797e4dffd3e7373fe55603b2c312df', '1', '100', null, null, null, null, null);
INSERT INTO `master_user` VALUES ('fmd', null, '884f07a636ab15e780ded8fdd733d779', '614', '17', '5', '', '2013-09-10 14:54:34', null, null);
INSERT INTO `master_user` VALUES ('gad', null, '5cd1a2c6812a26f4af0bfe8eaf6422d7', '634', '5', '1', '', '2013-10-22 10:32:37', null, null);

-- ----------------------------
-- Table structure for `office_type`
-- ----------------------------
DROP TABLE IF EXISTS `office_type`;
CREATE TABLE `office_type` (
  `OFFICE_TYPE_ID` int(11) NOT NULL AUTO_INCREMENT,
  `OFFICE_NAME` varchar(100) CHARACTER SET latin1 COLLATE latin1_general_ci NOT NULL,
  PRIMARY KEY (`OFFICE_TYPE_ID`)
) ENGINE=InnoDB AUTO_INCREMENT=3 DEFAULT CHARSET=latin1;

-- ----------------------------
-- Records of office_type
-- ----------------------------
INSERT INTO `office_type` VALUES ('1', 'Department');
INSERT INTO `office_type` VALUES ('2', 'Branch');

-- ----------------------------
-- Table structure for `price_comparison`
-- ----------------------------
DROP TABLE IF EXISTS `price_comparison`;
CREATE TABLE `price_comparison` (
  `comparisonid` int(11) NOT NULL AUTO_INCREMENT,
  `comparative_code` int(11) NOT NULL,
  `orderid` varchar(100) DEFAULT NULL,
  `productid_` int(11) NOT NULL,
  `quantity` int(11) NOT NULL,
  `createby` varchar(50) DEFAULT NULL,
  `date` date NOT NULL,
  `PRESENT_LOCATION_ID` int(3) DEFAULT NULL,
  `USER_LEVEL_ID` int(3) NOT NULL,
  `status` int(11) DEFAULT NULL,
  `approved` int(11) NOT NULL,
  `poid` int(11) DEFAULT NULL,
  `prepared_by` int(11) DEFAULT NULL,
  `proposed_by` varchar(100) NOT NULL,
  `proposed_designation` varchar(100) NOT NULL,
  `proposed_name` varchar(100) NOT NULL,
  `reviewed_by` varchar(100) NOT NULL,
  `reviewed_designation` varchar(100) NOT NULL,
  `reviewed_name` varchar(100) NOT NULL,
  `chairman` varchar(100) NOT NULL,
  `chairman_designation` varchar(100) NOT NULL,
  `chairman_name` varchar(100) NOT NULL,
  `member1` varchar(100) NOT NULL,
  `member1_designation` varchar(100) NOT NULL,
  `member1_name` varchar(100) NOT NULL,
  `member2` varchar(100) NOT NULL,
  `member2_designation` varchar(100) NOT NULL,
  `member2_name` varchar(100) NOT NULL,
  `member_secretary` varchar(100) NOT NULL,
  `secretary_designation` varchar(100) NOT NULL,
  `member_secretary_name` varchar(100) NOT NULL,
  `procurement_member` varchar(100) NOT NULL,
  `procurement_member_designation` varchar(100) NOT NULL,
  `procurement_member_name` varchar(100) NOT NULL,
  `recommendation` text NOT NULL,
  `cancel_poid` int(11) DEFAULT NULL,
  `group_item` int(11) NOT NULL DEFAULT '0',
  PRIMARY KEY (`comparisonid`)
) ENGINE=MyISAM AUTO_INCREMENT=32 DEFAULT CHARSET=latin1;

-- ----------------------------
-- Records of price_comparison
-- ----------------------------
INSERT INTO `price_comparison` VALUES ('1', '0', null, '0', '0', '04', '2013-09-09', null, '7', '1', '0', null, null, '', '', '', '', '', '', '', '', '', '', '', '', '', '', '', '', '', '', '', '', '', 'cc', '0', '0');
INSERT INTO `price_comparison` VALUES ('2', '0', null, '0', '0', '04', '2013-09-09', null, '7', '2', '0', null, null, '', '', '', '', '', '', '', '', '', '', '', '', '', '', '', '', '', '', '', '', '', 'cc', '0', '0');
INSERT INTO `price_comparison` VALUES ('3', '0', null, '0', '0', '05', '2013-09-10', '0', '7', '2', '0', null, null, '', '', '', '', '', '', '', '', '', '', '', '', '', '', '', '', '', '', '', '', '', '', '0', '0');
INSERT INTO `price_comparison` VALUES ('4', '0', null, '0', '0', '04', '2013-09-10', '0', '7', '2', '0', null, null, '', '', '', '', '', '', '', '', '', '', '', '', '', '', '', '', '', '', '', '', '', '', '0', '0');
INSERT INTO `price_comparison` VALUES ('5', '7867878', null, '0', '0', '05', '2013-09-10', '0', '7', '2', '0', null, null, '01', 'Testing Master', 'MD', '02', '', '', '03', 'Division Head', 'MD', '04', 'Store Officer', 'MD', '', '', '', '', '', '', '', '', '', '<p>\r\n	fgfg</p>\r\n', '0', '0');
INSERT INTO `price_comparison` VALUES ('6', '0', null, '0', '0', '05', '2013-09-11', '0', '7', '2', '0', null, null, '', '', '', '', '', '', '', '', '', '', '', '', '', '', '', '', '', '', '', '', '', '', '0', '0');
INSERT INTO `price_comparison` VALUES ('7', '2013000007', null, '0', '0', '04', '2013-09-19', '0', '7', '2', '0', null, null, '', '', '', '', '', '', '', '', '', '', '', '', '', '', '', '', '', '', '', '', '', 'nn', '0', '0');
INSERT INTO `price_comparison` VALUES ('8', '2013000008', null, '0', '0', '04', '2013-09-22', '0', '7', '2', '0', null, null, '', '', '', '', '', '', '', '', '', '', '', '', '', '', '', '', '', '', '', '', '', '', '0', '0');
INSERT INTO `price_comparison` VALUES ('9', '2013000009', null, '0', '0', '04', '2013-09-23', '0', '7', '2', '0', null, null, '', '', '', '', '', '', '', '', '', '', '', '', '', '', '', '', '', '', '', '', '', 'ccccccccccccccccccccccccccccc', '0', '0');
INSERT INTO `price_comparison` VALUES ('10', '2013000010', null, '0', '0', '04', '2013-09-23', '0', '7', '2', '0', null, null, '', '', '', '', '', '', '', '', '', '', '', '', '', '', '', '', '', '', '', '', '', '', '0', '0');
INSERT INTO `price_comparison` VALUES ('11', '2013000011', null, '0', '0', '05', '2013-09-23', '0', '7', '2', '0', null, null, '', '', '', '', '', '', '', '', '', '', '', '', '', '', '', '', '', '', '', '', '', 'fffffffffffff', '0', '0');
INSERT INTO `price_comparison` VALUES ('12', '2013000012', null, '0', '0', '10', '2013-09-24', '0', '5', '2', '0', null, null, '', '', '', '', '', '', '', '', '', '', '', '', '', '', '', '', '', '', '', '', '', 'a', '0', '0');
INSERT INTO `price_comparison` VALUES ('13', '2013000013', null, '0', '0', '11', '2013-09-24', '0', '5', '2', '0', null, null, '', '', '', '', '', '', '', '', '', '', '', '', '', '', '', '', '', '', '', '', '', '', '0', '0');
INSERT INTO `price_comparison` VALUES ('14', '2013000014', null, '0', '0', '10', '2013-09-24', '0', '5', '2', '0', null, null, '', '', '', '', '', '', '', '', '', '', '', '', '', '', '', '', '', '', '', '', '', '', '0', '0');
INSERT INTO `price_comparison` VALUES ('15', '2013000015', null, '0', '0', '10', '2013-09-25', '0', '5', '2', '0', null, null, '03', 'Division Head', 'MD', '06', 'Comunication officer', 'Rajib', '', '', '', '', '', '', '', '', '', '', '', '', '', '', '', '<p>\r\n	jjjjjjjjjjjjjjjjjjjjjjjj</p>\r\n', '0', '0');
INSERT INTO `price_comparison` VALUES ('16', '2013000016', null, '0', '0', '10', '2013-09-25', '0', '5', '2', '0', null, null, '', '', '', '', '', '', '', '', '', '', '', '', '', '', '', '', '', '', '', '', '', '', '0', '0');
INSERT INTO `price_comparison` VALUES ('17', '2013000017', null, '0', '0', '11', '2013-09-25', '0', '5', '2', '0', null, null, '', '', '', '', '', '', '', '', '', '', '', '', '', '', '', '', '', '', '', '', '', '', '0', '0');
INSERT INTO `price_comparison` VALUES ('18', '2013000018', null, '0', '0', '11', '2013-09-25', '0', '5', '2', '0', null, null, '', '', '', '', '', '', '', '', '', '', '', '', '', '', '', '', '', '', '', '', '', '', '0', '0');
INSERT INTO `price_comparison` VALUES ('19', '2013000019', null, '0', '0', '11', '2013-09-26', '0', '5', '2', '0', null, null, '', '', '', '', '', '', '', '', '', '', '', '', '', '', '', '', '', '', '', '', '', 'vvvvvvvvvvvvvvvv', '0', '0');
INSERT INTO `price_comparison` VALUES ('20', '0', null, '0', '0', '10', '2013-09-26', '0', '5', '2', '0', null, null, '', '', '', '', '', '', '', '', '', '', '', '', '', '', '', '', '', '', '', '', '', '', '0', '0');
INSERT INTO `price_comparison` VALUES ('21', '2013000021', null, '0', '0', '10', '2013-09-26', '0', '5', '2', '0', null, null, '', '', '', '', '', '', '', '', '', '', '', '', '', '', '', '', '', '', '', '', '', 'ytytyty', '0', '0');
INSERT INTO `price_comparison` VALUES ('22', '2013000022', null, '0', '0', '10', '2013-09-28', '0', '5', '2', '0', null, null, '', '', '', '', '', '', '', '', '', '', '', '', '', '', '', '', '', '', '', '', '', '', '0', '0');
INSERT INTO `price_comparison` VALUES ('23', '2013000023', null, '0', '0', '10', '2013-09-28', '0', '5', '2', '0', null, null, '', '', '', '', '', '', '', '', '', '', '', '', '', '', '', '', '', '', '', '', '', 'ttttttttttttttttt', '0', '0');
INSERT INTO `price_comparison` VALUES ('24', '2013000024', null, '0', '0', '10', '2013-09-28', '0', '5', '2', '0', null, null, '', '', '', '', '', '', '', '', '', '', '', '', '', '', '', '', '', '', '', '', '', 'zz', '0', '0');
INSERT INTO `price_comparison` VALUES ('25', '2013000025', null, '0', '0', '10', '2013-09-28', '0', '5', '2', '0', null, null, '', '', '', '', '', '', '', '', '', '', '', '', '', '', '', '', '', '', '', '', '', 'ccccccccccccccccccccccccccccccc', '0', '0');
INSERT INTO `price_comparison` VALUES ('26', '2013000026', null, '0', '0', '10', '2013-09-29', '0', '5', '2', '0', null, null, '02', 'Dispatch officer', 'MD', '03', 'Division Head', 'MD', '04', 'Store Officer', 'MD', '06', 'Comunication officer', 'Rajib', '05', 'HR', 'MD', '10', 'Civil Officer', 'Muktadiur', '13', 'General Manager -007', 'Eaktadiur', '<p>\r\n	CS Create</p>\r\n', '0', '0');
INSERT INTO `price_comparison` VALUES ('27', '2013000027', null, '0', '0', '05', '2013-10-05', '0', '7', '2', '0', null, null, '', '', '', '', '', '', '', '', '', '', '', '', '', '', '', '', '', '', '', '', '', 'oyok', '0', '0');
INSERT INTO `price_comparison` VALUES ('28', '2013000028', null, '0', '0', 'gad', '2013-10-22', '0', '5', '2', '0', null, null, '', '', '', '', '', '', '', '', '', '', '', '', '', '', '', '', '', '', '', '', '', 'ccccccccccccccccccccccccccccccc', '0', '0');
INSERT INTO `price_comparison` VALUES ('29', '2013000029', null, '0', '0', '05', '2013-10-24', '0', '7', '2', '0', null, null, '', '', '', '', '', '', '', '', '', '', '', '', '', '', '', '', '', '', '', '', '', '05', '0', '0');
INSERT INTO `price_comparison` VALUES ('30', '2013000030', null, '0', '0', '05', '2013-10-24', '0', '7', '2', '0', null, null, '', '', '', '', '', '', '', '', '', '', '', '', '', '', '', '', '', '', '', '', '', '05', '0', '0');
INSERT INTO `price_comparison` VALUES ('31', '0', null, '0', '0', '05', '2013-10-24', '0', '7', '2', '0', null, null, '', '', '', '', '', '', '', '', '', '', '', '', '', '', '', '', '', '', '', '', '', '', '0', '0');

-- ----------------------------
-- Table structure for `price_comparison_condition`
-- ----------------------------
DROP TABLE IF EXISTS `price_comparison_condition`;
CREATE TABLE `price_comparison_condition` (
  `conditionid` int(11) NOT NULL AUTO_INCREMENT,
  `comparisonid` int(11) NOT NULL,
  `productid` int(11) DEFAULT NULL,
  `condition` varchar(100) NOT NULL,
  PRIMARY KEY (`conditionid`)
) ENGINE=MyISAM AUTO_INCREMENT=3 DEFAULT CHARSET=latin1;

-- ----------------------------
-- Records of price_comparison_condition
-- ----------------------------
INSERT INTO `price_comparison_condition` VALUES ('1', '5', '2762', 'A');
INSERT INTO `price_comparison_condition` VALUES ('2', '5', '2762', 'B');

-- ----------------------------
-- Table structure for `price_comparison_condition_details`
-- ----------------------------
DROP TABLE IF EXISTS `price_comparison_condition_details`;
CREATE TABLE `price_comparison_condition_details` (
  `comparisonid` int(11) NOT NULL,
  `supplier_id` int(11) NOT NULL,
  `conditionid` int(11) NOT NULL,
  `value` varchar(100) NOT NULL
) ENGINE=MyISAM DEFAULT CHARSET=latin1;

-- ----------------------------
-- Records of price_comparison_condition_details
-- ----------------------------
INSERT INTO `price_comparison_condition_details` VALUES ('5', '5', '1', 'g');
INSERT INTO `price_comparison_condition_details` VALUES ('5', '7', '1', 'gh');
INSERT INTO `price_comparison_condition_details` VALUES ('5', '5', '2', 'gh');
INSERT INTO `price_comparison_condition_details` VALUES ('5', '7', '2', 'h');

-- ----------------------------
-- Table structure for `price_comparison_details`
-- ----------------------------
DROP TABLE IF EXISTS `price_comparison_details`;
CREATE TABLE `price_comparison_details` (
  `detailsid` int(11) NOT NULL AUTO_INCREMENT,
  `poid` int(11) DEFAULT NULL,
  `comparison_id` int(11) NOT NULL,
  `supplier_id` int(11) NOT NULL,
  `productid` int(11) NOT NULL,
  `unite_price` decimal(20,2) NOT NULL,
  `quantity` int(11) NOT NULL,
  `position` int(11) DEFAULT NULL,
  `selected` int(11) DEFAULT NULL,
  `description` text NOT NULL,
  `sl` int(2) DEFAULT NULL,
  PRIMARY KEY (`detailsid`)
) ENGINE=MyISAM AUTO_INCREMENT=95 DEFAULT CHARSET=latin1;

-- ----------------------------
-- Records of price_comparison_details
-- ----------------------------
INSERT INTO `price_comparison_details` VALUES ('1', null, '1', '2', '1014', '3.00', '2', '2', null, '', '1');
INSERT INTO `price_comparison_details` VALUES ('2', null, '1', '3', '1014', '4.00', '2', '3', null, '', '2');
INSERT INTO `price_comparison_details` VALUES ('3', null, '2', '2', '1014', '3.00', '1', '3', null, '', '1');
INSERT INTO `price_comparison_details` VALUES ('4', null, '2', '3', '1014', '4.00', '1', '5', null, '', '2');
INSERT INTO `price_comparison_details` VALUES ('5', null, '3', '2', '1487', '77.00', '1', '2', '0', '', '1');
INSERT INTO `price_comparison_details` VALUES ('6', null, '3', '3', '1487', '55.00', '1', '2', '1', '', '2');
INSERT INTO `price_comparison_details` VALUES ('7', null, '4', '5', '1002', '3.00', '1', '2', '1', '', '1');
INSERT INTO `price_comparison_details` VALUES ('8', null, '4', '8', '1002', '99.00', '1', '6', '0', '', '2');
INSERT INTO `price_comparison_details` VALUES ('9', null, '4', '8', '1206', '4.00', '1', '6', '0', '', '2');
INSERT INTO `price_comparison_details` VALUES ('10', null, '4', '11', '1206', '5.00', '1', '2', '1', '', '3');
INSERT INTO `price_comparison_details` VALUES ('11', null, '5', '5', '2762', '8000.00', '5', '0', '0', '', '1');
INSERT INTO `price_comparison_details` VALUES ('12', null, '5', '7', '2762', '6000.00', '5', '0', '1', '', '3');
INSERT INTO `price_comparison_details` VALUES ('13', null, '6', '2', '1487', '77.00', '1', '1', '0', '', '1');
INSERT INTO `price_comparison_details` VALUES ('14', null, '6', '2', '2762', '44.00', '1', '1', '1', '', '1');
INSERT INTO `price_comparison_details` VALUES ('15', null, '6', '3', '1487', '55.00', '1', '2', '1', '', '2');
INSERT INTO `price_comparison_details` VALUES ('16', null, '6', '5', '2761', '35.00', '1', '18', '1', '', '3');
INSERT INTO `price_comparison_details` VALUES ('17', null, '6', '5', '2762', '8000.00', '1', '18', '0', '', '3');
INSERT INTO `price_comparison_details` VALUES ('18', null, '6', '6', '2761', '33.00', '1', '16', '0', '', '4');
INSERT INTO `price_comparison_details` VALUES ('19', null, '6', '7', '2762', '6000.00', '1', '11', '0', '', '5');
INSERT INTO `price_comparison_details` VALUES ('20', null, '7', '5', '1002', '3.00', '10', '2', '1', '', '1');
INSERT INTO `price_comparison_details` VALUES ('21', null, '7', '5', '1165', '33.00', '1', '2', '0', '', '1');
INSERT INTO `price_comparison_details` VALUES ('22', null, '7', '11', '1165', '55.00', '1', '3', '1', '', '3');
INSERT INTO `price_comparison_details` VALUES ('23', null, '8', '2', '1221', '12.00', '14', '1', '1', '', '1');
INSERT INTO `price_comparison_details` VALUES ('24', null, '8', '3', '1221', '23.00', '14', '2', '0', '', '2');
INSERT INTO `price_comparison_details` VALUES ('25', null, '9', '2', '1221', '12.00', '1', '1', '1', '', '1');
INSERT INTO `price_comparison_details` VALUES ('26', null, '9', '3', '1221', '23.00', '1', '2', '0', '', '2');
INSERT INTO `price_comparison_details` VALUES ('27', null, '10', '2', '1007', '55.00', '16', '1', '1', '', '1');
INSERT INTO `price_comparison_details` VALUES ('28', null, '10', '2', '1169', '888.00', '14', '1', '1', '', '1');
INSERT INTO `price_comparison_details` VALUES ('29', null, '10', '2', '1221', '12.00', '13', '1', '0', '', '1');
INSERT INTO `price_comparison_details` VALUES ('30', null, '10', '3', '1007', '66.00', '16', '2', '0', '', '2');
INSERT INTO `price_comparison_details` VALUES ('31', null, '10', '3', '1169', '77.00', '14', '2', '0', '', '2');
INSERT INTO `price_comparison_details` VALUES ('32', null, '10', '4', '1221', '88.00', '13', '4', '1', '', '3');
INSERT INTO `price_comparison_details` VALUES ('33', null, '11', '2', '2562', '400.00', '7', '1', '1', '', '1');
INSERT INTO `price_comparison_details` VALUES ('34', null, '11', '3', '2562', '500.00', '7', '2', '0', '', '2');
INSERT INTO `price_comparison_details` VALUES ('35', null, '12', '2', '2562', '400.00', '1', '1', '0', '', '1');
INSERT INTO `price_comparison_details` VALUES ('36', null, '12', '3', '2562', '500.00', '1', '2', '1', '', '2');
INSERT INTO `price_comparison_details` VALUES ('37', null, '13', '2', '1221', '12.00', '1', '1', '1', '', '1');
INSERT INTO `price_comparison_details` VALUES ('38', null, '13', '4', '1221', '88.00', '1', '2', '0', '', '3');
INSERT INTO `price_comparison_details` VALUES ('39', null, '14', '2', '2562', '400.00', '20', '2', '1', '', '1');
INSERT INTO `price_comparison_details` VALUES ('40', null, '14', '3', '2562', '500.00', '20', '3', '0', '', '2');
INSERT INTO `price_comparison_details` VALUES ('41', null, '15', '2', '2562', '400.00', '12', '1', '1', '', '1');
INSERT INTO `price_comparison_details` VALUES ('42', null, '15', '9', '2562', '800.00', '12', '2', '0', '', '3');
INSERT INTO `price_comparison_details` VALUES ('43', null, '15', '16', '2562', '90.00', '12', '3', '0', '', '4');
INSERT INTO `price_comparison_details` VALUES ('44', null, '16', '2', '2562', '400.00', '1', '3', '0', '', '1');
INSERT INTO `price_comparison_details` VALUES ('45', null, '16', '9', '2562', '800.00', '1', '6', '1', '', '3');
INSERT INTO `price_comparison_details` VALUES ('46', null, '16', '16', '2562', '90.00', '1', '6', '0', '', '4');
INSERT INTO `price_comparison_details` VALUES ('47', null, '17', '2', '1221', '12.00', '14', '1', '1', '', '1');
INSERT INTO `price_comparison_details` VALUES ('48', null, '17', '4', '1221', '88.00', '14', '2', '0', '', '3');
INSERT INTO `price_comparison_details` VALUES ('49', null, '18', '2', '1014', '3.00', '11', '1', '0', '', '1');
INSERT INTO `price_comparison_details` VALUES ('50', null, '18', '2', '1221', '12.00', '10', '1', '1', '', '1');
INSERT INTO `price_comparison_details` VALUES ('51', null, '18', '3', '1014', '4.00', '11', '2', '1', '', '2');
INSERT INTO `price_comparison_details` VALUES ('52', null, '18', '4', '1221', '88.00', '10', '5', '0', '', '3');
INSERT INTO `price_comparison_details` VALUES ('53', null, '18', '5', '1002', '3.00', '12', '1', '1', '', '4');
INSERT INTO `price_comparison_details` VALUES ('54', null, '19', '2', '1221', '12.00', '1', '1', '1', '', '1');
INSERT INTO `price_comparison_details` VALUES ('55', null, '19', '4', '1221', '88.00', '1', '2', '0', '', '3');
INSERT INTO `price_comparison_details` VALUES ('56', null, '19', '9', '1221', '22.00', '1', '3', '0', '', '6');
INSERT INTO `price_comparison_details` VALUES ('57', null, '20', '2', '2562', '400.00', '1', '1', '0', '', '1');
INSERT INTO `price_comparison_details` VALUES ('58', null, '20', '9', '2562', '800.00', '1', '2', '0', '', '3');
INSERT INTO `price_comparison_details` VALUES ('59', null, '20', '16', '2562', '90.00', '1', '3', '1', '', '4');
INSERT INTO `price_comparison_details` VALUES ('60', null, '21', '2', '2562', '400.00', '16', '1', '0', '', '1');
INSERT INTO `price_comparison_details` VALUES ('61', null, '21', '9', '2562', '800.00', '16', '2', '0', '', '3');
INSERT INTO `price_comparison_details` VALUES ('62', null, '21', '16', '2562', '90.00', '16', '3', '1', '', '4');
INSERT INTO `price_comparison_details` VALUES ('63', null, '22', '2', '2562', '400.00', '11', '1', '0', '', '1');
INSERT INTO `price_comparison_details` VALUES ('64', null, '22', '9', '2562', '800.00', '11', '2', '0', '', '3');
INSERT INTO `price_comparison_details` VALUES ('65', null, '22', '16', '2562', '90.00', '11', '3', '1', '', '4');
INSERT INTO `price_comparison_details` VALUES ('66', null, '23', '2', '2562', '400.00', '11', '1', '0', '', '1');
INSERT INTO `price_comparison_details` VALUES ('67', null, '23', '9', '2562', '800.00', '11', '2', '0', '', '3');
INSERT INTO `price_comparison_details` VALUES ('68', null, '23', '16', '2562', '90.00', '11', '3', '1', '', '4');
INSERT INTO `price_comparison_details` VALUES ('69', null, '24', '2', '2562', '400.00', '11', '1', '0', '', '1');
INSERT INTO `price_comparison_details` VALUES ('70', null, '24', '9', '2562', '800.00', '11', '2', '1', '', '3');
INSERT INTO `price_comparison_details` VALUES ('71', null, '24', '16', '2562', '90.00', '11', '3', '0', '', '4');
INSERT INTO `price_comparison_details` VALUES ('72', null, '25', '2', '2562', '400.00', '20', '1', '0', '', '1');
INSERT INTO `price_comparison_details` VALUES ('73', null, '25', '9', '2562', '800.00', '20', '2', '0', '', '4');
INSERT INTO `price_comparison_details` VALUES ('74', null, '25', '16', '2562', '90.00', '20', '3', '1', '', '5');
INSERT INTO `price_comparison_details` VALUES ('75', null, '26', '2', '2562', '400.00', '90', '3', '0', '', '1');
INSERT INTO `price_comparison_details` VALUES ('76', null, '26', '3', '2562', '400.00', '90', '6', '1', '', '2');
INSERT INTO `price_comparison_details` VALUES ('77', null, '26', '9', '2562', '800.00', '90', '3', '0', '', '5');
INSERT INTO `price_comparison_details` VALUES ('78', null, '26', '16', '2562', '90.00', '90', '1', '0', '', '7');
INSERT INTO `price_comparison_details` VALUES ('79', null, '27', '2', '2562', '400.00', '5', '1', '1', '', '1');
INSERT INTO `price_comparison_details` VALUES ('80', null, '27', '3', '2562', '400.00', '5', '2', '0', '', '2');
INSERT INTO `price_comparison_details` VALUES ('81', null, '28', '2', '2779', '111.00', '100', '1', '0', '', '1');
INSERT INTO `price_comparison_details` VALUES ('82', null, '28', '3', '2779', '22.00', '100', '2', '1', '', '2');
INSERT INTO `price_comparison_details` VALUES ('83', null, '29', '2', '2562', '400.00', '12', '1', '0', '', '1');
INSERT INTO `price_comparison_details` VALUES ('84', null, '29', '3', '2562', '400.00', '12', '2', '0', '', '2');
INSERT INTO `price_comparison_details` VALUES ('85', null, '29', '9', '2562', '800.00', '12', '3', '0', '', '5');
INSERT INTO `price_comparison_details` VALUES ('86', null, '29', '16', '2562', '90.00', '12', '4', '1', '', '7');
INSERT INTO `price_comparison_details` VALUES ('87', null, '30', '2', '2562', '400.00', '10', '1', '0', '', '1');
INSERT INTO `price_comparison_details` VALUES ('88', null, '30', '3', '2562', '400.00', '10', '2', '0', '', '2');
INSERT INTO `price_comparison_details` VALUES ('89', null, '30', '9', '2562', '800.00', '10', '3', '0', '', '5');
INSERT INTO `price_comparison_details` VALUES ('90', null, '30', '16', '2562', '90.00', '10', '4', '1', '', '7');
INSERT INTO `price_comparison_details` VALUES ('91', null, '31', '2', '2562', '400.00', '1', '1', '0', '', '1');
INSERT INTO `price_comparison_details` VALUES ('92', null, '31', '3', '2562', '400.00', '1', '2', '1', '', '2');
INSERT INTO `price_comparison_details` VALUES ('93', null, '31', '9', '2562', '800.00', '1', '4', '1', '', '5');
INSERT INTO `price_comparison_details` VALUES ('94', null, '31', '16', '2562', '90.00', '1', '3', '0', '', '7');

-- ----------------------------
-- Table structure for `price_comparison_pro_req_qty`
-- ----------------------------
DROP TABLE IF EXISTS `price_comparison_pro_req_qty`;
CREATE TABLE `price_comparison_pro_req_qty` (
  `price_comparison_id` int(11) NOT NULL,
  `requisition_id` int(11) NOT NULL,
  `product_id` int(11) DEFAULT NULL,
  `cs_qty` int(11) DEFAULT NULL,
  `rate` decimal(20,4) DEFAULT NULL
) ENGINE=InnoDB DEFAULT CHARSET=latin1;

-- ----------------------------
-- Records of price_comparison_pro_req_qty
-- ----------------------------
INSERT INTO `price_comparison_pro_req_qty` VALUES ('1', '11', '1014', '2', null);
INSERT INTO `price_comparison_pro_req_qty` VALUES ('2', '9', '1014', '1', null);
INSERT INTO `price_comparison_pro_req_qty` VALUES ('3', '12', '1487', '1', null);
INSERT INTO `price_comparison_pro_req_qty` VALUES ('4', '52', '1002', '1', null);
INSERT INTO `price_comparison_pro_req_qty` VALUES ('4', '52', '1206', '1', null);
INSERT INTO `price_comparison_pro_req_qty` VALUES ('5', '55', '2762', '5', null);
INSERT INTO `price_comparison_pro_req_qty` VALUES ('6', '58', '1487', '1', null);
INSERT INTO `price_comparison_pro_req_qty` VALUES ('6', '58', '2761', '1', null);
INSERT INTO `price_comparison_pro_req_qty` VALUES ('6', '58', '2762', '1', null);
INSERT INTO `price_comparison_pro_req_qty` VALUES ('7', '112', '1002', '10', null);
INSERT INTO `price_comparison_pro_req_qty` VALUES ('7', '112', '1165', '1', null);
INSERT INTO `price_comparison_pro_req_qty` VALUES ('8', '130', '1221', '14', null);
INSERT INTO `price_comparison_pro_req_qty` VALUES ('9', '135', '1221', '1', null);
INSERT INTO `price_comparison_pro_req_qty` VALUES ('10', '137', '1007', '16', null);
INSERT INTO `price_comparison_pro_req_qty` VALUES ('10', '137', '1169', '14', null);
INSERT INTO `price_comparison_pro_req_qty` VALUES ('10', '137', '1221', '13', null);
INSERT INTO `price_comparison_pro_req_qty` VALUES ('11', '140', '2562', '7', null);
INSERT INTO `price_comparison_pro_req_qty` VALUES ('12', '150', '2562', '1', null);
INSERT INTO `price_comparison_pro_req_qty` VALUES ('13', '152', '1221', '1', null);
INSERT INTO `price_comparison_pro_req_qty` VALUES ('14', '155', '2562', '20', null);
INSERT INTO `price_comparison_pro_req_qty` VALUES ('15', '159', '2562', '12', null);
INSERT INTO `price_comparison_pro_req_qty` VALUES ('16', '153', '2562', '1', null);
INSERT INTO `price_comparison_pro_req_qty` VALUES ('17', '166', '1221', '14', null);
INSERT INTO `price_comparison_pro_req_qty` VALUES ('18', '154', '1002', '12', null);
INSERT INTO `price_comparison_pro_req_qty` VALUES ('18', '154', '1014', '11', null);
INSERT INTO `price_comparison_pro_req_qty` VALUES ('18', '154', '1221', '10', null);
INSERT INTO `price_comparison_pro_req_qty` VALUES ('19', '151', '1221', '1', null);
INSERT INTO `price_comparison_pro_req_qty` VALUES ('20', '149', '2562', '1', null);
INSERT INTO `price_comparison_pro_req_qty` VALUES ('21', '169', '2562', '16', null);
INSERT INTO `price_comparison_pro_req_qty` VALUES ('22', '172', '2562', '11', null);
INSERT INTO `price_comparison_pro_req_qty` VALUES ('23', '174', '2562', '11', null);
INSERT INTO `price_comparison_pro_req_qty` VALUES ('24', '173', '2562', '11', null);
INSERT INTO `price_comparison_pro_req_qty` VALUES ('25', '178', '2562', '20', null);
INSERT INTO `price_comparison_pro_req_qty` VALUES ('26', '180', '2562', '90', null);
INSERT INTO `price_comparison_pro_req_qty` VALUES ('27', '183', '2562', '5', null);
INSERT INTO `price_comparison_pro_req_qty` VALUES ('28', '197', '2779', '100', null);
INSERT INTO `price_comparison_pro_req_qty` VALUES ('29', '198', '2562', '12', null);
INSERT INTO `price_comparison_pro_req_qty` VALUES ('30', '157', '2562', '10', null);
INSERT INTO `price_comparison_pro_req_qty` VALUES ('31', '147', '2562', '1', null);

-- ----------------------------
-- Table structure for `price_comparison_specefication_details`
-- ----------------------------
DROP TABLE IF EXISTS `price_comparison_specefication_details`;
CREATE TABLE `price_comparison_specefication_details` (
  `comparisonid` int(11) NOT NULL,
  `supplier_id` int(11) NOT NULL,
  `conditionid` int(11) NOT NULL,
  `value` varchar(100) NOT NULL
) ENGINE=MyISAM DEFAULT CHARSET=latin1;

-- ----------------------------
-- Records of price_comparison_specefication_details
-- ----------------------------
INSERT INTO `price_comparison_specefication_details` VALUES ('5', '5', '1', 'C');
INSERT INTO `price_comparison_specefication_details` VALUES ('5', '7', '1', 'D');
INSERT INTO `price_comparison_specefication_details` VALUES ('5', '5', '2', 'E');
INSERT INTO `price_comparison_specefication_details` VALUES ('5', '7', '2', 'F');
INSERT INTO `price_comparison_specefication_details` VALUES ('26', '2', '3', 'asa');
INSERT INTO `price_comparison_specefication_details` VALUES ('26', '3', '3', 'asas');
INSERT INTO `price_comparison_specefication_details` VALUES ('26', '9', '3', 'asas');
INSERT INTO `price_comparison_specefication_details` VALUES ('26', '16', '3', 'asasas');
INSERT INTO `price_comparison_specefication_details` VALUES ('26', '2', '4', 'sas');
INSERT INTO `price_comparison_specefication_details` VALUES ('26', '3', '4', 'as');
INSERT INTO `price_comparison_specefication_details` VALUES ('26', '9', '4', 'asasas');
INSERT INTO `price_comparison_specefication_details` VALUES ('26', '16', '4', 'sas');

-- ----------------------------
-- Table structure for `price_coparison_specification`
-- ----------------------------
DROP TABLE IF EXISTS `price_coparison_specification`;
CREATE TABLE `price_coparison_specification` (
  `conditionid` int(11) NOT NULL AUTO_INCREMENT,
  `comparisonid` int(11) NOT NULL,
  `productid` int(11) DEFAULT NULL,
  `condition` varchar(100) NOT NULL,
  PRIMARY KEY (`conditionid`)
) ENGINE=MyISAM AUTO_INCREMENT=5 DEFAULT CHARSET=latin1;

-- ----------------------------
-- Records of price_coparison_specification
-- ----------------------------
INSERT INTO `price_coparison_specification` VALUES ('1', '5', '2762', 'A');
INSERT INTO `price_coparison_specification` VALUES ('2', '5', '2762', 'B');
INSERT INTO `price_coparison_specification` VALUES ('3', '26', '2562', 'Name');
INSERT INTO `price_coparison_specification` VALUES ('4', '26', '2562', 'Brand');

-- ----------------------------
-- Table structure for `priority`
-- ----------------------------
DROP TABLE IF EXISTS `priority`;
CREATE TABLE `priority` (
  `PRIORITY_ID` int(2) NOT NULL AUTO_INCREMENT,
  `PRIORITY_NAME` varchar(150) COLLATE latin1_general_ci NOT NULL,
  `CREATED_BY` varchar(50) CHARACTER SET latin1 NOT NULL,
  `CREATED_DATE` date NOT NULL,
  `MODIFY_BY` varchar(50) CHARACTER SET latin1 DEFAULT NULL,
  `MODIFY_DATE` date DEFAULT NULL,
  PRIMARY KEY (`PRIORITY_ID`)
) ENGINE=MyISAM AUTO_INCREMENT=4 DEFAULT CHARSET=latin1 COLLATE=latin1_general_ci;

-- ----------------------------
-- Records of priority
-- ----------------------------
INSERT INTO `priority` VALUES ('1', 'Normal', '', '0000-00-00', null, null);
INSERT INTO `priority` VALUES ('2', 'Medium', '', '0000-00-00', null, null);
INSERT INTO `priority` VALUES ('3', 'Emergency', '', '0000-00-00', null, null);

-- ----------------------------
-- Table structure for `process_dept`
-- ----------------------------
DROP TABLE IF EXISTS `process_dept`;
CREATE TABLE `process_dept` (
  `PROCESS_DEPT_ID` int(11) NOT NULL AUTO_INCREMENT,
  `PROCESS_DEPT_NAME` varchar(100) COLLATE latin1_general_ci DEFAULT NULL COMMENT 'Process Dept,y,Y,,,20,1',
  `REQUISITION_TYPE_ID` int(2) DEFAULT NULL COMMENT 'Requisition Rute Type,,Y,,,20,2',
  `CREATED_BY` varchar(50) COLLATE latin1_general_ci DEFAULT NULL,
  `CREATED_DATE` datetime DEFAULT NULL,
  `MODIFY_BY` varchar(50) COLLATE latin1_general_ci DEFAULT NULL,
  `MODIFY_DATE` datetime DEFAULT NULL,
  PRIMARY KEY (`PROCESS_DEPT_ID`)
) ENGINE=InnoDB AUTO_INCREMENT=7 DEFAULT CHARSET=latin1 COLLATE=latin1_general_ci ROW_FORMAT=DYNAMIC;

-- ----------------------------
-- Records of process_dept
-- ----------------------------
INSERT INTO `process_dept` VALUES ('1', 'GAD', '1', null, null, null, null);
INSERT INTO `process_dept` VALUES ('2', 'Procurement Dept', '2', null, null, null, null);
INSERT INTO `process_dept` VALUES ('3', 'Brand', '3', null, null, null, null);
INSERT INTO `process_dept` VALUES ('4', 'Store', '3', null, null, null, null);
INSERT INTO `process_dept` VALUES ('5', 'It Dept', '4', null, null, null, null);
INSERT INTO `process_dept` VALUES ('6', 'Store nnn', '4', null, null, null, null);

-- ----------------------------
-- Table structure for `product`
-- ----------------------------
DROP TABLE IF EXISTS `product`;
CREATE TABLE `product` (
  `PRODUCT_ID` int(11) NOT NULL AUTO_INCREMENT,
  `PRODUCT_CODE` varchar(25) DEFAULT NULL,
  `DESCRIPTION` varchar(80) DEFAULT '',
  `MCODE` varchar(100) DEFAULT NULL,
  `PURCHASE_PRICE` double DEFAULT '0',
  `PRODUCT_NAME` varchar(100) NOT NULL,
  `QTY` decimal(11,2) DEFAULT NULL COMMENT 'QTY,Y,,,,20,1',
  `PROCESS_DEPT_ID` int(11) DEFAULT NULL,
  `CATEGORY_ID` int(10) unsigned DEFAULT NULL,
  `CATEGORY_SUB_ID` int(11) DEFAULT NULL,
  `UNDER_SUB_CATEGORY_ID` int(11) DEFAULT NULL,
  `MAINCATEGORY_ID` int(11) DEFAULT NULL,
  `PRODUCT_GROUP_ID` int(11) DEFAULT NULL,
  `PRODUCT_BRAND_ID` int(11) DEFAULT NULL,
  `SUBCATEGORY_ID` int(11) DEFAULT NULL,
  `LAST_PURCHASE_PRICE` decimal(20,2) DEFAULT NULL,
  `REQUISITION_ROUTE_ID` int(2) DEFAULT NULL,
  `PACKSIZE_ID` int(11) DEFAULT NULL,
  `UNIT_TYPE_ID` int(10) unsigned DEFAULT NULL,
  `ISACTIVE` smallint(6) DEFAULT '1',
  `REORDER_LEVEL` int(11) DEFAULT NULL,
  `DAILY_EXPENSE` int(11) DEFAULT NULL,
  `LEAD_TIME` int(11) DEFAULT NULL,
  `REORDER_QTY` int(11) DEFAULT NULL,
  `OSCOMMERCEID` int(11) DEFAULT NULL,
  `FREE` int(11) DEFAULT NULL,
  `PRODUCT_TYPE_ID` int(11) DEFAULT '0' COMMENT '1=OPEX, 2=CAPEX',
  `AT_ACTUAL` int(1) DEFAULT '0',
  `REQUISITION_FOR` int(11) DEFAULT NULL COMMENT 'PR / STATIONARY',
  `VAT` decimal(6,2) DEFAULT NULL,
  `CREATED_BY` varchar(50) CHARACTER SET latin1 NOT NULL,
  `CREATED_DATE` date NOT NULL,
  `MODIFY_BY` varchar(50) CHARACTER SET latin1 DEFAULT NULL,
  `MODIFY_DATE` date DEFAULT NULL,
  PRIMARY KEY (`PRODUCT_ID`),
  KEY `FK_PRODUCT_UNITTYPE` (`UNIT_TYPE_ID`)
) ENGINE=MyISAM AUTO_INCREMENT=2780 DEFAULT CHARSET=utf8;

-- ----------------------------
-- Records of product
-- ----------------------------
INSERT INTO `product` VALUES ('2', '01004012', '', null, '70', 'unp', '0.00', '2', '4', null, null, '1', '0', null, '1', null, '2', null, '1', '1', null, null, null, '500', null, '5', '2', '0', '1', null, '', '0000-00-00', null, null);
INSERT INTO `product` VALUES ('1497', '08041001497', '', null, '0', 'Board Duster', '100.00', '3', '41', null, null, '8', '1', null, '0', null, '2', '2', '2', '1', '0', '0', '0', '0', null, '0', '1', '0', '1', null, '', '0000-00-00', null, null);
INSERT INTO `product` VALUES ('1496', '08041001496', '', null, '0', 'Board Pin (color)', '100.00', '3', '41', null, null, '8', '1', null, '0', null, '2', '2', '5', '1', '0', '0', '0', '0', null, '0', '1', '0', '1', null, '', '0000-00-00', null, null);
INSERT INTO `product` VALUES ('2698', '03032002698', '', null, '0', 'Salad Dish/ Platter', '0.00', '3', '32', null, null, '3', '0', null, '0', null, '2', null, '2', '1', '0', '0', '0', '0', null, '0', '1', '0', '1', null, '', '0000-00-00', null, null);
INSERT INTO `product` VALUES ('2699', '03032002699', '', null, '0', 'Soup Bowl Set (19 Pcs)', '0.00', '3', '32', null, null, '3', '1', null, '0', null, '2', null, '14', '1', '0', '0', '0', '0', null, '0', '1', '0', '1', null, '', '0000-00-00', null, null);
INSERT INTO `product` VALUES ('2475', '07038002475', '', null, '0', 'Mobile Drawer', '0.00', '3', '38', null, null, '7', '2', null, '0', null, '2', null, '2', '1', '0', '0', '0', '0', null, '0', '2', '0', '1', null, '', '0000-00-00', null, null);
INSERT INTO `product` VALUES ('1488', '08041001488', '', null, '0', 'White Board 3 x 4', '100.00', '3', '41', null, null, '8', '1', null, '0', null, '2', '2', '2', '1', '0', '0', '0', '0', null, '0', '1', '0', '1', null, '', '0000-00-00', null, null);
INSERT INTO `product` VALUES ('1487', '08041001487', '', null, '70', 'Blank DVD (ReWritable) (Verbatin)', '100.00', '5', '101', '20', '0', '8', '1', '16', '0', null, '2', '2', '2', '1', '0', '0', '0', '0', null, '0', '1', '0', '1', null, '', '0000-00-00', null, null);
INSERT INTO `product` VALUES ('1486', '08041001486', '', null, '70', 'Blank DVD -R (Verbatin)', '100.00', '3', '41', null, null, '8', '1', null, '0', null, '2', '2', '2', '1', '0', '0', '0', '0', null, '0', '1', '0', '1', null, '', '0000-00-00', null, null);
INSERT INTO `product` VALUES ('1485', '08041001485', '', null, '70', 'Super glue', '100.00', '3', '41', null, null, '8', '1', null, '0', null, '2', '2', '2', '1', null, null, null, null, null, '0', '1', '0', '1', null, '', '0000-00-00', null, null);
INSERT INTO `product` VALUES ('1483', '08041001483', '', null, '70', 'Blank CD-R (Verbatin)', '100.00', '3', '41', null, null, '8', '1', null, '0', null, '2', '2', '2', '1', '0', '0', '0', '0', null, '0', '1', '0', '1', null, '', '0000-00-00', null, null);
INSERT INTO `product` VALUES ('1480', '08041001480', '', null, '22', 'Al Pin', '100.00', '3', '41', null, null, '8', '1', null, '0', null, '2', '2', '2', '0', null, null, null, null, null, '0', '1', '0', '0', null, '', '0000-00-00', null, null);
INSERT INTO `product` VALUES ('1479', '08041001479', '', null, '70', 'Knif KIWI', '100.00', '3', '41', null, null, '8', '1', null, '0', null, '2', '2', '2', '1', null, null, null, null, null, '0', '1', '0', '1', null, '', '0000-00-00', null, null);
INSERT INTO `product` VALUES ('1477', '08041001477', '', null, '70', 'Sctoch Tape holder', '100.00', '3', '41', null, null, '8', '1', null, '0', null, '2', '2', '2', '1', '0', '0', '0', '0', null, '0', '1', '0', '1', null, '', '0000-00-00', null, null);
INSERT INTO `product` VALUES ('2442', '08039002442', '', null, '0', 'Box File Paper Board', '0.00', '3', '39', null, null, '8', '0', null, '0', null, '2', null, '2', '1', '0', '0', '0', '0', null, '0', '1', '0', '1', null, '', '0000-00-00', null, null);
INSERT INTO `product` VALUES ('1474', '08041001474', '', null, '0', 'Calculator Casio MJ 120-12 Digit', '100.00', '3', '41', null, null, '8', '1', null, '0', null, '2', '2', '2', '1', '0', '0', '0', '0', null, '0', '1', '0', '1', null, '', '0000-00-00', null, null);
INSERT INTO `product` VALUES ('1471', '08041001471', '', null, '70', 'Candel Big', '100.00', '3', '41', null, null, '8', '1', null, '0', null, '2', '2', '2', '1', null, null, null, null, null, '0', '1', '0', '1', null, '', '0000-00-00', null, null);
INSERT INTO `product` VALUES ('1469', '08041001469', '', null, '0', 'Paper Try- Huagi', '100.00', '3', '41', null, null, '8', '1', null, '0', null, '2', '2', '2', '1', '0', '0', '0', '0', null, '0', '1', '0', '1', null, '', '0000-00-00', null, null);
INSERT INTO `product` VALUES ('1467', '08041001467', '', null, '0', 'Plastic Busket Medium', '100.00', '3', '41', null, null, '8', '1', null, '0', null, '2', '2', '2', '1', null, null, null, null, null, '0', '1', '0', '1', null, '', '0000-00-00', null, null);
INSERT INTO `product` VALUES ('2452', '03089002452', '', null, '0', 'Treadmill', '0.00', '3', '89', null, null, '3', '0', null, '0', null, '2', null, '2', '1', '0', '0', '0', '0', null, '0', '2', '0', '1', null, '', '0000-00-00', null, null);
INSERT INTO `product` VALUES ('2453', '02026002453', '80 GSM Paper', null, '0', 'CDM Deposit Envelop', '0.00', '3', '10', null, null, '2', '1', null, '0', null, '2', null, '2', '1', '0', '0', '0', '0', null, '0', '1', '0', '1', null, '', '0000-00-00', null, null);
INSERT INTO `product` VALUES ('1462', '08041001462', '', null, '0', 'Olympic/Sunlight Battery Pencil-AA', '100.00', '3', '41', null, null, '8', '1', null, '0', null, '2', '2', '2', '1', '0', '0', '0', '0', null, '0', '1', '0', '1', null, '', '0000-00-00', null, null);
INSERT INTO `product` VALUES ('1461', '08041001461', '', null, '70', 'Remort Battery/Panasonic/Toshi-AAA', '100.00', '3', '41', null, null, '8', '1', null, '0', null, '2', '2', '2', '1', '0', '0', '0', '0', null, '0', '1', '0', '1', null, '', '0000-00-00', null, null);
INSERT INTO `product` VALUES ('1460', '08041001460', '', null, '70', 'Thread Ball', '100.00', '3', '41', null, null, '8', '1', null, '0', null, '2', '2', '2', '1', null, null, null, null, null, '0', '1', '0', '1', null, '', '0000-00-00', null, null);
INSERT INTO `product` VALUES ('1459', '08041001459', '', null, '0', 'Ruber Band', '100.00', '3', '41', null, null, '8', '1', null, '0', null, '2', '2', '20', '1', '0', '0', '0', '0', null, '0', '1', '0', '1', null, '', '0000-00-00', null, null);
INSERT INTO `product` VALUES ('2448', '05068002448', 'Type: Counter top POS with GPRS', null, '0', 'POS Terminal with battery suport', '0.00', '3', '68', null, null, '5', '0', null, '0', null, '2', null, '2', '1', '0', '0', '0', '0', null, '0', '2', '0', '1', null, '', '0000-00-00', null, null);
INSERT INTO `product` VALUES ('1457', '08041001457', '', null, '0', 'Schos Tape 3/4\\\'\\\'', '100.00', '3', '41', null, null, '8', '1', null, '0', null, '2', '2', '2', '1', '0', '0', '0', '0', null, '0', '1', '0', '1', null, '', '0000-00-00', null, null);
INSERT INTO `product` VALUES ('1456', '08041001456', '', null, '0', 'Carton Tape 2\" White/Brown', '100.00', '3', '41', null, null, '8', '1', null, '0', null, '2', '2', '2', '1', null, null, null, null, null, '0', '1', '0', '1', null, '', '0000-00-00', null, null);
INSERT INTO `product` VALUES ('1453', '08041001453', '', null, '0', 'Name Card Holder', '100.00', '3', '41', null, null, '8', '1', null, '0', null, '2', '2', '2', '1', null, null, null, null, null, '0', '1', '0', '1', null, '', '0000-00-00', null, null);
INSERT INTO `product` VALUES ('1452', '08041001452', '', null, '0', 'Visiting Card Holder 240 Pcs', '100.00', '3', '41', null, null, '8', '1', null, '0', null, '2', '2', '2', '1', null, null, null, null, null, '0', '1', '0', '1', null, '', '0000-00-00', null, null);
INSERT INTO `product` VALUES ('1448', '08041001448', '', null, '0', 'Telephone Index ', '100.00', '3', '41', null, null, '8', '1', null, '0', null, '2', '2', '2', '1', '0', '0', '0', '0', null, '0', '1', '0', '1', null, '', '0000-00-00', null, null);
INSERT INTO `product` VALUES ('1443', '08041001443', '', null, '0', 'Pen Pot holder', '100.00', '3', '41', null, null, '8', '1', null, '0', null, '2', '2', '2', '1', '0', '0', '0', '0', null, '0', '1', '0', '1', null, '', '0000-00-00', null, null);
INSERT INTO `product` VALUES ('2414', '02010002414', '', null, '0', 'amex green blue window envelop for non billing statement', '0.00', '3', '10', null, null, '2', '1', null, '0', null, '2', null, '2', '0', '0', '0', '0', '0', null, '0', '1', '0', '0', null, '', '0000-00-00', null, null);
INSERT INTO `product` VALUES ('2458', '02010002458', '', null, '0', 'city visa window envelop', '0.00', '3', '10', null, null, '2', '0', null, '0', null, '2', null, '2', '0', '0', '0', '0', '0', null, '0', '1', '0', '0', null, '', '0000-00-00', null, null);
INSERT INTO `product` VALUES ('2393', '07038002393', 'Sofa', null, '0', 'Sofa', '0.00', '3', '38', null, null, '7', '2', null, '0', null, '2', null, '2', '1', '0', '0', '0', '0', null, '0', '2', '0', '1', null, '', '0000-00-00', null, null);
INSERT INTO `product` VALUES ('1436', '08041001436', '', null, '0', 'Weight Round', '100.00', '3', '41', null, null, '8', '1', null, '0', null, '2', '2', '2', '0', null, null, null, null, null, '0', '1', '0', '1', null, '', '0000-00-00', null, null);
INSERT INTO `product` VALUES ('1434', '08041001434', '', null, '0', 'Ball pen-Metador ', '100.00', '3', '43', null, null, '8', '1', null, '0', null, '2', '2', '2', '1', '0', '0', '0', '0', null, '0', '1', '0', '1', null, '', '0000-00-00', null, null);
INSERT INTO `product` VALUES ('1429', '08041001429', '', null, '0', 'Posted Pad 3X3', '100.00', '2', '41', null, null, '8', '1', null, '0', null, '2', '2', '2', '1', null, null, null, null, null, '0', '1', '0', '1', null, '', '0000-00-00', null, null);
INSERT INTO `product` VALUES ('1422', '08041001422', '', null, '0', 'Sharpner SDI', '100.00', '2', '41', null, null, '8', '1', null, '0', null, '2', '2', '2', '1', '0', '0', '0', '0', null, '0', '1', '0', '1', null, '', '0000-00-00', null, null);
INSERT INTO `product` VALUES ('2445', '07070002445', '', null, '0', 'Manager/Officer Table', '0.00', '3', '70', null, null, '7', '0', null, '0', null, '2', null, '1', '1', '0', '0', '0', '0', null, '0', '2', '0', '1', null, '', '0000-00-00', null, null);
INSERT INTO `product` VALUES ('1420', '08041001420', '', null, '0', 'Sessor SDI Medium', '100.00', '2', '41', null, null, '8', '1', null, '0', null, '2', '2', '2', '1', null, null, null, null, null, '0', '1', '0', '1', null, '', '0000-00-00', null, null);
INSERT INTO `product` VALUES ('2446', '05076002446', 'Split type, Ceiling, Capacity: 2.5 ton.', null, '0', 'Split type, Ceiling, Capacity: 2.5 ton.', '0.00', '3', '76', null, null, '5', '0', null, '0', null, '2', null, '2', '1', '0', '0', '0', '0', null, '0', '2', '0', '1', null, '', '0000-00-00', null, null);
INSERT INTO `product` VALUES ('2447', '05076002447', 'Split type, Ceiling, Capacity: 4 ton.', null, '0', 'Split type, Ceiling, Capacity: 4 ton.', '0.00', '3', '76', null, null, '5', '2', null, '0', null, '2', null, '2', '1', '0', '0', '0', '0', null, '0', '2', '0', '1', null, '', '0000-00-00', null, null);
INSERT INTO `product` VALUES ('1416', '08041001416', '', null, '70', 'Money Sponce Data Bank', '100.00', '2', '41', null, null, '8', '1', null, '0', null, '2', '2', '2', '1', null, null, null, null, null, '0', '1', '0', '1', null, '', '0000-00-00', null, null);
INSERT INTO `product` VALUES ('1405', '08041001405', '', null, '45', 'Arosol Morten', '100.00', '2', '41', null, null, '8', '1', null, '0', null, '2', '2', '2', '0', null, null, null, null, null, '0', '1', '0', '0', null, '', '0000-00-00', null, null);
INSERT INTO `product` VALUES ('1399', '08041001399', '', null, '0', 'Cloth Duster 14X16', '100.00', '2', '41', null, null, '8', '1', null, '0', null, '2', '2', '2', '1', null, null, null, null, null, '0', '1', '0', '1', null, '', '0000-00-00', null, null);
INSERT INTO `product` VALUES ('1398', '08041001398', '', null, '70', 'Cloth Duster 16X18', '100.00', '2', '41', null, null, '8', '1', null, '0', null, '2', '2', '2', '1', null, null, null, null, null, '0', '1', '0', '1', null, '', '0000-00-00', null, null);
INSERT INTO `product` VALUES ('2397', '05035002397', '', null, '0', 'Wincore ATM Journal Paper roll', '0.00', '3', '35', null, null, '5', '0', null, '0', null, '2', null, '9', '1', '0', '0', '0', '0', null, '0', '1', '0', '1', null, '', '0000-00-00', null, null);
INSERT INTO `product` VALUES ('2398', '05035002398', '', null, '0', 'Diebold ATM Receipt thermal roll', '0.00', '3', '35', null, null, '5', '0', null, '0', null, '2', null, '9', '1', '0', '0', '0', '0', null, '0', '1', '0', '1', null, '', '0000-00-00', null, null);
INSERT INTO `product` VALUES ('2439', '07038002439', '', null, '0', 'Personalization Table', '0.00', '3', '38', null, null, '7', '0', null, '0', null, '2', null, '2', '1', '0', '0', '0', '0', null, '0', '2', '0', '1', null, '', '0000-00-00', null, null);
INSERT INTO `product` VALUES ('2584', '08042002584', '', null, '0', 'Fancy Paper weight', '0.00', '3', '42', null, null, '8', '1', null, '0', null, '2', null, '2', '1', '0', '0', '0', '0', null, '0', '1', '0', '1', null, '', '0000-00-00', null, null);
INSERT INTO `product` VALUES ('1362', '08041001362', '', null, '0', 'Register Roll Khata 20 No', '100.00', '2', '41', null, null, '8', '1', null, '0', null, '2', '2', '2', '1', '0', '0', '0', '0', null, '0', '1', '0', '1', null, '', '0000-00-00', null, null);
INSERT INTO `product` VALUES ('2449', '05068002449', '', null, '0', 'GPRS POS Terminal ', '0.00', '3', '68', null, null, '5', '0', null, '0', null, '2', null, '2', '1', '0', '0', '0', '0', null, '0', '2', '0', '1', null, '', '0000-00-00', null, null);
INSERT INTO `product` VALUES ('1359', '08040001359', '', null, '70', 'Kappy Glue 50 CC', '100.00', '2', '40', null, null, '8', '1', null, '0', null, '2', '2', '2', '1', null, null, null, null, null, '0', '1', '0', '1', null, '', '0000-00-00', null, null);
INSERT INTO `product` VALUES ('1357', '08040001357', '', null, '0', 'WHU Stick 21 GM', '100.00', '2', '40', null, null, '8', '1', null, '0', null, '2', '2', '2', '1', null, null, null, null, null, '0', '1', '0', '1', null, '', '0000-00-00', null, null);
INSERT INTO `product` VALUES ('1355', '08040001355', '', null, '0', 'Fabi Stick 8 gm', '100.00', '2', '40', null, null, '8', '1', null, '0', null, '2', '2', '2', '1', null, null, null, null, null, '0', '1', '0', '1', null, '', '0000-00-00', null, null);
INSERT INTO `product` VALUES ('1354', '08044001354', '', null, '0', 'Auto Seal Ink-Shine', '100.00', '2', '44', null, null, '8', '1', null, '0', null, '2', '2', '2', '1', '0', '0', '0', '0', null, '0', '1', '0', '1', null, '', '0000-00-00', null, null);
INSERT INTO `product` VALUES ('1353', '08044001353', '', null, '70', 'Stamp Pad Ink Art line', '100.00', '2', '44', null, null, '8', '1', null, '0', null, '2', '2', '2', '1', null, null, null, null, null, '0', '1', '0', '1', null, '', '0000-00-00', null, null);
INSERT INTO `product` VALUES ('2441', '08045002441', '', null, '0', 'Binder Clip  25 MM', '0.00', '3', '45', null, null, '8', '1', null, '0', null, '2', null, '5', '1', '0', '0', '0', '0', null, '0', '1', '0', '1', null, '', '0000-00-00', null, null);
INSERT INTO `product` VALUES ('1349', '08044001349', '', null, '70', 'Stam Pad Ink- Normal', '100.00', '2', '44', null, null, '8', '1', null, '0', null, '2', '2', '2', '1', '0', '0', '0', '0', null, '0', '1', '0', '1', null, '', '0000-00-00', null, null);
INSERT INTO `product` VALUES ('1347', '08045001347', '', null, '70', 'Stapler Pin Hevy Duty 23X17', '100.00', '2', '45', null, null, '8', '1', null, '0', null, '2', '2', '20', '1', '0', '0', '0', '0', null, '0', '1', '0', '1', null, '', '0000-00-00', null, null);
INSERT INTO `product` VALUES ('1346', '08045001346', '', null, '70', 'Stapler Pin Hevy Duty 23X15', '100.00', '2', '45', null, null, '8', '1', null, '0', null, '2', '2', '20', '1', '0', '0', '0', '0', null, '0', '1', '0', '1', null, '', '0000-00-00', null, null);
INSERT INTO `product` VALUES ('1340', '08045001340', '', null, '70', 'Stapler Pin  Great Wall B-10', '100.00', '2', '45', null, null, '8', '1', null, '0', null, '2', '2', '20', '1', '0', '0', '0', '0', null, '0', '1', '0', '1', null, '', '0000-00-00', null, null);
INSERT INTO `product` VALUES ('1338', '08045001338', '', null, '0', 'Stapler Pin  Kangaro 24/6', '100.00', '2', '45', null, null, '8', '1', null, '0', null, '2', '2', '20', '1', '0', '0', '0', '0', null, '0', '1', '0', '1', null, '', '0000-00-00', null, null);
INSERT INTO `product` VALUES ('1336', '08045001336', '', null, '0', 'Stapler Pin Remover Deli', '100.00', '2', '45', null, null, '8', '1', null, '0', null, '2', '2', '2', '1', null, null, null, null, null, '0', '1', '0', '1', null, '', '0000-00-00', null, null);
INSERT INTO `product` VALUES ('1334', '08045001334', '', null, '70', 'Punch Machine DP 900- Heavy Duty', '100.00', '2', '45', null, null, '8', '1', null, '0', null, '2', '2', '2', '1', '0', '0', '0', '0', null, '0', '1', '0', '1', null, '', '0000-00-00', null, null);
INSERT INTO `product` VALUES ('1329', '08045001329', '', null, '0', 'Punch Machine DP 280', '100.00', '2', '45', null, null, '8', '1', null, '0', null, '2', '2', '2', '1', null, null, null, null, null, '0', '1', '0', '1', null, '', '0000-00-00', null, null);
INSERT INTO `product` VALUES ('1328', '08045001328', '', null, '0', 'Stapler Machine Hevy Duty Big 23/24', '100.00', '2', '45', null, null, '8', '1', null, '0', null, '2', '2', '2', '1', '0', '0', '0', '0', null, '0', '1', '0', '1', null, '', '0000-00-00', null, null);
INSERT INTO `product` VALUES ('1327', '08045001327', '', null, '70', 'Stapler Machine Deli B-10 (Small Size)', '100.00', '2', '45', null, null, '8', '1', null, '0', null, '2', '2', '2', '1', '0', '0', '0', '0', null, '0', '1', '0', '1', null, '', '0000-00-00', null, null);
INSERT INTO `product` VALUES ('1323', '08045001323', '', null, '0', 'Stapler Machine 45N (standard size)', '100.00', '2', '45', null, null, '8', '1', null, '0', null, '2', '2', '2', '1', '0', '0', '0', '0', null, '0', '1', '0', '1', null, '', '0000-00-00', null, null);
INSERT INTO `product` VALUES ('1322', '08045001322', '', null, '0', 'Binder Clip 51 MM', '100.00', '2', '45', null, null, '8', '1', null, '0', null, '2', '2', '5', '1', '0', '0', '0', '0', null, '0', '1', '0', '1', null, '', '0000-00-00', null, null);
INSERT INTO `product` VALUES ('1321', '08045001321', '', null, '0', 'Binder Clip 41 MM', '100.00', '2', '45', null, null, '8', '1', null, '0', null, '2', '2', '5', '1', '0', '0', '0', '0', null, '0', '1', '0', '1', null, '', '0000-00-00', null, null);
INSERT INTO `product` VALUES ('1320', '08045001320', '', null, '0', 'Binder Clip 32 MM', '100.00', '2', '45', null, null, '8', '1', null, '0', null, '2', '2', '5', '1', '0', '0', '0', '0', null, '0', '1', '0', '1', null, '', '0000-00-00', null, null);
INSERT INTO `product` VALUES ('1319', '08045001319', '', null, '0', 'Binder Clip 19 MM ', '100.00', '2', '45', null, null, '8', '1', null, '0', null, '2', '2', '5', '1', '0', '0', '0', '0', null, '0', '1', '0', '1', null, '', '0000-00-00', null, null);
INSERT INTO `product` VALUES ('1318', '08045001318', '', null, '70', 'Jems Clip Holder Deli', '100.00', '2', '45', null, null, '8', '1', null, '0', null, '2', '2', '2', '1', null, null, null, null, null, '0', '1', '0', '1', null, '', '0000-00-00', null, null);
INSERT INTO `product` VALUES ('1317', '08045001317', '', null, '0', 'Jems Clip Jambo', '100.00', '2', '45', null, null, '8', '1', null, '0', null, '2', '2', '5', '1', '0', '0', '0', '0', null, '0', '1', '0', '1', null, '', '0000-00-00', null, null);
INSERT INTO `product` VALUES ('1316', '08045001316', '', null, '0', 'Jems Clip Econo Colour', '100.00', '2', '45', null, null, '8', '1', null, '0', null, '2', '2', '5', '1', '0', '0', '0', '0', null, '0', '1', '0', '1', null, '', '0000-00-00', null, null);
INSERT INTO `product` VALUES ('1314', '08045001314', '', null, '70', 'Jems Clip Sqaur Orginal', '100.00', '2', '45', null, null, '8', '1', null, '0', null, '2', '2', '5', '1', '0', '0', '0', '0', null, '0', '1', '0', '1', null, '', '0000-00-00', null, null);
INSERT INTO `product` VALUES ('1313', '08043001313', '', null, '44', 'Wood Schall 12\"', '100.00', '2', '43', null, null, '8', '1', null, '0', null, '2', '2', '2', '0', null, null, null, null, null, '0', '1', '0', '1', null, '', '0000-00-00', null, null);
INSERT INTO `product` VALUES ('1312', '08043001312', '', null, '0', 'Steel Schell 12\"', '100.00', '2', '43', null, null, '8', '1', null, '0', null, '2', '2', '2', '1', null, null, null, null, null, '0', '1', '0', '1', null, '', '0000-00-00', null, null);
INSERT INTO `product` VALUES ('1309', '08043001309', '', null, '0', 'Eraser Stadeler', '100.00', '2', '43', null, null, '8', '1', null, '0', null, '2', '2', '2', '1', null, null, null, null, null, '0', '1', '0', '1', null, '', '0000-00-00', null, null);
INSERT INTO `product` VALUES ('1305', '08043001305', '', null, '0', 'Pencil Stadeler 2B,2HB', '100.00', '2', '43', null, null, '8', '1', null, '0', null, '2', '2', '2', '1', null, null, null, null, null, '0', '1', '0', '1', null, '', '0000-00-00', null, null);
INSERT INTO `product` VALUES ('1302', '08043001302', '', null, '0', 'Cello Pointec- Gel Pen-0.5', '100.00', '2', '43', null, null, '8', '1', null, '0', null, '2', '2', '2', '1', '0', '0', '0', '0', null, '0', '1', '0', '1', null, '', '0000-00-00', null, null);
INSERT INTO `product` VALUES ('2454', '02074002454', '', null, '1.34', 'Customer Account Statement Letter Head', '0.00', '3', '74', null, null, '2', '1', null, '0', null, '2', null, '2', '1', '0', '0', '0', '0', null, '0', '1', '0', '1', null, '', '0000-00-00', null, null);
INSERT INTO `product` VALUES ('2444', '05076002444', '', null, '0', 'Split type, Cassette, Capacity: 4.5 ton.', '0.00', '3', '76', null, null, '5', '0', null, '0', null, '2', null, '2', '1', '0', '0', '0', '0', null, '0', '2', '0', '1', null, '', '0000-00-00', null, null);
INSERT INTO `product` VALUES ('2430', '05086002430', '', null, '0', 'Surface wiring including pipe/channel', '0.00', '3', '86', null, null, '5', '2', null, '0', null, '2', null, '6', '1', '0', '0', '0', '0', null, '0', '2', '1', '1', null, '', '0000-00-00', null, null);
INSERT INTO `product` VALUES ('1296', '08043001296', '', null, '0', 'Montex -High speed', '100.00', '2', '43', null, null, '8', '1', null, '0', null, '2', '2', '2', '1', '0', '0', '0', '0', null, '0', '1', '0', '1', null, '', '0000-00-00', null, null);
INSERT INTO `product` VALUES ('1293', '08043001293', '', null, '0', 'NT Cutter- SDI 0404', '100.00', '2', '43', null, null, '8', '1', null, '0', null, '2', '2', '2', '1', '0', '0', '0', '0', null, '0', '1', '0', '1', null, '', '0000-00-00', null, null);
INSERT INTO `product` VALUES ('1292', '08043001292', '', null, '0', 'Tex Marker ', '100.00', '2', '43', null, null, '8', '1', null, '0', null, '2', '2', '2', '1', '0', '0', '0', '0', null, '0', '1', '0', '1', null, '', '0000-00-00', null, null);
INSERT INTO `product` VALUES ('1289', '08043001289', '', null, '0', 'Permanent Marker', '100.00', '2', '43', null, null, '8', '1', null, '0', null, '2', '2', '2', '1', null, null, null, null, null, '0', '1', '0', '1', null, '', '0000-00-00', null, null);
INSERT INTO `product` VALUES ('1288', '08043001288', '', null, '0', 'White Board Marker', '100.00', '2', '43', null, null, '8', '1', null, '0', null, '2', '2', '2', '1', null, null, null, null, null, '0', '1', '0', '1', null, '', '0000-00-00', null, null);
INSERT INTO `product` VALUES ('1287', '08043001287', '', null, '0', 'Fluid Pen Uni Correction', '100.00', '2', '43', null, null, '8', '1', null, '0', null, '2', '2', '2', '1', null, null, null, null, null, '0', '1', '0', '1', null, '', '0000-00-00', null, null);
INSERT INTO `product` VALUES ('2443', '08040002443', '', null, '0', 'Gum Pot- 1/2 Kg', '0.00', '3', '40', null, null, '8', '0', null, '0', null, '2', null, '2', '1', '0', '0', '0', '0', null, '0', '1', '0', '1', null, '', '0000-00-00', null, null);
INSERT INTO `product` VALUES ('1285', '08039001285', '', null, '0', 'Clip Board FC- Deli', '100.00', '2', '39', null, null, '8', '1', null, '0', null, '2', '2', '2', '1', '0', '0', '0', '0', null, '0', '1', '0', '1', null, '', '0000-00-00', null, null);
INSERT INTO `product` VALUES ('1284', '08039001284', '', null, '70', 'Injet paper-100 Sheet', '100.00', '2', '42', null, null, '8', '1', null, '0', null, '2', '2', '20', '1', '0', '0', '0', '0', null, '0', '1', '0', '1', null, '', '0000-00-00', null, null);
INSERT INTO `product` VALUES ('2435', '05087002435', 'BYA 6m', null, '0', 'Earthing Cable', '0.00', '3', '87', null, null, '5', '0', null, '0', null, '2', null, '17', '1', '0', '0', '0', '0', null, '0', '2', '1', '1', null, '', '0000-00-00', null, null);
INSERT INTO `product` VALUES ('1282', '08039001282', '', null, '70', 'Index 11 Devider (plastic )-30 sheet', '100.00', '2', '39', null, null, '8', '1', null, '0', null, '2', '2', '2', '1', '0', '0', '0', '0', null, '0', '1', '0', '1', null, '', '0000-00-00', null, null);
INSERT INTO `product` VALUES ('2455', '02010002455', '', null, '0.75', 'Window Envelop (Small) for Customer Account Statement for OPSD', '0.00', '3', '10', null, null, '2', '1', null, '0', null, '2', null, '2', '1', '0', '0', '0', '0', null, '0', '1', '0', '1', null, '', '0000-00-00', null, null);
INSERT INTO `product` VALUES ('2456', '02010002456', '', null, '6.05', 'Window Envelop (A4) for Customer Account Statement for OPSD', '0.00', '3', '10', null, null, '2', '1', null, '0', null, '2', null, '2', '1', '0', '0', '0', '0', null, '0', '1', '0', '1', null, '', '0000-00-00', null, null);
INSERT INTO `product` VALUES ('1279', '08039001279', '', null, '0', 'Court File FC Paper Board', '100.00', '2', '39', null, null, '8', '1', null, '0', null, '2', '2', '2', '1', '0', '0', '0', '0', null, '0', '1', '0', '1', null, '', '0000-00-00', null, null);
INSERT INTO `product` VALUES ('1276', '08039001276', '', null, '70', 'Folder FC Plastic', '100.00', '2', '39', null, null, '8', '1', null, '0', null, '2', '2', '2', '1', null, null, null, '4300', null, '0', '1', '0', '1', null, '', '0000-00-00', null, null);
INSERT INTO `product` VALUES ('1275', '08039001275', '', null, '0', 'Folder A4 Plastic', '100.00', '2', '39', null, null, '8', '1', null, '0', null, '2', '2', '2', '1', null, null, null, '4900', null, '0', '1', '0', '1', null, '', '0000-00-00', null, null);
INSERT INTO `product` VALUES ('2451', '12073002451', 'Survey &amp; Revaluation of Properties owned by The City bank Ltd.', null, '0', 'Survey &amp; Revaluation', '0.00', '3', '73', null, null, '12', '0', null, '0', null, '2', null, '10', '1', '0', '0', '0', '0', null, '0', '1', '0', '1', null, '', '0000-00-00', null, null);
INSERT INTO `product` VALUES ('1272', '08039001272', '', null, '70', 'Report Cover File FC', '100.00', '2', '39', null, null, '8', '1', null, '0', null, '2', '2', '2', '1', '0', '0', '0', '0', null, '0', '1', '0', '1', null, '', '0000-00-00', null, null);
INSERT INTO `product` VALUES ('1271', '08039001271', '', null, '0', 'Report Cover File A4', '100.00', '2', '39', null, null, '8', '1', null, '0', null, '2', '2', '2', '1', '0', '0', '0', '0', null, '0', '1', '0', '1', null, '', '0000-00-00', null, null);
INSERT INTO `product` VALUES ('1270', '08039001270', '', null, '70', 'Magazine File Plastic', '100.00', '2', '39', null, null, '8', '1', null, '0', null, '2', '2', '2', '1', '0', '0', '0', '0', null, '0', '1', '0', '1', null, '', '0000-00-00', null, null);
INSERT INTO `product` VALUES ('1269', '08039001269', '', null, '0', 'Magazine File Paper Board', '100.00', '2', '39', null, null, '8', '1', null, '0', null, '2', '2', '2', '1', '0', '0', '0', '0', null, '0', '1', '0', '1', null, '', '0000-00-00', null, null);
INSERT INTO `product` VALUES ('1268', '08039001268', '', null, '70', 'Cosmo Binder File', '100.00', '2', '39', null, null, '8', '1', null, '0', null, '2', '2', '2', '1', '0', '0', '0', '0', null, '0', '1', '0', '1', null, '', '0000-00-00', null, null);
INSERT INTO `product` VALUES ('1266', '08039001266', '', null, '0', 'Index File 3\\\'\\\'-2\\\'\\\'', '100.00', '2', '39', null, null, '8', '1', null, '0', null, '2', '2', '2', '1', '0', '0', '0', '0', null, '0', '1', '0', '1', null, '', '0000-00-00', null, null);
INSERT INTO `product` VALUES ('1265', '08039001265', '', null, '70', 'Index File Devider (plastic )-10 sheet', '100.00', '2', '39', null, null, '8', '1', null, '0', null, '2', '2', '2', '1', '0', '0', '0', '0', null, '0', '1', '0', '1', null, '', '0000-00-00', null, null);
INSERT INTO `product` VALUES ('1264', '08039001264', '', null, '0', 'Slip Pad Colour/White 500 Sheet', '100.00', '2', '42', null, null, '8', '1', null, '0', null, '2', '2', '20', '1', '0', '0', '0', '0', null, '0', '1', '0', '1', null, '', '0000-00-00', null, null);
INSERT INTO `product` VALUES ('1263', '08039001263', '', null, '0', 'Slip Pad Box Holder', '100.00', '2', '41', null, null, '8', '1', null, '0', null, '2', '2', '2', '1', '0', '0', '0', '0', null, '0', '1', '0', '1', null, '', '0000-00-00', null, null);
INSERT INTO `product` VALUES ('1262', '08039001262', '', null, '70', 'Double Clip File FC', '100.00', '2', '39', null, null, '8', '1', null, '0', null, '2', '2', '2', '1', '0', '0', '0', '0', null, '0', '1', '0', '1', null, '', '0000-00-00', null, null);
INSERT INTO `product` VALUES ('1261', '08039001261', '', null, '0', 'Double Clip File A 4', '100.00', '2', '39', null, null, '8', '1', null, '0', null, '2', '2', '2', '1', '0', '0', '0', '0', null, '0', '1', '0', '1', null, '', '0000-00-00', null, null);
INSERT INTO `product` VALUES ('1260', '08039001260', '', null, '0', 'Ring File Plastic Board Inch A4', '100.00', '2', '39', null, null, '8', '1', null, '0', null, '2', '2', '2', '1', '0', '0', '0', '0', null, '0', '1', '0', '1', null, '', '0000-00-00', null, null);
INSERT INTO `product` VALUES ('2450', '07082002450', '', null, '0', 'Fabric Partition', '0.00', '3', '82', null, null, '7', '0', null, '0', null, '2', null, '18', '1', '0', '0', '0', '0', null, '0', '2', '0', '1', null, '', '0000-00-00', null, null);
INSERT INTO `product` VALUES ('1258', '08039001258', '', null, '70', 'Ring File Plastic Board  Inch FC', '100.00', '2', '39', null, null, '8', '1', null, '0', null, '2', '2', '2', '1', '0', '0', '0', '0', null, '0', '1', '0', '1', null, '', '0000-00-00', null, null);
INSERT INTO `product` VALUES ('1255', '08042001255', '', null, '70', 'Carbon Paper Kores-100 Sheet', '100.00', '2', '42', null, null, '8', '1', null, '0', null, '2', '2', '20', '1', '0', '0', '0', '0', null, '0', '1', '0', '1', null, '', '0000-00-00', null, null);
INSERT INTO `product` VALUES ('1254', '08042001254', '', null, '70', 'Carbon Paper Silver-100 Sheet', '100.00', '2', '42', null, null, '8', '1', null, '0', null, '2', '2', '20', '1', '0', '0', '0', '0', null, '0', '1', '0', '1', null, '', '0000-00-00', null, null);
INSERT INTO `product` VALUES ('1253', '08042001253', '', null, '70', 'Art paper 42 A4 120 GSM', '100.00', '2', '42', null, null, '8', '1', null, '0', null, '2', '2', '20', '1', '0', '0', '0', '0', null, '0', '1', '0', '1', null, '', '0000-00-00', null, null);
INSERT INTO `product` VALUES ('1252', '08042001252', '', null, '70', 'Colour Paper A4 80 GSM', '100.00', '2', '42', null, null, '8', '1', null, '0', null, '2', '2', '20', '1', '0', '0', '0', '0', null, '0', '1', '0', '1', null, '', '0000-00-00', null, null);
INSERT INTO `product` VALUES ('1246', '08042001246', '', null, '0', 'Offset 42 Legal 80 GSM', '100.00', '2', '42', null, null, '8', '1', null, '0', null, '2', '2', '19', '1', '0', '0', '0', '0', null, '0', '1', '0', '1', null, '', '0000-00-00', null, null);
INSERT INTO `product` VALUES ('2419', '05063002419', '', null, '0', 'PVC Channel', '0.00', '3', '63', null, null, '5', '2', null, '0', null, '2', null, '6', '1', '0', '0', '0', '0', null, '0', '2', '1', '1', null, '', '0000-00-00', null, null);
INSERT INTO `product` VALUES ('1243', '08042001243', '', null, '70', 'Offset 42 A4 80 GSM', '100.00', '2', '42', null, null, '8', '1', null, '0', null, '2', '2', '2', '0', null, null, null, null, null, '0', '1', '0', '1', null, '', '0000-00-00', null, null);
INSERT INTO `product` VALUES ('1242', '08042001242', '', null, '70', 'Offset 42 A4 80 GSM', '100.00', '2', '42', null, null, '8', '1', null, '0', null, '2', '2', '2', '0', null, null, null, null, null, '0', '1', '0', '1', null, '', '0000-00-00', null, null);
INSERT INTO `product` VALUES ('2585', '02012002585', '', null, '0', 'Manarah Fund Transfer Application Form', '0.00', '3', '12', null, null, '2', '1', null, '0', null, '2', null, '2', '1', '0', '0', '0', '0', null, '0', '1', '0', '0', null, '', '0000-00-00', null, null);
INSERT INTO `product` VALUES ('1239', '08042001239', '', null, '70', 'Photocopy Paper Legal 70 GSM', '100.00', '2', '42', null, null, '8', '1', null, '0', null, '2', '2', '19', '1', '0', '0', '0', '0', null, '0', '1', '0', '1', null, '', '0000-00-00', null, null);
INSERT INTO `product` VALUES ('1237', '08042001237', '', null, '0', 'Photocopy Paper A4 70 GSM', '100.00', '2', '42', null, null, '8', '1', null, '0', null, '2', '2', '19', '1', '0', '0', '0', '0', null, '0', '1', '0', '1', null, '', '0000-00-00', null, null);
INSERT INTO `product` VALUES ('1235', '07038001235', '', null, '70', 'Round Table for Meeting', '100.00', '2', '38', null, null, '7', '2', null, '0', null, '2', '2', '2', '1', null, null, null, null, null, '0', '1', '0', '1', null, '', '0000-00-00', null, null);
INSERT INTO `product` VALUES ('1234', '07038001234', '', null, '980', 'Chair', '100.00', '2', '38', null, null, '7', '2', null, '0', null, '2', '2', '2', '1', null, null, null, null, null, '0', '1', '0', '1', null, '', '0000-00-00', null, null);
INSERT INTO `product` VALUES ('1233', '07038001233', '', null, '70', 'Conference Table', '100.00', '2', '38', null, null, '7', '2', null, '0', null, '2', '2', '2', '1', null, null, null, null, null, '0', '1', '0', '1', null, '', '0000-00-00', null, null);
INSERT INTO `product` VALUES ('1232', '07038001232', '', null, '22', '8 person Work Station', '100.00', '2', '82', null, null, '7', '2', null, '0', null, '2', '2', '2', '1', null, null, null, '0', null, '0', '2', '0', '1', null, '', '0000-00-00', null, null);
INSERT INTO `product` VALUES ('1231', '07038001231', '', null, '70', 'Visitor Chair', '100.00', '2', '38', null, null, '7', '2', null, '0', null, '2', '2', '2', '1', null, null, null, null, null, '0', '1', '0', '1', null, '', '0000-00-00', null, null);
INSERT INTO `product` VALUES ('1230', '07038001230', '', null, '0', 'Side Rack', '100.00', '2', '38', null, null, '7', '2', null, '0', null, '2', '2', '2', '1', '0', '0', '0', '0', null, '0', '2', '0', '1', null, '', '0000-00-00', null, null);
INSERT INTO `product` VALUES ('1229', '07038001229', '', null, '0', 'Executive Table', '100.00', '2', '38', null, null, '7', '2', null, '0', null, '2', '2', '2', '1', null, null, null, null, null, '0', '1', '0', '1', null, '', '0000-00-00', null, null);
INSERT INTO `product` VALUES ('1228', '07038001228', '', null, '70', 'Suggesition Drop Box', '100.00', '2', '38', null, null, '7', '1', null, '0', null, '2', '2', '2', '1', null, null, null, null, null, '0', '1', '0', '1', null, '', '0000-00-00', null, null);
INSERT INTO `product` VALUES ('1227', '07038001227', '', null, '0', 'Officer Chair', '100.00', '2', '38', null, null, '7', '2', null, '0', null, '2', '2', '2', '1', null, null, null, null, null, '0', '1', '0', '1', null, '', '0000-00-00', null, null);
INSERT INTO `product` VALUES ('1226', '07038001226', '', null, '70', 'Full Hight Filling Rack', '100.00', '2', '38', null, null, '7', '2', null, '0', null, '2', '2', '2', '1', null, null, null, null, null, '0', '1', '0', '1', null, '', '0000-00-00', null, null);
INSERT INTO `product` VALUES ('1225', '07038001225', '', null, '3400', 'Manager Chair', '100.00', '2', '38', null, null, '7', '2', null, '0', null, '2', '2', '2', '1', null, null, null, null, null, '0', '1', '0', '1', null, '', '0000-00-00', null, null);
INSERT INTO `product` VALUES ('1224', '07038001224', '', null, '0', 'Fire Proof Steel 11 Cabinet', '100.00', '2', '38', null, null, '7', '2', null, '0', null, '2', '2', '2', '1', null, null, null, null, null, '0', '1', '0', '1', null, '', '0000-00-00', null, null);
INSERT INTO `product` VALUES ('1223', '07038001223', '', null, '70', 'Steel 11 Cabinet', '100.00', '2', '38', null, null, '7', '2', null, '0', null, '2', '2', '2', '1', null, null, null, null, null, '0', '1', '0', '1', null, '', '0000-00-00', null, null);
INSERT INTO `product` VALUES ('1222', '07038001222', '', null, '70', 'Slotted Angle Rack', '100.00', '2', '38', null, null, '7', '2', null, '0', null, '2', '2', '2', '1', null, null, null, null, null, '0', '1', '0', '1', null, '', '0000-00-00', null, null);
INSERT INTO `product` VALUES ('1221', '06037001221', '', null, '70', 'Accssories', '100.00', '2', '101', '20', '0', '6', '1', '14', '0', null, '2', '2', '2', '1', '0', '0', '0', null, null, '0', '2', '0', '1', null, '', '0000-00-00', null, null);
INSERT INTO `product` VALUES ('1220', '06037001220', '', null, '70', 'CNG convertion', '100.00', '2', '37', null, null, '6', '2', null, '0', null, '2', '2', '2', '1', null, null, null, null, null, '0', '1', '0', '1', null, '', '0000-00-00', null, null);
INSERT INTO `product` VALUES ('1218', '06037001218', '', null, '1200000', 'Car ', '100.00', '2', '37', null, null, '6', '2', null, '0', null, '2', '2', '2', '1', null, null, null, '0', null, '0', '2', '0', '1', null, '', '0000-00-00', null, null);
INSERT INTO `product` VALUES ('1219', '06037001219', '', null, '0', 'Registration', '100.00', '2', '37', null, null, '6', '2', null, '0', null, '2', '2', '2', '1', null, null, null, '0', null, '0', '2', '0', '1', null, '', '0000-00-00', null, null);
INSERT INTO `product` VALUES ('1217', '05035001217', '', null, '0', 'Diebold journal thermal roll', '100.00', '2', '35', null, null, '5', '1', null, '0', null, '2', '2', '9', '1', '0', '0', '0', '0', null, '0', '1', '0', '1', null, '', '0000-00-00', null, null);
INSERT INTO `product` VALUES ('1216', '05035001216', '', null, '0', 'Thermal Roll', '100.00', '2', '35', null, null, '5', '1', null, '0', null, '2', '2', '2', '1', null, null, null, '4800', null, '0', '1', '0', '1', null, '', '0000-00-00', null, null);
INSERT INTO `product` VALUES ('1215', '05035001215', '', null, '0', 'Router (Mikrotik) for ATM', '100.00', '2', '35', null, null, '5', '2', null, '0', null, '2', '2', '2', '1', '0', '0', '0', '0', null, '0', '2', '0', '1', null, '', '0000-00-00', null, null);
INSERT INTO `product` VALUES ('1214', '05035001214', '', null, '70', 'Journal 42', '100.00', '2', '35', null, null, '5', '1', null, '0', null, '2', '2', '2', '0', null, null, null, null, null, '0', '1', '0', '1', null, '', '0000-00-00', null, null);
INSERT INTO `product` VALUES ('1213', '05035001213', '', null, '0', 'Wincor Nixdorf NP06 Ribbom', '100.00', '2', '35', null, null, '5', '1', null, '0', null, '2', '2', '9', '1', '0', '0', '0', '0', null, '0', '1', '0', '1', null, '', '0000-00-00', null, null);
INSERT INTO `product` VALUES ('1212', '05036001212', '', null, '1400000', 'CC TV', '100.00', '2', '36', null, null, '5', '2', null, '0', null, '2', '2', '2', '0', null, null, null, null, null, '0', '1', '0', '1', null, '', '0000-00-00', null, null);
INSERT INTO `product` VALUES ('1211', '05036001211', '', null, '70', 'DVD Player', '100.00', '2', '36', null, null, '5', '2', null, '0', null, '2', '2', '2', '1', null, null, null, null, null, '0', '1', '0', '1', null, '', '0000-00-00', null, null);
INSERT INTO `product` VALUES ('1210', '05036001210', '', null, '0', 'Box Fan', '100.00', '2', '32', null, null, '5', '1', null, '0', null, '2', '2', '2', '1', '0', '0', '0', '0', null, '0', '1', '0', '1', null, '', '0000-00-00', null, null);
INSERT INTO `product` VALUES ('1209', '05036001209', '', null, '70', 'LED TV', '100.00', '2', '36', null, null, '5', '2', null, '0', null, '2', '2', '2', '1', null, null, null, null, null, '0', '1', '0', '1', null, '', '0000-00-00', null, null);
INSERT INTO `product` VALUES ('1208', '05036001208', '', null, '0', 'LCD TV', '100.00', '2', '36', null, null, '5', '2', null, '0', null, '2', '2', '2', '1', '0', '0', '0', '0', null, '0', '2', '0', '1', null, '', '0000-00-00', null, null);
INSERT INTO `product` VALUES ('1207', '05036001207', '', null, '140000', 'AC', '100.00', '2', '36', null, null, '5', '2', null, '0', null, '5', '2', '2', '0', null, null, null, null, null, '0', '1', '0', '1', null, '', '0000-00-00', null, null);
INSERT INTO `product` VALUES ('1206', '05036001206', '', null, '0', 'Diesel Generator 100KVA', '100.00', '2', '88', null, null, '5', '2', null, '0', null, '2', '2', '10', '1', '0', '0', '0', '0', null, '0', '2', '0', '1', null, '', '0000-00-00', null, null);
INSERT INTO `product` VALUES ('1205', '05036001205', '', null, '7800', 'Paper Shredder', '100.00', '2', '36', null, null, '5', '1', null, '0', null, '2', '2', '2', '1', '0', '0', '0', '0', null, '0', '1', '0', '1', null, '', '0000-00-00', null, null);
INSERT INTO `product` VALUES ('1204', '05036001204', '', null, '70', 'Digital Camera', '100.00', '2', '36', null, null, '5', '2', null, '0', null, '2', '2', '2', '1', '0', '0', '0', '0', null, '0', '2', '0', '1', null, '', '0000-00-00', null, null);
INSERT INTO `product` VALUES ('1203', '05036001203', '', null, '0', 'Vacuum Cleaner Machine', '100.00', '2', '36', null, null, '5', '2', null, '0', null, '2', '2', '2', '1', null, null, null, null, null, '0', '1', '0', '1', null, '', '0000-00-00', null, null);
INSERT INTO `product` VALUES ('1202', '05036001202', '', null, '70', 'Audio Conference System', '100.00', '2', '36', null, null, '5', '2', null, '0', null, '2', '2', '2', '1', null, null, null, null, null, '0', '1', '0', '1', null, '', '0000-00-00', null, null);
INSERT INTO `product` VALUES ('1201', '05036001201', '', null, '0', 'Electric Tea pot', '100.00', '2', '36', null, null, '5', '1', null, '0', null, '2', '2', '2', '1', null, null, null, null, null, '0', '1', '0', '1', null, '', '0000-00-00', null, null);
INSERT INTO `product` VALUES ('1200', '05036001200', '', null, '70', 'Refrigerator', '100.00', '2', '36', null, null, '5', '2', null, '0', null, '2', '2', '2', '1', null, null, null, null, null, '0', '1', '0', '1', null, '', '0000-00-00', null, null);
INSERT INTO `product` VALUES ('1199', '05036001199', '', null, '0', 'Micro Wave Oven', '100.00', '2', '36', null, null, '5', '2', null, '0', null, '2', '2', '2', '1', '0', '0', '0', '0', null, '0', '2', '0', '1', null, '', '0000-00-00', null, null);
INSERT INTO `product` VALUES ('1198', '05036001198', '', null, '70', 'Microphone', '100.00', '2', '36', null, null, '5', '1', null, '0', null, '2', '2', '2', '1', null, null, null, null, null, '0', '1', '0', '1', null, '', '0000-00-00', null, null);
INSERT INTO `product` VALUES ('1197', '05036001197', '', null, '0', 'Sound System', '100.00', '2', '36', null, null, '5', '2', null, '0', null, '2', '2', '2', '1', '0', '0', '0', '0', null, '0', '2', '0', '1', null, '', '0000-00-00', null, null);
INSERT INTO `product` VALUES ('1196', '05036001196', '', null, '0', 'Fax Machine', '100.00', '2', '36', null, null, '5', '2', null, '0', null, '2', '2', '2', '1', '0', '0', '0', '0', null, '0', '2', '0', '1', null, '', '0000-00-00', null, null);
INSERT INTO `product` VALUES ('1940', '05063001940', '', null, '0', 'PABX System for 16 Line', '0.00', '3', '63', null, null, '5', '2', null, '0', null, '2', null, '10', '1', '0', '0', '0', '0', null, '0', '2', '0', '1', null, '', '0000-00-00', null, null);
INSERT INTO `product` VALUES ('1194', '05036001194', '', null, '70', 'Mobile handset', '100.00', '2', '36', null, null, '5', '1', null, '0', null, '2', '2', '2', '1', null, null, null, null, null, '0', '1', '0', '1', null, '', '0000-00-00', null, null);
INSERT INTO `product` VALUES ('1935', '05060001935', '', null, '0', 'Telephone Set with caller ID', '0.00', '3', '60', null, null, '5', '2', null, '0', null, '2', null, '2', '1', '0', '0', '0', '0', null, '0', '2', '0', '1', null, '', '0000-00-00', null, null);
INSERT INTO `product` VALUES ('1192', '05036001192', '', null, '0', 'Fake Note Ditector', '100.00', '2', '36', null, null, '5', '2', null, '0', null, '2', '2', '2', '1', '0', '0', '0', '0', null, '0', '2', '0', '1', null, '', '0000-00-00', null, null);
INSERT INTO `product` VALUES ('1191', '05036001191', '', null, '0', 'Note Counting Machine', '100.00', '2', '36', null, null, '5', '2', null, '0', null, '2', '2', '2', '1', '0', '0', '0', '0', null, '0', '2', '0', '1', null, '', '0000-00-00', null, null);
INSERT INTO `product` VALUES ('1190', '05036001190', '', null, '0', 'Photocopy Machine', '100.00', '2', '36', null, null, '5', '2', null, '0', null, '2', '2', '2', '0', null, null, null, null, null, '0', '1', '0', '1', null, '', '0000-00-00', null, null);
INSERT INTO `product` VALUES ('1189', '04033001189', '', null, '0', 'Sticker', '100.00', '2', '33', null, null, '4', '1', null, '0', null, '2', '2', '2', '1', null, null, null, null, null, '0', '1', '0', '1', null, '', '0000-00-00', null, null);
INSERT INTO `product` VALUES ('1188', '04033001188', '', null, '70', 'Key Ring', '100.00', '2', '33', null, null, '4', '1', null, '0', null, '2', '2', '2', '1', null, null, null, null, null, '0', '1', '0', '1', null, '', '0000-00-00', null, null);
INSERT INTO `product` VALUES ('1187', '04033001187', '', null, '70', 'AMEX Hanging -Open/close', '100.00', '2', '33', null, null, '4', '1', null, '0', null, '2', '2', '2', '1', null, null, null, null, null, '0', '1', '0', '1', null, '', '0000-00-00', null, null);
INSERT INTO `product` VALUES ('1186', '04033001186', '', null, '70', 'AMEX Wellcome Standee', '100.00', '2', '33', null, null, '4', '1', null, '0', null, '2', '2', '2', '1', null, null, null, null, null, '0', '1', '0', '1', null, '', '0000-00-00', null, null);
INSERT INTO `product` VALUES ('1185', '04033001185', '', null, '0', 'Acrylic Crest', '100.00', '2', '33', null, null, '4', '1', null, '0', null, '2', '2', '2', '1', null, null, null, null, null, '0', '1', '0', '1', null, '', '0000-00-00', null, null);
INSERT INTO `product` VALUES ('1184', '04033001184', '', null, '70', 'Foreign Currency Rate Board', '100.00', '2', '33', null, null, '4', '2', null, '0', null, '2', '2', '2', '1', null, null, null, null, null, '0', '1', '0', '1', null, '', '0000-00-00', null, null);
INSERT INTO `product` VALUES ('1183', '04033001183', '', null, '70', 'Magnetic Service Board', '100.00', '2', '33', null, null, '4', '2', null, '0', null, '2', '2', '2', '1', null, null, null, null, null, '0', '1', '0', '1', null, '', '0000-00-00', null, null);
INSERT INTO `product` VALUES ('1182', '04033001182', '', null, '0', 'Card Pouch', '100.00', '2', '33', null, null, '4', '1', null, '0', null, '2', '2', '2', '1', '0', '0', '0', '0', null, '0', '1', '0', '1', null, '', '0000-00-00', null, null);
INSERT INTO `product` VALUES ('1181', '04033001181', '', null, '70', 'Electric Diposit Rate Board', '100.00', '2', '33', null, null, '4', '2', null, '0', null, '2', '2', '2', '1', null, null, null, null, null, '0', '1', '0', '1', null, '', '0000-00-00', null, null);
INSERT INTO `product` VALUES ('1180', '04033001180', '', null, '70', 'Rope', '100.00', '2', '33', null, null, '4', '1', null, '0', null, '2', '2', '2', '1', null, null, null, null, null, '0', '1', '0', '1', null, '', '0000-00-00', null, null);
INSERT INTO `product` VALUES ('1178', '04033001178', '', null, '70', 'Ribbon', '100.00', '2', '33', null, null, '4', '1', null, '0', null, '2', '2', '2', '1', null, null, null, null, null, '0', '1', '0', '1', null, '', '0000-00-00', null, null);
INSERT INTO `product` VALUES ('1179', '04033001179', '', null, '0', 'Q-Stand', '100.00', '2', '33', null, null, '4', '1', null, '0', null, '2', '2', '2', '1', null, null, null, null, null, '0', '1', '0', '1', null, '', '0000-00-00', null, null);
INSERT INTO `product` VALUES ('1177', '04034001177', '', null, '0', 'T-Shirt', '100.00', '2', '34', null, null, '4', '1', null, '0', null, '2', '2', '2', '1', null, null, null, null, null, '0', '1', '0', '1', null, '', '0000-00-00', null, null);
INSERT INTO `product` VALUES ('1176', '04034001176', '', null, '70', 'Mug', '100.00', '2', '34', null, null, '4', '1', null, '0', null, '2', '2', '2', '1', null, null, null, null, null, '0', '1', '0', '1', null, '', '0000-00-00', null, null);
INSERT INTO `product` VALUES ('1175', '04034001175', '', null, '4500', 'Gift Box', '100.00', '2', '34', null, null, '4', '1', null, '0', null, '2', '2', '2', '1', null, null, null, null, null, '0', '1', '0', '1', null, '', '0000-00-00', null, null);
INSERT INTO `product` VALUES ('1174', '04034001174', '', null, '0', 'Pen', '100.00', '5', '101', '20', '0', '4', '1', '16', '0', null, '2', '2', '2', '1', '0', '0', '0', null, null, '0', '2', '0', '1', null, '', '0000-00-00', null, null);
INSERT INTO `product` VALUES ('1173', '04034001173', '', null, '0', 'Ladis Purse', '100.00', '2', '34', null, null, '4', '1', null, '0', null, '2', '2', '2', '1', null, null, null, null, null, '0', '1', '0', '1', null, '', '0000-00-00', null, null);
INSERT INTO `product` VALUES ('1172', '04034001172', '', null, '70', 'Leather Wallet', '100.00', '2', '34', null, null, '4', '1', null, '0', null, '2', '2', '2', '1', null, null, null, null, null, '0', '1', '0', '1', null, '', '0000-00-00', null, null);
INSERT INTO `product` VALUES ('1171', '04034001171', '', null, '70', 'Clock', '100.00', '2', '34', null, null, '4', '1', null, '0', null, '2', '2', '2', '1', null, null, null, null, null, '0', '1', '0', '1', null, '', '0000-00-00', null, null);
INSERT INTO `product` VALUES ('1170', '03032001170', '', null, '70', 'Time Attendance Device', '100.00', '2', '32', null, null, '3', '2', null, '0', null, '2', '2', '2', '1', null, null, null, null, null, '0', '1', '0', '1', null, '', '0000-00-00', null, null);
INSERT INTO `product` VALUES ('1169', '03032001169', '', null, '0', 'Access Control System_Single Door', '100.00', '2', '81', null, null, '3', '2', null, '0', null, '2', '2', '10', '1', '0', '0', '0', '0', null, '0', '2', '0', '1', null, '', '0000-00-00', null, null);
INSERT INTO `product` VALUES ('1168', '03032001168', '', null, '70', 'Test', '100.00', '2', '32', null, null, '3', '0', null, '0', null, '2', '2', '2', '0', null, null, null, null, null, '0', '1', '0', '1', null, '', '0000-00-00', null, null);
INSERT INTO `product` VALUES ('1167', '03032001167', '', null, '0', 'De-Humidi Fire', '100.00', '2', '32', null, null, '3', '2', null, '0', null, '2', '2', '2', '0', null, null, null, null, null, '0', '1', '0', '1', null, '', '0000-00-00', null, null);
INSERT INTO `product` VALUES ('1166', '03032001166', '', null, '70', 'Fire Proof Strong Room Door', '100.00', '2', '32', null, null, '3', '2', null, '0', null, '2', '2', '2', '1', null, null, null, null, null, '0', '1', '0', '1', null, '', '0000-00-00', null, null);
INSERT INTO `product` VALUES ('1165', '03032001165', '', null, '0', 'Fire Proof Iron Safe-Cash Volt', '100.00', '2', '32', null, null, '3', '2', null, '0', null, '2', '2', '2', '1', '0', '0', '0', '0', null, '0', '2', '0', '1', null, '', '0000-00-00', null, null);
INSERT INTO `product` VALUES ('1164', '03032001164', '', null, '70', 'Safe Diposit Locker', '100.00', '2', '32', null, null, '3', '2', null, '0', null, '2', '2', '2', '1', null, null, null, null, null, '0', '1', '0', '1', null, '', '0000-00-00', null, null);
INSERT INTO `product` VALUES ('1163', '03032001163', '', null, '70', 'Dual Lock Steel Drawer', '100.00', '2', '32', null, null, '3', '2', null, '0', null, '2', '2', '2', '1', null, null, null, null, null, '0', '1', '0', '1', null, '', '0000-00-00', null, null);
INSERT INTO `product` VALUES ('1020', '01001001020', '', null, '70', 'Server Rack', '100.00', '2', '1', null, null, '1', '2', null, '0', null, '2', '2', '2', '1', null, null, null, null, null, '0', '1', '0', '1', null, '', '0000-00-00', null, null);
INSERT INTO `product` VALUES ('1019', '01001001019', '', null, '70', 'Layer 3 CISCO Switch 3560', '100.00', '2', '115', null, null, '1', '2', null, '0', null, '2', '2', '2', '1', '0', '0', '0', '0', null, '0', '2', '0', '1', null, '', '0000-00-00', null, null);
INSERT INTO `product` VALUES ('2555', '12099002555', '', null, '0', 'Food', '0.00', '3', '99', null, null, '12', '0', null, '0', null, '2', null, '5', '1', '0', '0', '0', '0', null, '0', '1', '0', '1', null, '', '0000-00-00', null, null);
INSERT INTO `product` VALUES ('1017', '01001001017', '', null, '70', 'Wise IP', '100.00', '2', '1', null, null, '1', '1', null, '0', null, '2', '2', '2', '1', null, null, null, null, null, '0', '1', '0', '1', null, '', '0000-00-00', null, null);
INSERT INTO `product` VALUES ('1016', '01001001016', '', null, '0', 'Scanner-Flatbed', '100.00', '2', '79', null, null, '1', '2', null, '0', null, '2', '2', '2', '1', null, null, null, '0', null, '0', '2', '0', '1', null, '', '0000-00-00', null, null);
INSERT INTO `product` VALUES ('1937', '01061001937', 'Laser Jet Printer; Brand: Samsung', null, '0', 'Printer Laser Jet', '0.00', '3', '61', null, null, '1', '2', null, '0', null, '2', null, '2', '1', null, null, null, '0', null, '0', '2', '0', '1', null, '', '0000-00-00', null, null);
INSERT INTO `product` VALUES ('1014', '01001001014', '', null, '0', 'Online UPS- back up 2 hours full load', '100.00', '2', '47', null, null, '1', '2', null, '0', null, '2', '2', '1', '1', '0', '0', '0', '0', null, '0', '2', '0', '1', null, '', '0000-00-00', null, null);
INSERT INTO `product` VALUES ('1013', '01001001013', '', null, '70', 'Floor Mount Network Cabinet', '100.00', '2', '1', null, null, '1', '2', null, '0', null, '2', '2', '2', '1', null, null, null, null, null, '0', '1', '0', '1', null, '', '0000-00-00', null, null);
INSERT INTO `product` VALUES ('1012', '01001001012', '', null, '70', 'Projector Screen', '100.00', '2', '36', null, null, '1', '2', null, '0', null, '2', '2', '2', '1', '0', '0', '0', '0', null, '0', '2', '0', '1', null, '', '0000-00-00', null, null);
INSERT INTO `product` VALUES ('1011', '01001001011', '', null, '70', 'Multimedia Projector', '100.00', '2', '36', null, null, '1', '2', null, '0', null, '2', '2', '2', '1', '0', '0', '0', '0', null, '0', '2', '0', '1', null, '', '0000-00-00', null, null);
INSERT INTO `product` VALUES ('1010', '01001001010', '', null, '5400', 'Offline UPS 1KVA/1200 VA', '100.00', '2', '77', null, null, '1', '2', null, '0', null, '2', '2', '2', '1', '0', '0', '0', '0', null, '0', '2', '0', '1', null, '', '0000-00-00', null, null);
INSERT INTO `product` VALUES ('1009', '01001001009', '', null, '0', 'PC', '100.00', '2', '46', null, null, '1', '2', null, '0', null, '2', '2', '2', '1', null, null, null, '0', null, '0', '2', '0', '1', null, '', '0000-00-00', null, null);
INSERT INTO `product` VALUES ('1008', '01001001008', '', null, '800', 'Anti Virus', '100.00', '2', '1', null, null, '1', '2', null, '0', null, '5', '2', '2', '0', null, null, null, null, null, '0', '1', '0', '1', null, '', '0000-00-00', null, null);
INSERT INTO `product` VALUES ('1007', '01001001007', '', null, '0', 'Local Area Network (LAN)', '100.00', '2', '1', null, null, '1', '2', null, '0', null, '2', '2', '10', '1', '0', '0', '0', '0', null, '0', '2', '0', '1', null, '', '0000-00-00', null, null);
INSERT INTO `product` VALUES ('1006', '01001001006', 'CISCO 2960-24-TCL', null, '70', 'Network Switch CISCO 2960', '100.00', '2', '115', null, null, '1', '2', null, '0', null, '2', '2', '2', '1', '0', '0', '0', '0', null, '0', '2', '0', '1', null, '', '0000-00-00', null, null);
INSERT INTO `product` VALUES ('1005', '01001001005', '', null, '70', 'Software-Assest tracking', '100.00', '2', '1', null, null, '1', '2', null, '0', null, '2', '2', '2', '1', null, null, null, null, null, '0', '1', '0', '1', null, '', '0000-00-00', null, null);
INSERT INTO `product` VALUES ('1004', '01001001004', '', null, '70', 'Software-HR', '100.00', '2', '1', null, null, '1', '2', null, '0', null, '2', '2', '2', '1', null, null, null, null, null, '0', '1', '0', '1', null, '', '0000-00-00', null, null);
INSERT INTO `product` VALUES ('1002', '01001001002', '', null, '560', 'Server', '100.00', '2', '1', null, null, '1', '2', null, '0', null, '2', '2', '2', '1', null, null, null, '0', null, '0', '2', '0', '1', null, '', '0000-00-00', null, null);
INSERT INTO `product` VALUES ('1498', '01001151498', 'description', null, '22000000', 'Software-Banking software-Finnacle', '0.00', '3', '1', null, null, '1', '2', null, '15', null, '1', null, '1', '1', null, null, null, null, null, '0', '1', '0', '1', null, '', '0000-00-00', null, null);
INSERT INTO `product` VALUES ('2457', '02010002457', '', null, '0.96', 'City Window Envelop', '0.00', '3', '10', null, null, '2', '1', null, '0', null, '2', null, '2', '0', '0', '0', '0', '0', null, '0', '1', '0', '0', null, '', '0000-00-00', null, null);
INSERT INTO `product` VALUES ('2415', '05063002415', '', null, '0', 'Battery with adapter', '0.00', '3', '63', null, null, '5', '2', null, '0', null, '2', null, '1', '1', '0', '0', '0', '0', null, '0', '2', '0', '1', null, '', '0000-00-00', null, null);
INSERT INTO `product` VALUES ('1501', '8041001501', '', null, '0', 'Application for Cheque Book Form', '100.00', '3', '41', null, null, '2', '2', null, '0', null, '2', '2', '2', '0', '0', '0', '0', '0', null, '0', '2', '0', '0', null, '', '0000-00-00', null, null);
INSERT INTO `product` VALUES ('2400', '04085002400', '', null, '0', 'Brown Hand Made Paper', '0.00', '3', '85', null, null, '4', '1', null, '0', null, '2', null, '2', '1', '0', '0', '0', '0', null, '0', '1', '0', '1', null, '', '0000-00-00', null, null);
INSERT INTO `product` VALUES ('1504', '8041001504', '', null, '0', 'A.O.F Locker Form', '100.00', '3', '12', null, null, '2', '2', null, '0', null, '2', '2', '2', '1', '0', '0', '0', '0', null, '0', '2', '0', '0', null, '', '0000-00-00', null, null);
INSERT INTO `product` VALUES ('2421', '03050002421', '', null, '0', 'MICR Cheque Reader', '0.00', '3', '50', null, null, '3', '0', null, '0', null, '2', null, '2', '1', '0', '0', '0', '0', null, '0', '2', '0', '1', null, '', '0000-00-00', null, null);
INSERT INTO `product` VALUES ('1506', '8041001506', '', null, '0', 'Personal Account Opening Form', '100.00', '3', '41', null, null, '2', '2', null, '0', null, '2', '2', '2', '0', '0', '0', '0', '0', null, '0', '2', '0', '0', null, '', '0000-00-00', null, null);
INSERT INTO `product` VALUES ('2434', '05087002434', '', null, '0', 'Flexible Pipe', '0.00', '3', '87', null, null, '5', '0', null, '0', null, '2', null, '6', '1', '0', '0', '0', '0', null, '0', '2', '1', '1', null, '', '0000-00-00', null, null);
INSERT INTO `product` VALUES ('2394', '05065002394', '', null, '0', 'POS Roll Co Branded', '0.00', '3', '65', null, null, '5', '0', null, '0', null, '2', null, '9', '1', '0', '0', '0', '0', null, '0', '1', '0', '1', null, '', '0000-00-00', null, null);
INSERT INTO `product` VALUES ('2395', '03032002395', 'Rice spoon', null, '0', 'Rice spoon', '0.00', '3', '32', null, null, '3', '0', null, '0', null, '2', null, '2', '1', '0', '0', '0', '0', null, '0', '1', '0', '1', null, '', '0000-00-00', null, null);
INSERT INTO `product` VALUES ('2396', '05035002396', '', null, '0', 'Wincore ATM Receipt thermal roll', '0.00', '3', '35', null, null, '5', '0', null, '0', null, '2', null, '9', '1', '0', '0', '0', '0', null, '0', '1', '0', '1', null, '', '0000-00-00', null, null);
INSERT INTO `product` VALUES ('1511', '8041001511', '', null, '0', 'Personal A.O.F City Projonmo', '100.00', '3', '41', null, null, '2', '2', null, '0', null, '2', '2', '2', '0', '0', '0', '0', '0', null, '0', '2', '0', '0', null, '', '0000-00-00', null, null);
INSERT INTO `product` VALUES ('1512', '8041001512', '', null, '2.29', 'City Wallet Application Form', '100.00', '3', '12', null, null, '2', '1', null, '0', null, '2', '2', '2', '1', '0', '0', '0', '0', null, '0', '1', '0', '1', null, '', '0000-00-00', null, null);
INSERT INTO `product` VALUES ('1513', '8041001513', '', null, '0', 'I-Bank Application Form', '100.00', '3', '41', null, null, '2', '2', null, '0', null, '2', '2', '2', '0', '0', '0', '0', '0', null, '0', '2', '0', '0', null, '', '0000-00-00', null, null);
INSERT INTO `product` VALUES ('1515', '8041001515', '', null, '0', 'City Ichhapuran Application Form', '100.00', '3', '12', null, null, '2', '2', null, '0', null, '2', '2', '2', '1', '0', '0', '0', '0', null, '0', '2', '0', '0', null, '', '0000-00-00', null, null);
INSERT INTO `product` VALUES ('2490', '02021002490', '', null, '0.95', 'OBC Schedule', '0.00', '3', '21', null, null, '2', '1', null, '0', null, '2', null, '15', '1', '0', '0', '0', '0', null, '0', '1', '0', '0', null, '', '0000-00-00', null, null);
INSERT INTO `product` VALUES ('1518', '8041001518', '', null, '0', 'Intimation PAD', '100.00', '3', '41', null, null, '2', '2', null, '0', null, '2', '2', '2', '1', '0', '0', '0', '0', null, '0', '2', '0', '0', null, '', '0000-00-00', null, null);
INSERT INTO `product` VALUES ('1521', '8041001521', '', null, '0', 'T.M Form', '100.00', '3', '12', null, null, '2', '1', null, '0', null, '2', '2', '15', '1', '0', '0', '0', '0', null, '0', '1', '0', '0', null, '', '0000-00-00', null, null);
INSERT INTO `product` VALUES ('1522', '8041001522', '', null, '0', 'I.M.P Form', '100.00', '3', '41', null, null, '2', '2', null, '0', null, '2', '2', '2', '0', '0', '0', '0', '0', null, '0', '2', '0', '0', null, '', '0000-00-00', null, null);
INSERT INTO `product` VALUES ('2408', '02074002408', '', null, '0', 'BB Schedules', '0.00', '3', '74', null, null, '2', '1', null, '0', null, '2', null, '2', '1', '0', '0', '0', '0', null, '0', '1', '0', '0', null, '', '0000-00-00', null, null);
INSERT INTO `product` VALUES ('2409', '02074002409', '', null, '0', 'Bangladesh bank statements', '0.00', '3', '74', null, null, '2', '1', null, '0', null, '2', null, '2', '0', '0', '0', '0', '0', null, '0', '1', '0', '0', null, '', '0000-00-00', null, null);
INSERT INTO `product` VALUES ('2410', '02074002410', '', null, '0', 'Bangladesh bank schedules', '0.00', '3', '74', null, null, '2', '1', null, '0', null, '2', null, '2', '1', '0', '0', '0', '0', null, '0', '1', '0', '0', null, '', '0000-00-00', null, null);
INSERT INTO `product` VALUES ('2411', '05063002411', '', null, '0', 'Master Set', '0.00', '3', '63', null, null, '5', '2', null, '0', null, '2', null, '14', '1', '0', '0', '0', '0', null, '0', '2', '0', '1', null, '', '0000-00-00', null, null);
INSERT INTO `product` VALUES ('1529', '8041001529', '', null, '0', 'PO/PS/SDR Application Form', '100.00', '3', '41', null, null, '2', '2', null, '0', null, '2', '2', '2', '0', '0', '0', '0', '0', null, '0', '2', '0', '0', null, '', '0000-00-00', null, null);
INSERT INTO `product` VALUES ('2425', '03032002425', '', null, '28.5', 'Plastic Packet for RFC', '0.00', '3', '41', null, null, '3', '1', null, '0', null, '2', null, '2', '1', '0', '0', '0', '0', null, '0', '1', '0', '1', null, '', '0000-00-00', null, null);
INSERT INTO `product` VALUES ('2423', '03050002423', '', null, '0', 'Delivery Charge', '0.00', '3', '51', null, null, '3', '2', null, '0', null, '2', null, '10', '1', '0', '0', '0', '0', null, '0', '2', '1', '1', null, '', '0000-00-00', null, null);
INSERT INTO `product` VALUES ('2426', '05086002426', '', null, '0', 'Time Attendance Device &amp; Automatic Attendance Record System', '0.00', '3', '86', null, null, '5', '0', null, '0', null, '2', null, '2', '1', '0', '0', '0', '0', null, '0', '2', '0', '1', null, '', '0000-00-00', null, null);
INSERT INTO `product` VALUES ('1533', '8041001533', '', null, '0', 'Letter of HYP. of Goods for Demand Cash Cr. Forms.', '100.00', '3', '41', null, null, '2', '2', null, '0', null, '2', '2', '15', '1', '0', '0', '0', '0', null, '0', '2', '0', '0', null, '', '0000-00-00', null, null);
INSERT INTO `product` VALUES ('1535', '8041001535', '', null, '0', 'Letter of Guarantee Forms.', '100.00', '3', '41', null, null, '2', '2', null, '0', null, '2', '2', '2', '0', '0', '0', '0', '0', null, '0', '2', '0', '0', null, '', '0000-00-00', null, null);
INSERT INTO `product` VALUES ('2429', '05086002429', '', null, '0', 'Interface Cable &amp; Power Cable with Socket', '0.00', '3', '86', null, null, '5', '2', null, '0', null, '2', null, '6', '1', '0', '0', '0', '0', null, '0', '2', '1', '1', null, '', '0000-00-00', null, null);
INSERT INTO `product` VALUES ('1541', '8041001541', '', null, '0', 'Letter of Hypothecation (Bills) Form.', '100.00', '3', '41', null, null, '2', '2', null, '0', null, '2', '2', '2', '0', '0', '0', '0', '0', null, '0', '2', '0', '0', null, '', '0000-00-00', null, null);
INSERT INTO `product` VALUES ('1542', '8041001542', '', null, '0', 'Letter of Continuity Form.', '100.00', '3', '41', null, null, '2', '2', null, '0', null, '2', '2', '2', '1', '0', '0', '0', '0', null, '0', '2', '0', '0', null, '', '0000-00-00', null, null);
INSERT INTO `product` VALUES ('1543', '8041001543', '', null, '0', 'Letter of Lien and Gurantee for Adv. to Third Party Against Share Stock Form.', '100.00', '3', '41', null, null, '2', '2', null, '0', null, '2', '2', '2', '0', '0', '0', '0', '0', null, '0', '2', '0', '0', null, '', '0000-00-00', null, null);
INSERT INTO `product` VALUES ('2438', '05036002438', '', null, '0', 'Coffee Maker Machine', '0.00', '3', '36', null, null, '5', '0', null, '0', null, '2', null, '2', '1', '0', '0', '0', '0', null, '0', '2', '0', '1', null, '', '0000-00-00', null, null);
INSERT INTO `product` VALUES ('1546', '8041001546', '', null, '0', 'Letter of Disbursement (Loan) Form', '100.00', '3', '41', null, null, '2', '2', null, '0', null, '2', '2', '2', '0', '0', '0', '0', '0', null, '0', '2', '0', '0', null, '', '0000-00-00', null, null);
INSERT INTO `product` VALUES ('2427', '05086002427', '', null, '0', 'Installation Charge (Inside Dhaka)', '0.00', '3', '86', null, null, '5', '0', null, '0', null, '2', null, '10', '1', '0', '0', '0', '0', null, '0', '2', '0', '1', null, '', '0000-00-00', null, null);
INSERT INTO `product` VALUES ('1548', '8041001548', '', null, '0', 'Letter of Lien in Cash of Advance Against Fixed Deposit Receipts Standing in the name of the borrowe', '100.00', '3', '12', null, null, '2', '2', null, '0', null, '2', '2', '2', '1', '0', '0', '0', '0', null, '0', '2', '0', '0', null, '', '0000-00-00', null, null);
INSERT INTO `product` VALUES ('1549', '8041001549', '', null, '0', 'Letter of Lien in Authority For Adv. to 3rd Party Against Fixed Deposit .........Margin', '100.00', '3', '41', null, null, '2', '2', null, '0', null, '2', '2', '2', '1', '0', '0', '0', '0', null, '0', '2', '0', '0', null, '', '0000-00-00', null, null);
INSERT INTO `product` VALUES ('1550', '8041001550', '', null, '0', 'City Credit Card Application Form', '100.00', '3', '12', null, null, '2', '2', null, '0', null, '2', '2', '2', '1', '0', '0', '0', '0', null, '0', '2', '0', '0', null, '', '0000-00-00', null, null);
INSERT INTO `product` VALUES ('1551', '8041001551', '', null, '0', 'Inward Mail Register', '100.00', '3', '23', null, null, '2', '2', null, '0', null, '2', '2', '12', '1', '0', '0', '0', '0', null, '0', '2', '0', '0', null, '', '0000-00-00', null, null);
INSERT INTO `product` VALUES ('1552', '8041001552', '', null, '0', 'Outward Mail Register', '100.00', '3', '41', null, null, '2', '2', null, '0', null, '2', '2', '2', '0', '0', '0', '0', '0', null, '0', '2', '0', '0', null, '', '0000-00-00', null, null);
INSERT INTO `product` VALUES ('1553', '8041001553', '', null, '0', 'Leave Record Register', '100.00', '3', '41', null, null, '2', '2', null, '0', null, '2', '2', '2', '0', '0', '0', '0', '0', null, '0', '2', '0', '0', null, '', '0000-00-00', null, null);
INSERT INTO `product` VALUES ('2431', '01001002431', '', null, '0', 'Monitor', '0.00', '3', '1', null, null, '1', '0', null, '0', null, '2', null, '2', '1', '0', '0', '0', '0', null, '0', '2', '0', '1', null, '', '0000-00-00', null, null);
INSERT INTO `product` VALUES ('2485', '03089002485', '', null, '0', 'Recumbent Bike', '0.00', '3', '89', null, null, '3', '0', null, '0', null, '2', null, '2', '1', '0', '0', '0', '0', null, '0', '2', '0', '1', null, '', '0000-00-00', null, null);
INSERT INTO `product` VALUES ('1556', '8041001556', '', null, '0', 'Staff Attendance Register.', '100.00', '3', '41', null, null, '2', '2', null, '0', null, '2', '2', '2', '1', '0', '0', '0', '0', null, '0', '2', '0', '0', null, '', '0000-00-00', null, null);
INSERT INTO `product` VALUES ('1557', '8041001557', '', null, '0', 'Prizebond Register', '100.00', '3', '41', null, null, '2', '2', null, '0', null, '2', '2', '2', '0', '0', '0', '0', '0', null, '0', '2', '0', '0', null, '', '0000-00-00', null, null);
INSERT INTO `product` VALUES ('1559', '8041001559', '', null, '0', 'Lost Document Register.', '100.00', '3', '41', null, null, '2', '2', null, '0', null, '2', '2', '2', '0', '0', '0', '0', '0', null, '0', '2', '0', '0', null, '', '0000-00-00', null, null);
INSERT INTO `product` VALUES ('1560', '8041001560', '', null, '0', 'Old Record Register.', '100.00', '3', '41', null, null, '2', '2', null, '0', null, '2', '2', '2', '0', '0', '0', '0', '0', null, '0', '2', '0', '0', null, '', '0000-00-00', null, null);
INSERT INTO `product` VALUES ('1564', '8041001564', '', null, '0', 'Stop Payment Register', '100.00', '3', '41', null, null, '2', '2', null, '0', null, '2', '2', '2', '1', '0', '0', '0', '0', null, '0', '2', '0', '0', null, '', '0000-00-00', null, null);
INSERT INTO `product` VALUES ('1565', '8041001565', '', null, '0', 'Standing Instruction Register.', '100.00', '3', '41', null, null, '2', '2', null, '0', null, '2', '2', '2', '1', '0', '0', '0', '0', null, '0', '2', '0', '0', null, '', '0000-00-00', null, null);
INSERT INTO `product` VALUES ('1567', '8041001567', '', null, '0', 'Vault Register.', '100.00', '3', '41', null, null, '2', '2', null, '0', null, '2', '2', '2', '0', '0', '0', '0', '0', null, '0', '2', '0', '0', null, '', '0000-00-00', null, null);
INSERT INTO `product` VALUES ('1568', '8041001568', '', null, '0', 'Locker Operation Register.', '100.00', '3', '41', null, null, '2', '2', null, '0', null, '2', '2', '2', '0', '0', '0', '0', '0', null, '0', '2', '0', '0', null, '', '0000-00-00', null, null);
INSERT INTO `product` VALUES ('1569', '8041001569', '', null, '0', 'Locker Register.', '100.00', '3', '41', null, null, '2', '2', null, '0', null, '2', '2', '2', '0', '0', '0', '0', '0', null, '0', '2', '0', '0', null, '', '0000-00-00', null, null);
INSERT INTO `product` VALUES ('2412', '05063002412', '', null, '0', 'Main Distribution Frame', '0.00', '3', '63', null, null, '5', '2', null, '0', null, '2', null, '1', '1', '0', '0', '0', '0', null, '0', '2', '0', '1', null, '', '0000-00-00', null, null);
INSERT INTO `product` VALUES ('2413', '05063002413', '', null, '0', 'Voltage Stabilizer', '0.00', '3', '63', null, null, '5', '2', null, '0', null, '2', null, '1', '1', '0', '0', '0', '0', null, '0', '2', '0', '1', null, '', '0000-00-00', null, null);
INSERT INTO `product` VALUES ('1572', '8041001572', '', null, '0', 'D.D Issue Register.', '100.00', '3', '41', null, null, '2', '2', null, '0', null, '2', '2', '2', '0', '0', '0', '0', '0', null, '0', '2', '0', '0', null, '', '0000-00-00', null, null);
INSERT INTO `product` VALUES ('1574', '8041001574', '', null, '0', 'Clearing House Book.', '100.00', '3', '5', null, null, '2', '2', null, '0', null, '2', '2', '2', '1', '0', '0', '0', '0', null, '0', '2', '0', '0', null, '', '0000-00-00', null, null);
INSERT INTO `product` VALUES ('2432', '05087002432', '1C-10 rm NYY', null, '0', 'Electrical cable', '0.00', '3', '87', null, null, '5', '0', null, '0', null, '2', null, '17', '1', '0', '0', '0', '0', null, '0', '2', '1', '1', null, '', '0000-00-00', null, null);
INSERT INTO `product` VALUES ('1963', '02005001963', '', null, '16.6', 'LAP for City Solution', '0.00', '3', '5', null, null, '2', '1', null, '0', null, '2', null, '2', '0', null, null, null, '0', null, '0', '1', '0', '0', null, '', '0000-00-00', null, null);
INSERT INTO `product` VALUES ('2420', '05063002420', '', null, '0', 'Modular box &amp; line card', '0.00', '3', '63', null, null, '5', '2', null, '0', null, '2', null, '14', '1', '0', '0', '0', '0', null, '0', '2', '1', '1', null, '', '0000-00-00', null, null);
INSERT INTO `product` VALUES ('2407', '02074002407', '', null, '0', 'BB Statement', '0.00', '3', '74', null, null, '2', '1', null, '0', null, '2', null, '2', '1', '0', '0', '0', '0', null, '0', '1', '0', '0', null, '', '0000-00-00', null, null);
INSERT INTO `product` VALUES ('2402', '04085002402', '', null, '0', 'Black Embossed Paper', '0.00', '3', '85', null, null, '4', '0', null, '0', null, '2', null, '2', '1', '0', '0', '0', '0', null, '0', '1', '0', '1', null, '', '0000-00-00', null, null);
INSERT INTO `product` VALUES ('1582', '8041001582', '', null, '0', 'Partnership Letter', '100.00', '3', '41', null, null, '2', '2', null, '0', null, '2', '2', '2', '1', '0', '0', '0', '0', null, '0', '2', '0', '0', null, '', '0000-00-00', null, null);
INSERT INTO `product` VALUES ('2424', '05036002424', '', null, '0', 'Delivery Charge of Fax machine', '0.00', '3', '36', null, null, '5', '0', null, '0', null, '2', null, '10', '1', '0', '0', '0', '0', null, '0', '2', '0', '1', null, '', '0000-00-00', null, null);
INSERT INTO `product` VALUES ('2417', '05063002417', '', null, '0', 'Installation, Testing &amp; Commissioning', '0.00', '3', '63', null, null, '5', '2', null, '0', null, '2', null, '10', '1', '0', '0', '0', '0', null, '0', '2', '0', '1', null, '', '0000-00-00', null, null);
INSERT INTO `product` VALUES ('2418', '05063002418', '', null, '0', 'Telephone Cable 2 pair', '0.00', '3', '63', null, null, '5', '2', null, '0', null, '2', null, '6', '1', '0', '0', '0', '0', null, '0', '2', '1', '1', null, '', '0000-00-00', null, null);
INSERT INTO `product` VALUES ('1585', '8041001585', '', null, '0', 'Stop Payment Reply Form', '100.00', '3', '41', null, null, '2', '2', null, '0', null, '2', '2', '2', '1', '0', '0', '0', '0', null, '0', '2', '0', '0', null, '', '0000-00-00', null, null);
INSERT INTO `product` VALUES ('1586', '8041001586', '', null, '0', 'Stop Payment Slip Form', '100.00', '3', '41', null, null, '2', '2', null, '0', null, '2', '2', '2', '1', '0', '0', '0', '0', null, '0', '2', '0', '0', null, '', '0000-00-00', null, null);
INSERT INTO `product` VALUES ('1588', '8041001588', '', null, '0', 'Nomination Form', '100.00', '3', '41', null, null, '2', '2', null, '0', null, '2', '2', '15', '1', '0', '0', '0', '0', null, '0', '2', '0', '0', null, '', '0000-00-00', null, null);
INSERT INTO `product` VALUES ('1589', '8041001589', '', null, '1.84', 'Personal Account Opening Form', '100.00', '3', '12', null, null, '2', '2', null, '0', null, '2', '2', '2', '1', '0', '0', '0', '0', null, '0', '2', '0', '0', null, '', '0000-00-00', null, null);
INSERT INTO `product` VALUES ('1590', '8041001590', '', null, '0.86', 'Individual Information Form', '100.00', '3', '12', null, null, '2', '2', null, '0', null, '2', '2', '2', '1', '0', '0', '0', '0', null, '0', '2', '0', '0', null, '', '0000-00-00', null, null);
INSERT INTO `product` VALUES ('1591', '8041001591', '', null, '0', 'Transaction Profile Form', '100.00', '3', '41', null, null, '2', '2', null, '0', null, '2', '2', '2', '0', '0', '0', '0', '0', null, '0', '2', '0', '0', null, '', '0000-00-00', null, null);
INSERT INTO `product` VALUES ('1592', '8041001592', '', null, '0', 'Corporate Account Openinf Form', '100.00', '3', '41', null, null, '2', '2', null, '0', null, '2', '2', '2', '0', '0', '0', '0', '0', null, '0', '2', '0', '0', null, '', '0000-00-00', null, null);
INSERT INTO `product` VALUES ('1593', '8041001593', '', null, '1.4', 'City Shamriddhi Application Form', '100.00', '3', '12', null, null, '2', '2', null, '0', null, '2', '2', '2', '1', '0', '0', '0', '0', null, '0', '2', '0', '0', null, '', '0000-00-00', null, null);
INSERT INTO `product` VALUES ('2493', '03048002493', '', null, '0', 'Photocopy machine Toshiba/ E-Studio-18', '0.00', '3', '48', null, null, '3', '2', null, '0', null, '2', null, '1', '1', '0', '0', '0', '0', null, '0', '2', '0', '1', null, '', '0000-00-00', null, null);
INSERT INTO `product` VALUES ('2437', '05087002437', '', null, '0', 'Ducting', '0.00', '3', '87', null, null, '5', '0', null, '0', null, '2', null, '18', '1', '0', '0', '0', '0', null, '0', '2', '1', '1', null, '', '0000-00-00', null, null);
INSERT INTO `product` VALUES ('1597', '8041001597', '', null, '0', 'City Onayash Application Form', '100.00', '3', '12', null, null, '2', '2', null, '0', null, '2', '2', '2', '1', '0', '0', '0', '0', null, '0', '2', '0', '0', null, '', '0000-00-00', null, null);
INSERT INTO `product` VALUES ('1600', '8041001600', '', null, '1.4', 'City Projonmo Application Form', '100.00', '3', '12', null, null, '2', '2', null, '0', null, '2', '2', '2', '1', '0', '0', '0', '0', null, '0', '2', '0', '0', null, '', '0000-00-00', null, null);
INSERT INTO `product` VALUES ('1601', '8041001601', '', null, '0', 'Intimation PAD', '100.00', '3', '41', null, null, '2', '2', null, '0', null, '2', '2', '2', '0', '0', '0', '0', '0', null, '0', '2', '0', '0', null, '', '0000-00-00', null, null);
INSERT INTO `product` VALUES ('1602', '8041001602', '', null, '0', 'PAD Cost Memo.', '100.00', '3', '41', null, null, '2', '2', null, '0', null, '2', '2', '2', '1', '0', '0', '0', '0', null, '0', '2', '0', '0', null, '', '0000-00-00', null, null);
INSERT INTO `product` VALUES ('1604', '8041001604', '', null, '0', 'T.M Form', '100.00', '3', '41', null, null, '2', '2', null, '0', null, '2', '2', '2', '0', '0', '0', '0', '0', null, '0', '2', '0', '0', null, '', '0000-00-00', null, null);
INSERT INTO `product` VALUES ('2390', '07062002390', '', null, '0', 'Steel Rack', '0.00', '3', '62', null, null, '7', '0', null, '0', null, '2', null, '1', '1', '0', '0', '0', '0', null, '0', '2', '0', '1', null, '', '0000-00-00', null, null);
INSERT INTO `product` VALUES ('1607', '8041001607', '', null, '0', 'Acceptance Form', '100.00', '3', '12', null, null, '2', '2', null, '0', null, '2', '2', '2', '1', '0', '0', '0', '0', null, '0', '2', '0', '0', null, '', '0000-00-00', null, null);
INSERT INTO `product` VALUES ('1608', '8041001608', '', null, '0', 'Renunciation Form', '100.00', '3', '41', null, null, '2', '2', null, '0', null, '2', '2', '2', '1', '0', '0', '0', '0', null, '0', '2', '0', '0', null, '', '0000-00-00', null, null);
INSERT INTO `product` VALUES ('1609', '8041001609', '', null, '0', 'Moneygram Receive Form', '100.00', '3', '41', null, null, '2', '1', null, '0', null, '2', '2', '2', '1', '0', '0', '0', '0', null, '0', '1', '0', '1', null, '', '0000-00-00', null, null);
INSERT INTO `product` VALUES ('1611', '8041001611', '', null, '0', 'L/C Application Form', '100.00', '3', '41', null, null, '2', '2', null, '0', null, '2', '2', '2', '1', '0', '0', '0', '0', null, '0', '2', '0', '0', null, '', '0000-00-00', null, null);
INSERT INTO `product` VALUES ('1612', '8041001612', '', null, '0', 'PO/PS/SDR Application Form', '100.00', '3', '41', null, null, '2', '2', null, '0', null, '2', '2', '15', '1', '0', '0', '0', '0', null, '0', '2', '0', '0', null, '', '0000-00-00', null, null);
INSERT INTO `product` VALUES ('1613', '8041001613', '', null, '0', 'Memo of Cost Form.', '100.00', '3', '41', null, null, '2', '2', null, '0', null, '2', '2', '15', '1', '0', '0', '0', '0', null, '0', '2', '0', '0', null, '', '0000-00-00', null, null);
INSERT INTO `product` VALUES ('1614', '8041001614', '', null, '0', 'Letter of Guarantee for Issuing Duplicate DD Form', '100.00', '3', '41', null, null, '2', '2', null, '0', null, '2', '2', '2', '1', '0', '0', '0', '0', null, '0', '2', '0', '0', null, '', '0000-00-00', null, null);
INSERT INTO `product` VALUES ('1615', '8041001615', '', null, '0', 'Letter of Pledge of Goods for Demands/Cash Cr. Forms', '100.00', '3', '12', null, null, '2', '2', null, '0', null, '2', '2', '2', '1', '0', '0', '0', '0', null, '0', '2', '0', '0', null, '', '0000-00-00', null, null);
INSERT INTO `product` VALUES ('2428', '05086002428', '', null, '0', 'Installation Charge (Outside Dhaka)', '0.00', '3', '86', null, null, '5', '0', null, '0', null, '2', null, '10', '1', '0', '0', '0', '0', null, '0', '2', '0', '1', null, '', '0000-00-00', null, null);
INSERT INTO `product` VALUES ('1618', '8041001618', '', null, '0', 'Letter of Guarantee Forms.', '100.00', '3', '41', null, null, '2', '1', null, '0', null, '2', '2', '15', '1', '0', '0', '0', '0', null, '0', '1', '0', '0', null, '', '0000-00-00', null, null);
INSERT INTO `product` VALUES ('1619', '8041001619', '', null, '0', 'Counter Guarantee Forms.', '100.00', '3', '12', null, null, '2', '2', null, '0', null, '2', '2', '15', '1', '0', '0', '0', '0', null, '0', '2', '0', '0', null, '', '0000-00-00', null, null);
INSERT INTO `product` VALUES ('1620', '8041001620', '', null, '0', 'Stock Report Form (HYPO)', '100.00', '3', '41', null, null, '2', '2', null, '0', null, '2', '2', '15', '1', '0', '0', '0', '0', null, '0', '2', '0', '0', null, '', '0000-00-00', null, null);
INSERT INTO `product` VALUES ('1621', '8041001621', '', null, '0', 'Demand Promissary Notes (Single) Forms', '100.00', '3', '41', null, null, '2', '2', null, '0', null, '2', '2', '2', '0', '0', '0', '0', '0', null, '0', '2', '0', '0', null, '', '0000-00-00', null, null);
INSERT INTO `product` VALUES ('2489', '04033002489', '', null, '0', 'Desk Top Display', '0.00', '3', '33', null, null, '4', '0', null, '0', null, '2', null, '2', '1', '0', '0', '0', '0', null, '0', '1', '0', '1', null, '', '0000-00-00', null, null);
INSERT INTO `product` VALUES ('1623', '8041001623', '', null, '0', 'Letter of Guarantee (For Third Party) Form.', '100.00', '3', '41', null, null, '2', '2', null, '0', null, '2', '2', '15', '1', '0', '0', '0', '0', null, '0', '2', '0', '0', null, '', '0000-00-00', null, null);
INSERT INTO `product` VALUES ('1624', '8041001624', '', null, '0', 'Letter of Hypothecation (Bills) Form.', '100.00', '3', '41', null, null, '2', '2', null, '0', null, '2', '2', '15', '1', '0', '0', '0', '0', null, '0', '2', '0', '0', null, '', '0000-00-00', null, null);
INSERT INTO `product` VALUES ('2391', '06037002391', '', null, '0', 'Motorcycle', '0.00', '3', '37', null, null, '6', '0', null, '0', null, '2', null, '2', '1', '0', '0', '0', '0', null, '0', '2', '0', '1', null, '', '0000-00-00', null, null);
INSERT INTO `product` VALUES ('1626', '8041001626', '', null, '0', 'Letter of Lien and Gurantee for Adv. to Third Party Against Share Stock Form.', '100.00', '3', '41', null, null, '2', '2', null, '0', null, '2', '2', '2', '1', '0', '0', '0', '0', null, '0', '2', '0', '0', null, '', '0000-00-00', null, null);
INSERT INTO `product` VALUES ('2491', '07091002491', '12 chamber steel locker, width-24\\\'\\\', Length-78\\\'\\\', Height-84\\\'\\\' ', null, '0', 'GYM Locker', '0.00', '3', '91', null, null, '7', '0', null, '0', null, '2', null, '1', '1', '0', '0', '0', '0', null, '0', '2', '0', '1', null, '', '0000-00-00', null, null);
INSERT INTO `product` VALUES ('1629', '8041001629', '', null, '0', 'Letter of Disbursement (Loan) Form', '100.00', '3', '41', null, null, '2', '2', null, '0', null, '2', '2', '15', '1', '0', '0', '0', '0', null, '0', '2', '0', '0', null, '', '0000-00-00', null, null);
INSERT INTO `product` VALUES ('1630', '8041001630', '', null, '0', 'Letter of Lien for Advance Against Share Stock etc. Form.', '100.00', '3', '41', null, null, '2', '2', null, '0', null, '2', '2', '2', '1', '0', '0', '0', '0', null, '0', '2', '0', '0', null, '', '0000-00-00', null, null);
INSERT INTO `product` VALUES ('2482', '01001002482', '', null, '0', 'Laptop Security Lock', '0.00', '3', '1', null, null, '1', '0', null, '0', null, '2', null, '2', '1', '0', '0', '0', '0', null, '0', '1', '0', '1', null, '', '0000-00-00', null, null);
INSERT INTO `product` VALUES ('2716', '02008002716', '', null, '0', 'Certificate Pad for Islamic Banking', '0.00', '3', '8', null, null, '2', '0', null, '0', null, '2', null, '2', '1', '0', '0', '0', '0', null, '0', '1', '0', '1', null, '', '0000-00-00', null, null);
INSERT INTO `product` VALUES ('2433', '05087002433', 'M.S.', null, '0', 'Silencer pipe', '0.00', '3', '87', null, null, '5', '0', null, '0', null, '2', null, '6', '1', '0', '0', '0', '0', null, '0', '2', '1', '1', null, '', '0000-00-00', null, null);
INSERT INTO `product` VALUES ('1635', '8041001635', '', null, '0', 'Outward Mail Register', '100.00', '3', '41', null, null, '2', '2', null, '0', null, '2', '2', '2', '1', '0', '0', '0', '0', null, '0', '2', '0', '0', null, '', '0000-00-00', null, null);
INSERT INTO `product` VALUES ('1636', '8041001636', '', null, '0', 'Leave Record Register', '100.00', '3', '23', null, null, '2', '2', null, '0', null, '2', '2', '2', '1', '0', '0', '0', '0', null, '0', '2', '0', '0', null, '', '0000-00-00', null, null);
INSERT INTO `product` VALUES ('1637', '8041001637', '', null, '0', 'Key Register.', '100.00', '3', '23', null, null, '2', '2', null, '0', null, '2', '2', '2', '1', '0', '0', '0', '0', null, '0', '2', '0', '0', null, '', '0000-00-00', null, null);
INSERT INTO `product` VALUES ('2406', '02010002406', '', null, '0', 'AMEX Green Blue Window Envelop (Small)', '0.00', '3', '10', null, null, '2', '1', null, '0', null, '2', null, '2', '1', '0', '0', '0', '0', null, '0', '1', '0', '1', null, '', '0000-00-00', null, null);
INSERT INTO `product` VALUES ('1640', '8041001640', '', null, '0', 'Prizebond Register', '100.00', '3', '23', null, null, '2', '2', null, '0', null, '2', '2', '2', '1', '0', '0', '0', '0', null, '0', '2', '0', '0', null, '', '0000-00-00', null, null);
INSERT INTO `product` VALUES ('1641', '8041001641', '', null, '0', 'Peon Book Register.', '100.00', '3', '41', null, null, '2', '2', null, '0', null, '2', '2', '2', '1', '0', '0', '0', '0', null, '0', '2', '0', '0', null, '', '0000-00-00', null, null);
INSERT INTO `product` VALUES ('1642', '8041001642', '', null, '0', 'Lost Document Register.', '100.00', '3', '41', null, null, '2', '2', null, '0', null, '2', '2', '2', '1', '0', '0', '0', '0', null, '0', '2', '0', '0', null, '', '0000-00-00', null, null);
INSERT INTO `product` VALUES ('1643', '8041001643', '', null, '0', 'Old Record Register.', '100.00', '3', '41', null, null, '2', '2', null, '0', null, '2', '2', '2', '1', '0', '0', '0', '0', null, '0', '2', '0', '0', null, '', '0000-00-00', null, null);
INSERT INTO `product` VALUES ('1644', '8041001644', '', null, '0', 'Debit Card/Pin Code Register', '100.00', '3', '41', null, null, '2', '2', null, '0', null, '2', '2', '2', '0', '0', '0', '0', '0', null, '0', '2', '0', '0', null, '', '0000-00-00', null, null);
INSERT INTO `product` VALUES ('1645', '8041001645', '', null, '0', 'Cheque Return Register', '100.00', '3', '23', null, null, '2', '2', null, '0', null, '2', '2', '2', '1', '0', '0', '0', '0', null, '0', '2', '0', '0', null, '', '0000-00-00', null, null);
INSERT INTO `product` VALUES ('1646', '8041001646', '', null, '0', 'Cheque Book Issued Register', '100.00', '3', '23', null, null, '2', '2', null, '0', null, '2', '2', '12', '1', '0', '0', '0', '0', null, '0', '2', '0', '0', null, '', '0000-00-00', null, null);
INSERT INTO `product` VALUES ('2401', '04085002401', '', null, '0', 'Artificial Leather (Rexene)', '0.00', '3', '85', null, null, '4', '0', null, '0', null, '2', null, '2', '1', '0', '0', '0', '0', null, '0', '1', '0', '1', null, '', '0000-00-00', null, null);
INSERT INTO `product` VALUES ('2392', '07062002392', '6 drawer unit file cabinet', null, '0', '6 drawer unit file cabinet', '0.00', '3', '62', null, null, '7', '0', null, '0', null, '2', null, '1', '1', '0', '0', '0', '0', null, '0', '2', '0', '1', null, '', '0000-00-00', null, null);
INSERT INTO `product` VALUES ('1649', '8041001649', '', null, '0', 'Cash Balance Book.', '100.00', '3', '5', null, null, '2', '2', null, '0', null, '2', '2', '12', '1', '0', '0', '0', '0', null, '0', '2', '0', '0', null, '', '0000-00-00', null, null);
INSERT INTO `product` VALUES ('1650', '8041001650', '', null, '0', 'Vault Register.', '100.00', '3', '23', null, null, '2', '2', null, '0', null, '2', '2', '2', '1', '0', '0', '0', '0', null, '0', '2', '0', '0', null, '', '0000-00-00', null, null);
INSERT INTO `product` VALUES ('1651', '8041001651', '', null, '0', 'Locker Operation Register.', '100.00', '3', '41', null, null, '2', '2', null, '0', null, '2', '2', '2', '1', '0', '0', '0', '0', null, '0', '2', '0', '0', null, '', '0000-00-00', null, null);
INSERT INTO `product` VALUES ('1652', '8041001652', '', null, '0', 'Locker Register.', '100.00', '3', '41', null, null, '2', '2', null, '0', null, '2', '2', '2', '1', '0', '0', '0', '0', null, '0', '2', '0', '0', null, '', '0000-00-00', null, null);
INSERT INTO `product` VALUES ('1653', '8041001653', '', null, '0', 'Receiving Cashers Book', '100.00', '3', '41', null, null, '2', '2', null, '0', null, '2', '2', '2', '1', '0', '0', '0', '0', null, '0', '2', '0', '0', null, '', '0000-00-00', null, null);
INSERT INTO `product` VALUES ('1654', '8041001654', '', null, '0', 'P.O P.S SDR Issue Register.', '100.00', '3', '41', null, null, '2', '2', null, '0', null, '2', '2', '2', '1', '0', '0', '0', '0', null, '0', '2', '0', '0', null, '', '0000-00-00', null, null);
INSERT INTO `product` VALUES ('1656', '8041001656', '', null, '0', 'Clearing Cheque Return Register', '100.00', '3', '23', null, null, '2', '2', null, '0', null, '2', '2', '12', '1', '0', '0', '0', '0', null, '0', '2', '0', '0', null, '', '0000-00-00', null, null);
INSERT INTO `product` VALUES ('1658', '8041001658', '', null, '0', 'Inward/Outward Clearing Register.', '100.00', '3', '23', null, null, '2', '2', null, '0', null, '2', '2', '2', '1', '0', '0', '0', '0', null, '0', '2', '0', '0', null, '', '0000-00-00', null, null);
INSERT INTO `product` VALUES ('1659', '8041001659', '', null, '0', 'Voucher Register.', '100.00', '3', '41', null, null, '2', '2', null, '0', null, '2', '2', '2', '1', '0', '0', '0', '0', null, '0', '2', '0', '0', null, '', '0000-00-00', null, null);
INSERT INTO `product` VALUES ('2436', '05087002436', '', null, '0', 'Auto Cable', '0.00', '3', '87', null, null, '5', '0', null, '0', null, '2', null, '17', '1', '0', '0', '0', '0', null, '0', '2', '1', '1', null, '', '0000-00-00', null, null);
INSERT INTO `product` VALUES ('1661', '8041001661', '', null, '0', 'Cheque/Bill Returned Register (Outward)', '100.00', '3', '23', null, null, '2', '2', null, '0', null, '2', '2', '2', '1', '0', '0', '0', '0', null, '0', '2', '0', '0', null, '', '0000-00-00', null, null);
INSERT INTO `product` VALUES ('1662', '8041001662', '', null, '0', 'OBC Register', '100.00', '3', '41', null, null, '2', '2', null, '0', null, '2', '2', '2', '1', '0', '0', '0', '0', null, '0', '2', '0', '0', null, '', '0000-00-00', null, null);
INSERT INTO `product` VALUES ('1663', '8041001663', '', null, '0', 'Safe in Safe Out Register', '100.00', '3', '41', null, null, '2', '2', null, '0', null, '2', '2', '2', '1', '0', '0', '0', '0', null, '0', '2', '0', '0', null, '', '0000-00-00', null, null);
INSERT INTO `product` VALUES ('1664', '8041001664', '', null, '0', 'Stock Register.', '100.00', '3', '41', null, null, '2', '2', null, '0', null, '2', '2', '2', '1', '0', '0', '0', '0', null, '0', '2', '0', '0', null, '', '0000-00-00', null, null);
INSERT INTO `product` VALUES ('1666', '8041001666', '', null, '0', 'LIM Register.', '100.00', '3', '41', null, null, '2', '2', null, '0', null, '2', '2', '2', '1', '0', '0', '0', '0', null, '0', '2', '0', '0', null, '', '0000-00-00', null, null);
INSERT INTO `product` VALUES ('1667', '8041001667', '', null, '0', 'Letter of Credit/Guarantee Register.', '100.00', '3', '41', null, null, '2', '2', null, '0', null, '2', '2', '2', '1', '0', '0', '0', '0', null, '0', '2', '0', '0', null, '', '0000-00-00', null, null);
INSERT INTO `product` VALUES ('1669', '8041001669', '', null, '0', 'Insurance Register.', '100.00', '3', '23', null, null, '2', '2', null, '0', null, '2', '2', '2', '1', '0', '0', '0', '0', null, '0', '2', '0', '0', null, '', '0000-00-00', null, null);
INSERT INTO `product` VALUES ('1670', '8041001670', '', null, '0', 'Suit Fieled Register.', '100.00', '3', '41', null, null, '2', '2', null, '0', null, '2', '2', '2', '1', '0', '0', '0', '0', null, '0', '2', '0', '0', null, '', '0000-00-00', null, null);
INSERT INTO `product` VALUES ('1671', '8041001671', '', null, '0', 'PAD Register.', '100.00', '3', '41', null, null, '2', '2', null, '0', null, '2', '2', '2', '1', '0', '0', '0', '0', null, '0', '2', '0', '0', null, '', '0000-00-00', null, null);
INSERT INTO `product` VALUES ('1672', '8041001672', '', null, '0', 'L/C Open Register.', '100.00', '3', '41', null, null, '2', '2', null, '0', null, '2', '2', '2', '1', '0', '0', '0', '0', null, '0', '2', '0', '0', null, '', '0000-00-00', null, null);
INSERT INTO `product` VALUES ('1673', '8041001673', '', null, '0', 'L/C Liability/PAD/Margin Register.', '100.00', '3', '41', null, null, '2', '2', null, '0', null, '2', '2', '2', '1', '0', '0', '0', '0', null, '0', '2', '0', '0', null, '', '0000-00-00', null, null);
INSERT INTO `product` VALUES ('1677', '8041001677', '', null, '0', 'Furniture and Ficture Ledger', '100.00', '3', '41', null, null, '2', '2', null, '0', null, '2', '2', '2', '0', '0', '0', '0', '0', null, '0', '2', '0', '0', null, '', '0000-00-00', null, null);
INSERT INTO `product` VALUES ('1678', '8041001678', '', null, '0', 'Stationery Ledger', '100.00', '3', '41', null, null, '2', '2', null, '0', null, '2', '2', '2', '1', '0', '0', '0', '0', null, '0', '2', '0', '0', null, '', '0000-00-00', null, null);
INSERT INTO `product` VALUES ('1679', '8041001679', '', null, '0', 'Banker Ledger', '100.00', '3', '41', null, null, '2', '2', null, '0', null, '2', '2', '2', '1', '0', '0', '0', '0', null, '0', '2', '0', '0', null, '', '0000-00-00', null, null);
INSERT INTO `product` VALUES ('1680', '8041001680', '', null, '0', 'I.B.P Ledger', '100.00', '3', '41', null, null, '2', '2', null, '0', null, '2', '2', '2', '0', '0', '0', '0', '0', null, '0', '2', '0', '0', null, '', '0000-00-00', null, null);
INSERT INTO `product` VALUES ('1681', '8041001681', '', null, '0', 'Statement of Daily Telecome Revenue Collection', '100.00', '3', '41', null, null, '2', '2', null, '0', null, '2', '2', '15', '1', '0', '0', '0', '0', null, '0', '2', '0', '0', null, '', '0000-00-00', null, null);
INSERT INTO `product` VALUES ('1682', '8041001682', '', null, '0', 'Statement S-2', '100.00', '3', '41', null, null, '2', '2', null, '0', null, '2', '2', '2', '1', '0', '0', '0', '0', null, '0', '2', '0', '0', null, '', '0000-00-00', null, null);
INSERT INTO `product` VALUES ('1683', '8041001683', '', null, '0', 'Statement S-4', '100.00', '3', '41', null, null, '2', '2', null, '0', null, '2', '2', '2', '1', '0', '0', '0', '0', null, '0', '2', '0', '0', null, '', '0000-00-00', null, null);
INSERT INTO `product` VALUES ('1684', '8041001684', '', null, '0', 'Statement S-5', '100.00', '3', '41', null, null, '2', '2', null, '0', null, '2', '2', '2', '1', '0', '0', '0', '0', null, '0', '2', '0', '0', null, '', '0000-00-00', null, null);
INSERT INTO `product` VALUES ('1685', '8041001685', '', null, '0', 'Statement FCS-07', '100.00', '3', '41', null, null, '2', '2', null, '0', null, '2', '2', '2', '1', '0', '0', '0', '0', null, '0', '2', '0', '0', null, '', '0000-00-00', null, null);
INSERT INTO `product` VALUES ('2403', '04085002403', '', null, '0', 'White Hand Made Paper', '0.00', '3', '85', null, null, '4', '0', null, '0', null, '2', null, '2', '1', '0', '0', '0', '0', null, '0', '1', '0', '1', null, '', '0000-00-00', null, null);
INSERT INTO `product` VALUES ('1687', '8041001687', '', null, '0', 'Statement S-6(Foreign Currency Notes)', '100.00', '3', '41', null, null, '2', '2', null, '0', null, '2', '2', '2', '1', '0', '0', '0', '0', null, '0', '2', '0', '0', null, '', '0000-00-00', null, null);
INSERT INTO `product` VALUES ('1688', '8041001688', '', null, '0', 'Statement S-1', '100.00', '3', '41', null, null, '2', '2', null, '0', null, '2', '2', '2', '1', '0', '0', '0', '0', null, '0', '2', '0', '0', null, '', '0000-00-00', null, null);
INSERT INTO `product` VALUES ('1689', '8041001689', '', null, '0', 'Statement S-9', '100.00', '3', '41', null, null, '2', '2', null, '0', null, '2', '2', '2', '1', '0', '0', '0', '0', null, '0', '2', '0', '0', null, '', '0000-00-00', null, null);
INSERT INTO `product` VALUES ('1690', '8041001690', '', null, '0', 'Statement S-10', '100.00', '3', '4', null, null, '2', '2', null, '0', null, '2', '2', '2', '1', null, null, null, '0', null, '0', '2', '0', '0', null, '', '0000-00-00', null, null);
INSERT INTO `product` VALUES ('1691', '8041001691', '', null, '0', 'Statement S-11', '100.00', '3', '41', null, null, '2', '2', null, '0', null, '2', '2', '2', '1', '0', '0', '0', '0', null, '0', '2', '0', '0', null, '', '0000-00-00', null, null);
INSERT INTO `product` VALUES ('1692', '8041001692', '', null, '0', 'Statement S-12', '100.00', '3', '41', null, null, '2', '2', null, '0', null, '2', '2', '2', '1', '0', '0', '0', '0', null, '0', '2', '0', '0', null, '', '0000-00-00', null, null);
INSERT INTO `product` VALUES ('1693', '8041001693', '', null, '0', 'Statement S-13', '100.00', '3', '41', null, null, '2', '2', null, '0', null, '2', '2', '2', '1', '0', '0', '0', '0', null, '0', '2', '0', '0', null, '', '0000-00-00', null, null);
INSERT INTO `product` VALUES ('1694', '8041001694', '', null, '0', 'Clearing Schedule', '100.00', '3', '41', null, null, '2', '2', null, '0', null, '2', '2', '2', '1', '0', '0', '0', '0', null, '0', '2', '0', '0', null, '', '0000-00-00', null, null);
INSERT INTO `product` VALUES ('1695', '8041001695', '', null, '0', 'O.B.C Schedule.', '100.00', '3', '41', null, null, '2', '2', null, '0', null, '2', '2', '2', '0', '0', '0', '0', '0', null, '0', '2', '0', '0', null, '', '0000-00-00', null, null);
INSERT INTO `product` VALUES ('1697', '8041001697', '', null, '0', 'Schedule A-1/01', '100.00', '3', '41', null, null, '2', '2', null, '0', null, '2', '2', '2', '1', '0', '0', '0', '0', null, '0', '2', '0', '0', null, '', '0000-00-00', null, null);
INSERT INTO `product` VALUES ('1698', '8041001698', '', null, '0', 'Schedule J-1/03', '100.00', '3', '41', null, null, '2', '2', null, '0', null, '2', '2', '2', '1', '0', '0', '0', '0', null, '0', '2', '0', '0', null, '', '0000-00-00', null, null);
INSERT INTO `product` VALUES ('1699', '8041001699', '', null, '0', 'Schedule J-2/03', '100.00', '3', '41', null, null, '2', '2', null, '0', null, '2', '2', '2', '1', '0', '0', '0', '0', null, '0', '2', '0', '0', null, '', '0000-00-00', null, null);
INSERT INTO `product` VALUES ('1700', '8041001700', '', null, '0', 'Schedule IRV-1/04', '100.00', '3', '41', null, null, '2', '2', null, '0', null, '2', '2', '2', '1', '0', '0', '0', '0', null, '0', '2', '0', '0', null, '', '0000-00-00', null, null);
INSERT INTO `product` VALUES ('1701', '8041001701', '', null, '0', 'Schedule IRV-2/04', '100.00', '3', '41', null, null, '2', '2', null, '0', null, '2', '2', '2', '1', '0', '0', '0', '0', null, '0', '2', '0', '0', null, '', '0000-00-00', null, null);
INSERT INTO `product` VALUES ('1702', '8041001702', '', null, '0', 'Schedule E-2/P-2', '100.00', '3', '41', null, null, '2', '2', null, '0', null, '2', '2', '2', '1', '0', '0', '0', '0', null, '0', '2', '0', '0', null, '', '0000-00-00', null, null);
INSERT INTO `product` VALUES ('1703', '8041001703', '', null, '0', 'Schedule E-3/P-3', '100.00', '3', '41', null, null, '2', '2', null, '0', null, '2', '2', '2', '1', '0', '0', '0', '0', null, '0', '2', '0', '0', null, '', '0000-00-00', null, null);
INSERT INTO `product` VALUES ('1704', '8041001704', '', null, '0', 'Schedule-P', '100.00', '3', '41', null, null, '2', '2', null, '0', null, '2', '2', '2', '1', '0', '0', '0', '0', null, '0', '2', '0', '0', null, '', '0000-00-00', null, null);
INSERT INTO `product` VALUES ('1705', '8041001705', '', null, '0', 'Schedule E-4/P-4', '100.00', '3', '41', null, null, '2', '2', null, '0', null, '2', '2', '2', '1', '0', '0', '0', '0', null, '0', '2', '0', '0', null, '', '0000-00-00', null, null);
INSERT INTO `product` VALUES ('1706', '8041001706', '', null, '0', 'Schedule-O', '100.00', '3', '41', null, null, '2', '2', null, '0', null, '2', '2', '2', '1', '0', '0', '0', '0', null, '0', '2', '0', '0', null, '', '0000-00-00', null, null);
INSERT INTO `product` VALUES ('1708', '8041001708', '', null, '0', 'Schedule FCR-02', '100.00', '3', '41', null, null, '2', '2', null, '0', null, '2', '2', '2', '1', '0', '0', '0', '0', null, '0', '2', '0', '0', null, '', '0000-00-00', null, null);
INSERT INTO `product` VALUES ('1709', '8041001709', '', null, '0', 'Schedule FCR-03', '100.00', '3', '41', null, null, '2', '2', null, '0', null, '2', '2', '2', '1', '0', '0', '0', '0', null, '0', '2', '0', '0', null, '', '0000-00-00', null, null);
INSERT INTO `product` VALUES ('1710', '8041001710', '', null, '0', 'Schedule FCR-04', '100.00', '3', '41', null, null, '2', '2', null, '0', null, '2', '2', '2', '1', '0', '0', '0', '0', null, '0', '2', '0', '0', null, '', '0000-00-00', null, null);
INSERT INTO `product` VALUES ('1711', '8041001711', '', null, '0', 'Schedule FCR- 05', '100.00', '3', '41', null, null, '2', '2', null, '0', null, '2', '2', '2', '1', '0', '0', '0', '0', null, '0', '2', '0', '0', null, '', '0000-00-00', null, null);
INSERT INTO `product` VALUES ('1712', '8041001712', '', null, '0', 'Schedule FCR-06', '100.00', '3', '41', null, null, '2', '2', null, '0', null, '2', '2', '2', '1', '0', '0', '0', '0', null, '0', '2', '0', '0', null, '', '0000-00-00', null, null);
INSERT INTO `product` VALUES ('1713', '8041001713', '', null, '0', 'Schedule FCR-07', '100.00', '3', '41', null, null, '2', '2', null, '0', null, '2', '2', '2', '1', '0', '0', '0', '0', null, '0', '2', '0', '0', null, '', '0000-00-00', null, null);
INSERT INTO `product` VALUES ('1714', '8041001714', '', null, '0', 'Schedule FCR-08', '100.00', '3', '41', null, null, '2', '2', null, '0', null, '2', '2', '2', '1', '0', '0', '0', '0', null, '0', '2', '0', '0', null, '', '0000-00-00', null, null);
INSERT INTO `product` VALUES ('1715', '8041001715', '', null, '0', 'Schedule FCR-09', '100.00', '3', '41', null, null, '2', '2', null, '0', null, '2', '2', '2', '1', '0', '0', '0', '0', null, '0', '2', '0', '0', null, '', '0000-00-00', null, null);
INSERT INTO `product` VALUES ('1716', '8041001716', '', null, '0', 'Schedule FCR-10', '100.00', '3', '41', null, null, '2', '2', null, '0', null, '2', '2', '2', '1', '0', '0', '0', '0', null, '0', '2', '0', '0', null, '', '0000-00-00', null, null);
INSERT INTO `product` VALUES ('1717', '8041001717', '', null, '0.33', 'Schedule A-2/O-2', '100.00', '3', '41', null, null, '2', '2', null, '0', null, '2', '2', '15', '1', '0', '0', '0', '0', null, '0', '2', '0', '0', null, '', '0000-00-00', null, null);
INSERT INTO `product` VALUES ('1718', '8041001718', '', null, '0', 'Schedule-F', '100.00', '3', '41', null, null, '2', '2', null, '0', null, '2', '2', '2', '1', '0', '0', '0', '0', null, '0', '2', '0', '0', null, '', '0000-00-00', null, null);
INSERT INTO `product` VALUES ('1719', '8041001719', '', null, '0', 'Schedule-D', '100.00', '3', '41', null, null, '2', '2', null, '0', null, '2', '2', '2', '1', '0', '0', '0', '0', null, '0', '2', '0', '0', null, '', '0000-00-00', null, null);
INSERT INTO `product` VALUES ('1720', '8041001720', '', null, '0', 'Schedule-B', '100.00', '3', '41', null, null, '2', '2', null, '0', null, '2', '2', '2', '1', '0', '0', '0', '0', null, '0', '2', '0', '0', null, '', '0000-00-00', null, null);
INSERT INTO `product` VALUES ('1721', '8041001721', '', null, '0', 'Schedule-G', '100.00', '3', '41', null, null, '2', '2', null, '0', null, '2', '2', '2', '1', '0', '0', '0', '0', null, '0', '2', '0', '0', null, '', '0000-00-00', null, null);
INSERT INTO `product` VALUES ('1722', '8041001722', '', null, '0', 'Schedule-R', '100.00', '3', '41', null, null, '2', '2', null, '0', null, '2', '2', '2', '1', '0', '0', '0', '0', null, '0', '2', '0', '0', null, '', '0000-00-00', null, null);
INSERT INTO `product` VALUES ('1723', '8041001723', '', null, '0', 'Schedule-C', '100.00', '3', '41', null, null, '2', '2', null, '0', null, '2', '2', '2', '1', '0', '0', '0', '0', null, '0', '2', '0', '0', null, '', '0000-00-00', null, null);
INSERT INTO `product` VALUES ('1724', '8041001724', '', null, '0', 'Schedule-L', '100.00', '3', '41', null, null, '2', '2', null, '0', null, '2', '2', '2', '1', '0', '0', '0', '0', null, '0', '2', '0', '0', null, '', '0000-00-00', null, null);
INSERT INTO `product` VALUES ('1725', '8041001725', '', null, '0', 'Schedule-M', '100.00', '3', '41', null, null, '2', '2', null, '0', null, '2', '2', '2', '1', '0', '0', '0', '0', null, '0', '2', '0', '0', null, '', '0000-00-00', null, null);
INSERT INTO `product` VALUES ('1726', '8041001726', '', null, '0', 'Schedule-N', '100.00', '3', '41', null, null, '2', '2', null, '0', null, '2', '2', '2', '1', '0', '0', '0', '0', null, '0', '2', '0', '0', null, '', '0000-00-00', null, null);
INSERT INTO `product` VALUES ('1727', '8041001727', '', null, '0', 'Schedule-H', '100.00', '3', '41', null, null, '2', '2', null, '0', null, '2', '2', '2', '1', '0', '0', '0', '0', null, '0', '2', '0', '0', null, '', '0000-00-00', null, null);
INSERT INTO `product` VALUES ('1728', '8041001728', '', null, '0', 'Statement of EFCS', '100.00', '3', '41', null, null, '2', '2', null, '0', null, '2', '2', '2', '1', '0', '0', '0', '0', null, '0', '2', '0', '0', null, '', '0000-00-00', null, null);
INSERT INTO `product` VALUES ('1732', '8041001732', '', null, '0', 'Computer Paper Size 9.5 x 11 (For SWIFT)', '100.00', '3', '41', null, null, '2', '2', null, '0', null, '2', '2', '2', '0', '0', '0', '0', '0', null, '0', '2', '0', '0', null, '', '0000-00-00', null, null);
INSERT INTO `product` VALUES ('1733', '8041001733', '', null, '0', 'Computer Paper A4 Landscape', '100.00', '3', '41', null, null, '2', '2', null, '0', null, '2', '2', '2', '0', '0', '0', '0', '0', null, '0', '2', '0', '0', null, '', '0000-00-00', null, null);
INSERT INTO `product` VALUES ('1734', '8041001734', '', null, '0', 'Payment Slip for Local VISA City Card', '100.00', '3', '26', null, null, '2', '1', null, '0', null, '2', '2', '15', '1', '0', '0', '0', '0', null, '0', '1', '0', '0', null, '', '0000-00-00', null, null);
INSERT INTO `product` VALUES ('2486', '03089002486', '', null, '0', 'Cycle (Up-right Bike)', '0.00', '3', '89', null, null, '3', '0', null, '0', null, '2', null, '2', '1', '0', '0', '0', '0', null, '0', '2', '0', '1', null, '', '0000-00-00', null, null);
INSERT INTO `product` VALUES ('1739', '8041001739', '', null, '0', 'Customized Deposit Slip', '100.00', '3', '26', null, null, '2', '2', null, '0', null, '2', '2', '2', '0', '0', '0', '0', '0', null, '0', '2', '0', '0', null, '', '0000-00-00', null, null);
INSERT INTO `product` VALUES ('1740', '8041001740', '', null, '15', 'City Manara Bank Deposit', '100.00', '3', '41', null, null, '2', '2', null, '0', null, '2', '2', '2', '1', '0', '0', '0', '0', null, '0', '2', '0', '0', null, '', '0000-00-00', null, null);
INSERT INTO `product` VALUES ('1741', '8041001741', '', null, '0', 'S.S Card (Locker)', '100.00', '3', '41', null, null, '2', '2', null, '0', null, '2', '2', '2', '1', '0', '0', '0', '0', null, '0', '2', '0', '0', null, '', '0000-00-00', null, null);
INSERT INTO `product` VALUES ('1742', '8041001742', '', null, '0', 'S.S. Card (General)', '100.00', '3', '41', null, null, '2', '2', null, '0', null, '2', '2', '2', '0', '0', '0', '0', '0', null, '0', '2', '0', '0', null, '', '0000-00-00', null, null);
INSERT INTO `product` VALUES ('1743', '8041001743', '', null, '0', 'L/C File.', '100.00', '3', '41', null, null, '2', '2', null, '0', null, '2', '2', '2', '1', '0', '0', '0', '0', null, '0', '2', '0', '0', null, '', '0000-00-00', null, null);
INSERT INTO `product` VALUES ('1744', '8041001744', '', null, '0', 'Credit File', '100.00', '3', '11', null, null, '2', '2', null, '0', null, '2', '2', '2', '1', '0', '0', '0', '0', null, '0', '2', '0', '0', null, '', '0000-00-00', null, null);
INSERT INTO `product` VALUES ('1746', '8041001746', '', null, '0', 'Office File (White)', '100.00', '3', '41', null, null, '2', '2', null, '0', null, '2', '2', '2', '1', '0', '0', '0', '0', null, '0', '2', '0', '0', null, '', '0000-00-00', null, null);
INSERT INTO `product` VALUES ('1747', '8041001747', '', null, '0', 'Credit Voucher Single', '100.00', '3', '41', null, null, '2', '2', null, '0', null, '2', '2', '2', '0', '0', '0', '0', '0', null, '0', '2', '0', '0', null, '', '0000-00-00', null, null);
INSERT INTO `product` VALUES ('1748', '8041001748', '', null, '0', 'Debit Voucher Single', '100.00', '3', '41', null, null, '2', '2', null, '0', null, '2', '2', '2', '0', '0', '0', '0', '0', null, '0', '2', '0', '0', null, '', '0000-00-00', null, null);
INSERT INTO `product` VALUES ('1749', '8041001749', '', null, '0', 'Cash Debit Voucher', '100.00', '3', '31', null, null, '2', '2', null, '0', null, '2', '2', '15', '1', '0', '0', '0', '0', null, '0', '2', '0', '0', null, '', '0000-00-00', null, null);
INSERT INTO `product` VALUES ('1750', '8041001750', '', null, '0', 'Credit Voucher With Advice to Party', '100.00', '3', '41', null, null, '2', '2', null, '0', null, '2', '2', '2', '0', '0', '0', '0', '0', null, '0', '2', '0', '0', null, '', '0000-00-00', null, null);
INSERT INTO `product` VALUES ('1751', '8041001751', '', null, '0', 'Debit Voucher With Advice to Party', '100.00', '3', '41', null, null, '2', '2', null, '0', null, '2', '2', '2', '0', '0', '0', '0', '0', null, '0', '2', '0', '0', null, '', '0000-00-00', null, null);
INSERT INTO `product` VALUES ('1753', '8041001753', '', null, '0', 'Voucher Cover', '100.00', '3', '31', null, null, '2', '1', null, '0', null, '2', '2', '2', '0', null, null, null, '3450', null, '0', '1', '0', '0', null, '', '0000-00-00', null, null);
INSERT INTO `product` VALUES ('1754', '8041001754', '', null, '0', 'Cash Position Memo', '100.00', '3', '18', null, null, '2', '2', null, '0', null, '2', '2', '15', '1', '0', '0', '0', '0', null, '0', '2', '0', '0', null, '', '0000-00-00', null, null);
INSERT INTO `product` VALUES ('1755', '8041001755', '', null, '0', 'Exchange Debit Voucher', '100.00', '3', '41', null, null, '2', '2', null, '0', null, '2', '2', '2', '0', '0', '0', '0', '0', null, '0', '2', '0', '0', null, '', '0000-00-00', null, null);
INSERT INTO `product` VALUES ('1757', '8041001757', '', null, '0', 'Khaki Envelop (Big)', '100.00', '3', '10', null, null, '2', '2', null, '0', null, '2', '2', '2', '1', '0', '0', '0', '0', null, '0', '2', '0', '0', null, '', '0000-00-00', null, null);
INSERT INTO `product` VALUES ('1758', '8041001758', '', null, '0', 'Khaki Envelope (Legal)', '100.00', '3', '10', null, null, '2', '2', null, '0', null, '2', '2', '2', '1', '0', '0', '0', '0', null, '0', '2', '0', '0', null, '', '0000-00-00', null, null);
INSERT INTO `product` VALUES ('1759', '8041001759', '', null, '13', 'Khaki Envelope (Legal)Threaded in Side', '100.00', '3', '10', null, null, '2', '2', null, '0', null, '2', '2', '2', '1', null, null, null, '0', null, '0', '2', '0', '0', null, '', '0000-00-00', null, null);
INSERT INTO `product` VALUES ('1760', '8041001760', '', null, '0', 'Service Delivery Envelope (A4 Size) for Service Delivery', '100.00', '3', '41', null, null, '2', '1', null, '0', null, '2', '2', '2', '1', '0', '0', '0', '0', null, '0', '1', '0', '0', null, '', '0000-00-00', null, null);
INSERT INTO `product` VALUES ('1761', '8041001761', '', null, '0', 'Service Delivery Envelope (Big) for Service Delivery', '100.00', '3', '41', null, null, '2', '1', null, '0', null, '2', '2', '2', '1', '0', '0', '0', '0', null, '0', '1', '0', '0', null, '', '0000-00-00', null, null);
INSERT INTO `product` VALUES ('1762', '8041001762', '', null, '0', 'AMEX Gold Black Welcome Box', '100.00', '3', '41', null, null, '2', '2', null, '0', null, '2', '2', '2', '1', '0', '0', '0', '0', null, '0', '2', '0', '1', null, '', '0000-00-00', null, null);
INSERT INTO `product` VALUES ('1763', '8041001763', '', null, '0', 'AMEX Green Blue Welcome Box', '100.00', '3', '41', null, null, '2', '2', null, '0', null, '2', '2', '2', '1', '0', '0', '0', '0', null, '0', '2', '0', '1', null, '', '0000-00-00', null, null);
INSERT INTO `product` VALUES ('1764', '8041001764', '', null, '0', 'White Envelope (Big)', '100.00', '3', '41', null, null, '2', '2', null, '0', null, '2', '2', '2', '1', '0', '0', '0', '0', null, '0', '2', '0', '0', null, '', '0000-00-00', null, null);
INSERT INTO `product` VALUES ('1765', '8041001765', '', null, '0', 'White Envelope (Medium)', '100.00', '3', '41', null, null, '2', '2', null, '0', null, '2', '2', '2', '1', '0', '0', '0', '0', null, '0', '2', '0', '0', null, '', '0000-00-00', null, null);
INSERT INTO `product` VALUES ('1766', '8041001766', '', null, '0', 'Central Clearing Envelope (Big) for Clearing Dept.', '100.00', '3', '10', null, null, '2', '1', null, '0', null, '2', '2', '2', '1', '0', '0', '0', '0', null, '0', '1', '0', '1', null, '', '0000-00-00', null, null);
INSERT INTO `product` VALUES ('1767', '8041001767', '', null, '0', 'Central Clearing Envelope (Small) for Clearing Dept.', '100.00', '3', '10', null, null, '2', '1', null, '0', null, '2', '2', '2', '1', '0', '0', '0', '0', null, '0', '1', '0', '1', null, '', '0000-00-00', null, null);
INSERT INTO `product` VALUES ('1768', '8041001768', '', null, '0', 'Window Envelope Green Blue', '100.00', '3', '41', null, null, '2', '2', null, '0', null, '2', '2', '2', '0', '0', '0', '0', '0', null, '0', '2', '0', '0', null, '', '0000-00-00', null, null);
INSERT INTO `product` VALUES ('1769', '8041001769', '', null, '0', 'White Envelope (Small)', '100.00', '3', '41', null, null, '2', '2', null, '0', null, '2', '2', '2', '1', '0', '0', '0', '0', null, '0', '2', '0', '0', null, '', '0000-00-00', null, null);
INSERT INTO `product` VALUES ('1770', '8041001770', '', null, '0', 'Window Envelope (Small)', '100.00', '3', '41', null, null, '2', '2', null, '0', null, '2', '2', '2', '0', '0', '0', '0', '0', null, '0', '2', '0', '0', null, '', '0000-00-00', null, null);
INSERT INTO `product` VALUES ('1771', '8041001771', '', null, '0.96', 'Window Envelop (Small)', '100.00', '3', '10', null, null, '2', '1', null, '0', null, '2', '2', '2', '1', '0', '0', '0', '0', null, '0', '1', '0', '0', null, '', '0000-00-00', null, null);
INSERT INTO `product` VALUES ('1772', '8041001772', '', null, '0', 'Window Envelop A4 Size', '100.00', '3', '41', null, null, '2', '1', null, '0', null, '2', '2', '2', '0', '0', '0', '0', '0', null, '0', '1', '0', '0', null, '', '0000-00-00', null, null);
INSERT INTO `product` VALUES ('1773', '8041001773', '', null, '0', 'AMEX Green Blue Window Envelope (Big)', '100.00', '3', '10', null, null, '2', '2', null, '0', null, '2', '2', '2', '1', '0', '0', '0', '0', null, '0', '2', '0', '0', null, '', '0000-00-00', null, null);
INSERT INTO `product` VALUES ('1774', '8041001774', '', null, '0', 'AMEX Green Blue Window Envelope(Small)', '100.00', '3', '41', null, null, '2', '2', null, '0', null, '2', '2', '2', '0', '0', '0', '0', '0', null, '0', '2', '0', '0', null, '', '0000-00-00', null, null);
INSERT INTO `product` VALUES ('1775', '8041001775', '80 gsm paper', null, '0', 'VISA Window Envelope (Medium) for Statement', '100.00', '3', '10', null, null, '2', '1', null, '0', null, '2', '2', '2', '1', '0', '0', '0', '0', null, '0', '1', '0', '1', null, '', '0000-00-00', null, null);
INSERT INTO `product` VALUES ('1776', '8041001776', '', null, '0', 'Letter Head Pad(General)', '100.00', '3', '41', null, null, '2', '2', null, '0', null, '2', '2', '2', '0', '0', '0', '0', '0', null, '0', '2', '0', '0', null, '', '0000-00-00', null, null);
INSERT INTO `product` VALUES ('1777', '8041001777', '', null, '0', 'AMEX Letter Head Pad', '100.00', '3', '15', null, null, '2', '1', null, '0', null, '2', '2', '2', '1', '0', '0', '0', '0', null, '0', '1', '0', '1', null, '', '0000-00-00', null, null);
INSERT INTO `product` VALUES ('1778', '8041001778', '', null, '0', 'Statement Letter Head', '100.00', '3', '41', null, null, '2', '2', null, '0', null, '2', '2', '2', '0', '0', '0', '0', '0', null, '0', '2', '0', '0', null, '', '0000-00-00', null, null);
INSERT INTO `product` VALUES ('1779', '8041001779', '', null, '0', 'Acclerated Banking Pack', '100.00', '3', '41', null, null, '2', '2', null, '0', null, '2', '2', '2', '1', '0', '0', '0', '0', null, '0', '2', '0', '0', null, '', '0000-00-00', null, null);
INSERT INTO `product` VALUES ('1781', '8041001781', '', null, '0', 'Stack Card.', '100.00', '3', '41', null, null, '2', '2', null, '0', null, '2', '2', '2', '1', '0', '0', '0', '0', null, '0', '2', '0', '0', null, '', '0000-00-00', null, null);
INSERT INTO `product` VALUES ('2488', '03089002488', '', null, '0', 'Weight Machine (Digital)', '0.00', '3', '89', null, null, '3', '0', null, '0', null, '2', null, '2', '1', '0', '0', '0', '0', null, '0', '2', '0', '1', null, '', '0000-00-00', null, null);
INSERT INTO `product` VALUES ('1783', '8041001783', '', null, '0', 'Delivery Challan Book.', '100.00', '3', '5', null, null, '2', '2', null, '0', null, '2', '2', '2', '1', '0', '0', '0', '0', null, '0', '2', '0', '0', null, '', '0000-00-00', null, null);
INSERT INTO `product` VALUES ('1784', '8041001784', '', null, '0', 'IBCA(General)', '100.00', '3', '41', null, null, '2', '2', null, '0', null, '2', '2', '2', '0', '0', '0', '0', '0', null, '0', '2', '0', '0', null, '', '0000-00-00', null, null);
INSERT INTO `product` VALUES ('1785', '8041001785', '', null, '0', 'IBCA (Exch)', '100.00', '3', '41', null, null, '2', '2', null, '0', null, '2', '2', '2', '0', '0', '0', '0', '0', null, '0', '2', '0', '0', null, '', '0000-00-00', null, null);
INSERT INTO `product` VALUES ('1786', '8041001786', '', null, '0', 'IBDA (Exch)', '100.00', '3', '41', null, null, '2', '2', null, '0', null, '2', '2', '2', '0', '0', '0', '0', '0', null, '0', '2', '0', '0', null, '', '0000-00-00', null, null);
INSERT INTO `product` VALUES ('1787', '8041001787', '', null, '0', 'IBDA (Computer)', '100.00', '3', '41', null, null, '2', '2', null, '0', null, '2', '2', '2', '1', '0', '0', '0', '0', null, '0', '2', '0', '0', null, '', '0000-00-00', null, null);
INSERT INTO `product` VALUES ('1788', '8041001788', '', null, '0', 'OBC/IBP Reminder.', '100.00', '3', '41', null, null, '2', '2', null, '0', null, '2', '2', '2', '1', '0', '0', '0', '0', null, '0', '2', '0', '0', null, '', '0000-00-00', null, null);
INSERT INTO `product` VALUES ('1789', '8041001789', '', null, '0', 'VISA Electron Debit Card Application Form', '100.00', '3', '41', null, null, '2', '1', null, '0', null, '2', '2', '2', '1', '0', '0', '0', '0', null, '0', '1', '0', '0', null, '', '0000-00-00', null, null);
INSERT INTO `product` VALUES ('1790', '8041001790', '', null, '0', 'Visa Debit Card Mailer', '100.00', '3', '41', null, null, '2', '2', null, '0', null, '2', '2', '2', '0', '0', '0', '0', '0', null, '0', '2', '0', '0', null, '', '0000-00-00', null, null);
INSERT INTO `product` VALUES ('1791', '8041001791', '', null, '0', 'LAP for City Express', '100.00', '3', '41', null, null, '2', '2', null, '0', null, '2', '2', '2', '1', '0', '0', '0', '0', null, '0', '2', '0', '0', null, '', '0000-00-00', null, null);
INSERT INTO `product` VALUES ('1792', '8041001792', '', null, '0', 'LAP for City Drive', '100.00', '3', '41', null, null, '2', '2', null, '0', null, '2', '2', '2', '1', '0', '0', '0', '0', null, '0', '2', '0', '0', null, '', '0000-00-00', null, null);
INSERT INTO `product` VALUES ('1794', '8041001794', '', null, '0', 'LAP for City Muldhan', '100.00', '3', '41', null, null, '2', '2', null, '0', null, '2', '2', '2', '1', '0', '0', '0', '0', null, '0', '2', '0', '0', null, '', '0000-00-00', null, null);
INSERT INTO `product` VALUES ('1795', '8041001795', '', null, '0', 'LAP for City Munafa', '100.00', '3', '41', null, null, '2', '2', null, '0', null, '2', '2', '2', '1', '0', '0', '0', '0', null, '0', '2', '0', '0', null, '', '0000-00-00', null, null);
INSERT INTO `product` VALUES ('1796', '8041001796', '', null, '0', 'LAP for City Seba', '100.00', '3', '41', null, null, '2', '2', null, '0', null, '2', '2', '2', '1', '0', '0', '0', '0', null, '0', '2', '0', '0', null, '', '0000-00-00', null, null);
INSERT INTO `product` VALUES ('1797', '8041001797', '', null, '0', 'LAP for City Shulov', '100.00', '3', '41', null, null, '2', '2', null, '0', null, '2', '2', '2', '1', '0', '0', '0', '0', null, '0', '2', '0', '0', null, '', '0000-00-00', null, null);
INSERT INTO `product` VALUES ('1798', '8041001798', '', null, '0', 'LAP for City Nakshi', '100.00', '3', '41', null, null, '2', '2', null, '0', null, '2', '2', '2', '1', '0', '0', '0', '0', null, '0', '2', '0', '0', null, '', '0000-00-00', null, null);
INSERT INTO `product` VALUES ('1799', '8041001799', '', null, '0', 'LAP for City OD &amp; Terms Loan', '100.00', '3', '41', null, null, '2', '2', null, '0', null, '2', '2', '2', '1', '0', '0', '0', '0', null, '0', '2', '0', '0', null, '', '0000-00-00', null, null);
INSERT INTO `product` VALUES ('1800', '8041001800', '', null, '0', 'B. A.Letter for City Express', '100.00', '3', '41', null, null, '2', '2', null, '0', null, '2', '2', '2', '0', '0', '0', '0', '0', null, '0', '2', '0', '0', null, '', '0000-00-00', null, null);
INSERT INTO `product` VALUES ('1801', '8041001801', '', null, '0', 'B. A.Letter for City Drive', '100.00', '3', '41', null, null, '2', '2', null, '0', null, '2', '2', '2', '0', '0', '0', '0', '0', null, '0', '2', '0', '0', null, '', '0000-00-00', null, null);
INSERT INTO `product` VALUES ('1803', '8041001803', '', null, '0', 'City Onayash (Brochure)', '100.00', '3', '6', null, null, '2', '2', null, '0', null, '2', '2', '2', '1', '0', '0', '0', '0', null, '0', '2', '0', '0', null, '', '0000-00-00', null, null);
INSERT INTO `product` VALUES ('1804', '8041001804', '', null, '0', 'City Ichhapuran (Brochure)', '100.00', '3', '6', null, null, '2', '2', null, '0', null, '2', '2', '2', '1', '0', '0', '0', '0', null, '0', '2', '0', '0', null, '', '0000-00-00', null, null);
INSERT INTO `product` VALUES ('1805', '8041001805', '', null, '1.84', 'City Somridhi (Brochure)', '100.00', '3', '6', null, null, '2', '2', null, '0', null, '2', '2', '2', '1', '0', '0', '0', '0', null, '0', '2', '0', '0', null, '', '0000-00-00', null, null);
INSERT INTO `product` VALUES ('1806', '8041001806', '', null, '0', 'City Projonmo (Brochure)', '100.00', '3', '6', null, null, '2', '2', null, '0', null, '2', '2', '2', '1', '0', '0', '0', '0', null, '0', '2', '0', '0', null, '', '0000-00-00', null, null);
INSERT INTO `product` VALUES ('1807', '8041001807', '', null, '0', 'City Student File Brochure', '100.00', '3', '41', null, null, '2', '2', null, '0', null, '2', '2', '2', '0', '0', '0', '0', '0', null, '0', '2', '0', '0', null, '', '0000-00-00', null, null);
INSERT INTO `product` VALUES ('1808', '8041001808', '', null, '0', 'AMEX Credit Card Application Form', '100.00', '3', '3', null, null, '2', '2', null, '0', null, '2', '2', '2', '1', '0', '0', '0', '0', null, '0', '2', '0', '0', null, '', '0000-00-00', null, null);
INSERT INTO `product` VALUES ('1810', '8041001810', '', null, '0', 'AMEX Credit Card Letter (Green)', '100.00', '3', '3', null, null, '2', '2', null, '0', null, '2', '2', '2', '0', '0', '0', '0', '0', null, '0', '2', '0', '0', null, '', '0000-00-00', null, null);
INSERT INTO `product` VALUES ('1813', '8041001813', '', null, '0', 'AMEX Data Security Policy', '100.00', '3', '41', null, null, '2', '2', null, '0', null, '2', '2', '2', '1', '0', '0', '0', '0', null, '0', '2', '0', '0', null, '', '0000-00-00', null, null);
INSERT INTO `product` VALUES ('1814', '8041001814', '', null, '0', 'Feedback Form/Share your feelings', '100.00', '3', '41', null, null, '2', '2', null, '0', null, '2', '2', '2', '0', '0', '0', '0', '0', null, '0', '2', '0', '0', null, '', '0000-00-00', null, null);
INSERT INTO `product` VALUES ('1815', '8041001815', '', null, '0', 'Guide Book Gold Credit Card', '100.00', '3', '5', null, null, '2', '2', null, '0', null, '2', '2', '2', '0', '0', '0', '0', '0', null, '0', '2', '0', '0', null, '', '0000-00-00', null, null);
INSERT INTO `product` VALUES ('1818', '8041001818', '', null, '0', 'Cash Area Satisfaction Survey Form', '100.00', '3', '12', null, null, '2', '2', null, '0', null, '2', '2', '2', '1', '0', '0', '0', '0', null, '0', '2', '0', '0', null, '', '0000-00-00', null, null);
INSERT INTO `product` VALUES ('1819', '8041001819', '', null, '0', 'AMEX Gold Card Mailer', '100.00', '3', '41', null, null, '2', '2', null, '0', null, '2', '2', '2', '0', '0', '0', '0', '0', null, '0', '2', '0', '0', null, '', '0000-00-00', null, null);
INSERT INTO `product` VALUES ('1821', '8041001821', '', null, '0', 'Visa Credit Card St. Paper', '100.00', '3', '41', null, null, '2', '2', null, '0', null, '2', '2', '2', '0', '0', '0', '0', '0', null, '0', '2', '0', '0', null, '', '0000-00-00', null, null);
INSERT INTO `product` VALUES ('1822', '8041001822', '', null, '0', 'Visa Credit Card Mailer', '100.00', '3', '41', null, null, '2', '2', null, '0', null, '2', '2', '2', '1', '0', '0', '0', '0', null, '0', '2', '0', '1', null, '', '0000-00-00', null, null);
INSERT INTO `product` VALUES ('1823', '8041001823', '', null, '0', 'VISA Window Envelop (Small) for Pin Mailer', '100.00', '3', '10', null, null, '2', '1', null, '0', null, '2', '2', '2', '1', '0', '0', '0', '0', null, '0', '1', '0', '1', null, '', '0000-00-00', null, null);
INSERT INTO `product` VALUES ('1824', '8041001824', '', null, '0', 'Visa Credit Card Supplimentary Application Form', '100.00', '3', '41', null, null, '2', '2', null, '0', null, '2', '2', '2', '1', '0', '0', '0', '0', null, '0', '2', '0', '0', null, '', '0000-00-00', null, null);
INSERT INTO `product` VALUES ('1825', '8041001825', '', null, '0', 'Visa Endorsement Letter', '100.00', '3', '41', null, null, '2', '2', null, '0', null, '2', '2', '2', '1', '0', '0', '0', '0', null, '0', '2', '0', '1', null, '', '0000-00-00', null, null);
INSERT INTO `product` VALUES ('1826', '8041001826', '', null, '0', 'AMEX Endorsement Letter ', '100.00', '3', '3', null, null, '2', '2', null, '0', null, '2', '2', '2', '1', '0', '0', '0', '0', null, '0', '2', '0', '1', null, '', '0000-00-00', null, null);
INSERT INTO `product` VALUES ('2484', '03089002484', '', null, '0', 'Cross Trainer', '0.00', '3', '89', null, null, '3', '0', null, '0', null, '2', null, '2', '1', '0', '0', '0', '0', null, '0', '2', '0', '1', null, '', '0000-00-00', null, null);
INSERT INTO `product` VALUES ('1829', '8041001829', '', null, '0', 'AMEX Credit Card Auto Debit Instruction Form', '100.00', '3', '3', null, null, '2', '2', null, '0', null, '2', '2', '2', '1', '0', '0', '0', '0', null, '0', '2', '0', '0', null, '', '0000-00-00', null, null);
INSERT INTO `product` VALUES ('2320', '02003002320', '', null, '0', 'AMEX Credit Card Closure Request Form', '0.00', '3', '3', null, null, '2', '0', null, '0', null, '2', null, '2', '1', null, null, null, '0', null, '0', '1', '0', '0', null, '', '0000-00-00', null, null);
INSERT INTO `product` VALUES ('2322', '02003002322', '', null, '0', 'AMEX Credit Card Statement Form', '0.00', '3', '3', null, null, '2', '1', null, '0', null, '2', null, '2', '1', '0', '0', '0', '0', null, '0', '1', '0', '1', null, '', '0000-00-00', null, null);
INSERT INTO `product` VALUES ('1834', '8041001834', '', null, '0', 'AMEX Credit Card Supplimentary Application Form', '100.00', '3', '3', null, null, '2', '2', null, '0', null, '2', '2', '2', '1', '0', '0', '0', '0', null, '0', '2', '0', '0', null, '', '0000-00-00', null, null);
INSERT INTO `product` VALUES ('1835', '8041001835', '', null, '0', 'AMEX Credit Card Enhancement Form (In BDT)', '100.00', '3', '3', null, null, '2', '2', null, '0', null, '2', '2', '2', '1', '0', '0', '0', '0', null, '0', '2', '0', '0', null, '', '0000-00-00', null, null);
INSERT INTO `product` VALUES ('1836', '8041001836', '', null, '0', 'AMEX Credit Card Enhancement Form (In USD)', '100.00', '3', '3', null, null, '2', '2', null, '0', null, '2', '2', '2', '1', '0', '0', '0', '0', null, '0', '2', '0', '0', null, '', '0000-00-00', null, null);
INSERT INTO `product` VALUES ('2328', '02012002328', '', null, '0', 'Manarah Debit Card Application Form', '0.00', '3', '12', null, null, '2', '0', null, '0', null, '2', null, '2', '1', null, null, null, '0', null, '0', '1', '0', '0', null, '', '0000-00-00', null, null);
INSERT INTO `product` VALUES ('1838', '8041001838', '', null, '1.8', 'Renewal of American Express Credit Card Form', '100.00', '3', '41', null, null, '2', '2', null, '0', null, '2', '2', '2', '1', '0', '0', '0', '0', null, '0', '2', '0', '0', null, '', '0000-00-00', null, null);
INSERT INTO `product` VALUES ('1839', '8041001839', '', null, '0', 'American Express Credit Card Payment Slip(BDT)', '100.00', '3', '41', null, null, '2', '2', null, '0', null, '2', '2', '2', '0', '0', '0', '0', '0', null, '0', '2', '0', '0', null, '', '0000-00-00', null, null);
INSERT INTO `product` VALUES ('2383', '02003002383', '', null, '0', 'AMEX Credit Card Address Change Form', '0.00', '3', '3', null, null, '2', '0', null, '0', null, '2', null, '2', '1', null, null, null, '0', null, '0', '1', '0', '0', null, '', '0000-00-00', null, null);
INSERT INTO `product` VALUES ('1843', '8041001843', '', null, '0', 'AMEX Green Blue window Env.', '100.00', '3', '41', null, null, '2', '2', null, '0', null, '2', '2', '2', '0', '0', '0', '0', '0', null, '0', '2', '0', '0', null, '', '0000-00-00', null, null);
INSERT INTO `product` VALUES ('1844', '8041001844', '', null, '0', 'AMEX Gold Window Envelope (Big)', '100.00', '3', '10', null, null, '2', '1', null, '0', null, '2', '2', '2', '1', '0', '0', '0', '0', null, '0', '1', '0', '1', null, '', '0000-00-00', null, null);
INSERT INTO `product` VALUES ('2690', '01110002690', '', null, '0', 'Communication Rack 32U', '0.00', '3', '110', null, null, '1', '0', null, '0', null, '2', null, '2', '0', '0', '0', '0', '0', null, '0', '2', '0', '1', null, '', '0000-00-00', null, null);
INSERT INTO `product` VALUES ('2714', '12113002714', '', null, '0', 'Data Entry for Stock Update', '0.00', '3', '113', null, null, '12', '0', null, '0', null, '2', null, '10', '1', '0', '0', '0', '0', null, '0', '1', '0', '1', null, '', '0000-00-00', null, null);
INSERT INTO `product` VALUES ('2481', '07051002481', 'It will be used at Locker room', null, '0', 'Steel Stand with 2 steps', '0.00', '3', '51', null, null, '7', '2', null, '0', null, '2', null, '2', '1', '0', '0', '0', '0', null, '0', '2', '0', '1', null, '', '0000-00-00', null, null);
INSERT INTO `product` VALUES ('1848', '8041001848', '', null, '0.86', 'Transaction Profile', '100.00', '3', '12', null, null, '2', '2', null, '0', null, '2', '2', '2', '1', '0', '0', '0', '0', null, '0', '2', '0', '0', null, '', '0000-00-00', null, null);
INSERT INTO `product` VALUES ('1849', '8041001849', '', null, '0', 'Individual Information Form', '100.00', '3', '41', null, null, '2', '2', null, '0', null, '2', '2', '2', '0', '0', '0', '0', '0', null, '0', '2', '0', '0', null, '', '0000-00-00', null, null);
INSERT INTO `product` VALUES ('1850', '8041001850', '', null, '0', 'Debit Card Application Form', '100.00', '3', '12', null, null, '2', '2', null, '0', null, '2', '2', '2', '0', '0', '0', '0', '0', null, '0', '2', '0', '0', null, '', '0000-00-00', null, null);
INSERT INTO `product` VALUES ('1851', '8041001851', '', null, '0', 'Cheque Stop Payment Cancellation Form', '100.00', '3', '12', null, null, '2', '2', null, '0', null, '2', '2', '2', '1', '0', '0', '0', '0', null, '0', '2', '0', '0', null, '', '0000-00-00', null, null);
INSERT INTO `product` VALUES ('1852', '8041001852', '', null, '0', 'Debit Card Cancellation Form', '100.00', '3', '12', null, null, '2', '2', null, '0', null, '2', '2', '2', '1', '0', '0', '0', '0', null, '0', '2', '0', '0', null, '', '0000-00-00', null, null);
INSERT INTO `product` VALUES ('1853', '8041001853', '', null, '0', 'Nominee Assignment', '100.00', '3', '41', null, null, '2', '2', null, '0', null, '2', '2', '2', '1', '0', '0', '0', '0', null, '0', '2', '0', '0', null, '', '0000-00-00', null, null);
INSERT INTO `product` VALUES ('1854', '8041001854', '', null, '0', 'Account Clouser (FDR/Scheme)Form', '100.00', '3', '12', null, null, '2', '2', null, '0', null, '2', '2', '2', '0', '0', '0', '0', '0', null, '0', '2', '0', '0', null, '', '0000-00-00', null, null);
INSERT INTO `product` VALUES ('1856', '8041001856', '', null, '0', 'Change of Signature Form', '100.00', '3', '12', null, null, '2', '2', null, '0', null, '2', '2', '2', '1', '0', '0', '0', '0', null, '0', '2', '0', '0', null, '', '0000-00-00', null, null);
INSERT INTO `product` VALUES ('1857', '8041001857', '', null, '0', 'Mandate Instruction', '100.00', '3', '41', null, null, '2', '2', null, '0', null, '2', '2', '2', '1', '0', '0', '0', '0', null, '0', '2', '0', '0', null, '', '0000-00-00', null, null);
INSERT INTO `product` VALUES ('1858', '8041001858', '', null, '0', 'Collection Authorization Form', '100.00', '3', '12', null, null, '2', '2', null, '0', null, '2', '2', '2', '1', '0', '0', '0', '0', null, '0', '2', '0', '0', null, '', '0000-00-00', null, null);
INSERT INTO `product` VALUES ('1859', '8041001859', '', null, '0', 'Dormant Account Reactivation Form', '100.00', '3', '41', null, null, '2', '2', null, '0', null, '2', '2', '2', '0', '0', '0', '0', '0', null, '0', '2', '0', '0', null, '', '0000-00-00', null, null);
INSERT INTO `product` VALUES ('1861', '8041001861', '', null, '0', 'Contact Information Form', '100.00', '3', '12', null, null, '2', '2', null, '0', null, '2', '2', '2', '1', '0', '0', '0', '0', null, '0', '2', '0', '0', null, '', '0000-00-00', null, null);
INSERT INTO `product` VALUES ('1862', '8041001862', '', null, '0', 'Personal Account  Closure Form', '100.00', '3', '41', null, null, '2', '2', null, '0', null, '2', '2', '2', '1', '0', '0', '0', '0', null, '0', '2', '0', '0', null, '', '0000-00-00', null, null);
INSERT INTO `product` VALUES ('1863', '8041001863', '', null, '0', 'Standing Instruction Form', '100.00', '3', '41', null, null, '2', '2', null, '0', null, '2', '2', '2', '1', '0', '0', '0', '0', null, '0', '2', '0', '0', null, '', '0000-00-00', null, null);
INSERT INTO `product` VALUES ('2494', '02005002494', '', null, '0', 'Evening Banking Register', '0.00', '3', '5', null, null, '2', '0', null, '0', null, '2', null, '2', '1', '0', '0', '0', '0', null, '0', '1', '0', '0', null, '', '0000-00-00', null, null);
INSERT INTO `product` VALUES ('1865', '8041001865', '', null, '0', 'Coverage Against Lockers', '100.00', '3', '41', null, null, '2', '2', null, '0', null, '2', '2', '2', '1', '0', '0', '0', '0', null, '0', '2', '0', '0', null, '', '0000-00-00', null, null);
INSERT INTO `product` VALUES ('1867', '8041001867', '', null, '0', 'Deposit Slip', '100.00', '3', '41', null, null, '2', '2', null, '0', null, '2', '2', '2', '0', '0', '0', '0', '0', null, '0', '2', '0', '0', null, '', '0000-00-00', null, null);
INSERT INTO `product` VALUES ('1868', '8041001868', '', null, '0', 'Deposit Book', '100.00', '3', '41', null, null, '2', '2', null, '0', null, '2', '2', '2', '0', '0', '0', '0', '0', null, '0', '2', '0', '0', null, '', '0000-00-00', null, null);
INSERT INTO `product` VALUES ('1869', '8041001869', '', null, '2', 'Corporate Account Opening Form', '100.00', '3', '12', null, null, '2', '2', null, '0', null, '2', '2', '2', '1', '0', '0', '0', '0', null, '0', '2', '0', '0', null, '', '0000-00-00', null, null);
INSERT INTO `product` VALUES ('1870', '8041001870', '', null, '0', 'Auto Finance Application Form', '100.00', '3', '12', null, null, '2', '2', null, '0', null, '2', '2', '2', '1', '0', '0', '0', '0', null, '0', '2', '0', '0', null, '', '0000-00-00', null, null);
INSERT INTO `product` VALUES ('1871', '8041001871', '', null, '0', 'Personal Finance Application Form', '100.00', '3', '41', null, null, '2', '2', null, '0', null, '2', '2', '2', '1', '0', '0', '0', '0', null, '0', '2', '0', '0', null, '', '0000-00-00', null, null);
INSERT INTO `product` VALUES ('1873', '8041001873', '', null, '0', 'B.A Letter (Personal)', '100.00', '3', '41', null, null, '2', '2', null, '0', null, '2', '2', '2', '0', '0', '0', '0', '0', null, '0', '2', '0', '0', null, '', '0000-00-00', null, null);
INSERT INTO `product` VALUES ('1874', '8041001874', '', null, '0', 'Schedule of Charges', '100.00', '3', '41', null, null, '2', '2', null, '0', null, '2', '2', '2', '1', '0', '0', '0', '0', null, '0', '2', '0', '0', null, '', '0000-00-00', null, null);
INSERT INTO `product` VALUES ('1875', '8041001875', '', null, '0', 'Delivery Note', '100.00', '3', '41', null, null, '2', '2', null, '0', null, '2', '2', '2', '1', '0', '0', '0', '0', null, '0', '2', '0', '0', null, '', '0000-00-00', null, null);
INSERT INTO `product` VALUES ('1879', '8041001879', '', null, '0', 'Parking Stiker for Vehicles', '100.00', '3', '41', null, null, '2', '2', null, '0', null, '2', '2', '2', '1', '0', '0', '0', '0', null, '0', '2', '0', '0', null, '', '0000-00-00', null, null);
INSERT INTO `product` VALUES ('1880', '8041001880', '', null, '0', 'Number Sticker', '100.00', '3', '41', null, null, '2', '1', null, '0', null, '2', '2', '2', '0', '0', '0', '0', '0', null, '0', '1', '0', '0', null, '', '0000-00-00', null, null);
INSERT INTO `product` VALUES ('1881', '8041001881', '', null, '0', 'Service Excelance Policy Manual', '100.00', '3', '41', null, null, '2', '2', null, '0', null, '2', '2', '2', '0', '0', '0', '0', '0', null, '0', '2', '0', '0', null, '', '0000-00-00', null, null);
INSERT INTO `product` VALUES ('1882', '8041001882', '', null, '0', 'Order &amp; Pay in Sheet', '100.00', '3', '41', null, null, '2', '2', null, '0', null, '2', '2', '2', '1', '0', '0', '0', '0', null, '0', '2', '0', '0', null, '', '0000-00-00', null, null);
INSERT INTO `product` VALUES ('1883', '8041001883', '', null, '0', 'Fantasy Kingdom Voucher', '100.00', '3', '41', null, null, '2', '2', null, '0', null, '2', '2', '2', '0', '0', '0', '0', '0', null, '0', '2', '0', '0', null, '', '0000-00-00', null, null);
INSERT INTO `product` VALUES ('1884', '8041001884', '', null, '0', 'Water Kingdom Voucher', '100.00', '3', '31', null, null, '2', '1', null, '0', null, '2', '2', '2', '1', '0', '0', '0', '0', null, '0', '1', '0', '1', null, '', '0000-00-00', null, null);
INSERT INTO `product` VALUES ('1885', '8041001885', '', null, '0', 'Combo Voucher', '100.00', '3', '31', null, null, '2', '1', null, '0', null, '2', '2', '2', '1', '0', '0', '0', '0', null, '0', '1', '0', '1', null, '', '0000-00-00', null, null);
INSERT INTO `product` VALUES ('2483', '05060002483', '', null, '0', 'Nokia Hand set', '0.00', '3', '60', null, null, '5', '0', null, '0', null, '2', null, '2', '1', '0', '0', '0', '0', null, '0', '1', '0', '1', null, '', '0000-00-00', null, null);
INSERT INTO `product` VALUES ('1887', '8041001887', '', null, '0', 'Bagdad Express Voucher', '100.00', '3', '31', null, null, '2', '2', null, '0', null, '2', '2', '2', '1', '0', '0', '0', '0', null, '0', '2', '0', '0', null, '', '0000-00-00', null, null);
INSERT INTO `product` VALUES ('1888', '8041001888', '', null, '0', 'AMEX Data security operating Policy', '100.00', '3', '41', null, null, '2', '2', null, '0', null, '2', '2', '2', '1', '0', '0', '0', '0', null, '0', '2', '0', '0', null, '', '0000-00-00', null, null);
INSERT INTO `product` VALUES ('1889', '8041001889', '', null, '0', 'Currency Encashment Certificate', '100.00', '3', '8', null, null, '2', '2', null, '0', null, '2', '2', '2', '1', '0', '0', '0', '0', null, '0', '2', '0', '0', null, '', '0000-00-00', null, null);
INSERT INTO `product` VALUES ('1890', '8041001890', '', null, '0', 'Certificate Pad', '100.00', '3', '8', null, null, '2', '2', null, '0', null, '2', '2', '2', '1', '0', '0', '0', '0', null, '0', '2', '0', '0', null, '', '0000-00-00', null, null);
INSERT INTO `product` VALUES ('1891', '8041001891', '', null, '0', 'Acclerated Banking Brochure', '100.00', '3', '6', null, null, '2', '2', null, '0', null, '2', '2', '2', '1', '0', '0', '0', '0', null, '0', '2', '0', '0', null, '', '0000-00-00', null, null);
INSERT INTO `product` VALUES ('1892', '8041001892', '', null, '0', 'City Youth Account Folder', '100.00', '3', '41', null, null, '2', '2', null, '0', null, '2', '2', '2', '1', '0', '0', '0', '0', null, '0', '2', '0', '0', null, '', '0000-00-00', null, null);
INSERT INTO `product` VALUES ('1893', '0403301893', 'eee', null, '0', 'eee', '0.00', '3', '33', null, null, '4', '0', null, '0', null, '1', null, '2', '1', null, null, null, null, null, '0', '1', '0', '0', null, '', '0000-00-00', null, null);
INSERT INTO `product` VALUES ('1973', '02010001973', '', null, '0', 'Visa Small Window Envelop', '0.00', '3', '10', null, null, '2', '0', null, '0', null, '2', null, '2', '0', null, null, null, '0', null, '0', '1', '0', '0', null, '', '0000-00-00', null, null);
INSERT INTO `product` VALUES ('1895', '0403301895', 'eee', null, '0', 'eee', '0.00', '3', '33', null, null, '4', '0', null, '0', null, '1', null, '2', '1', null, null, null, null, null, '0', '1', '0', '0', null, '', '0000-00-00', null, null);
INSERT INTO `product` VALUES ('1972', '02010001972', 'This is a Confidential File only used by HR', null, '0', 'Personal File for HR', '0.00', '3', '11', null, null, '2', '1', null, '0', null, '2', null, '2', '1', '0', '0', '0', '0', null, '0', '1', '0', '1', null, '', '0000-00-00', null, null);
INSERT INTO `product` VALUES ('1897', '03048001897', '', null, '0', 'Photocopy machine Toshiba Studioe-211', '0.00', '3', '48', null, null, '3', '2', null, '0', null, '2', null, '2', '0', '0', '0', '0', '0', null, '0', '2', '0', '1', null, '', '0000-00-00', null, null);
INSERT INTO `product` VALUES ('1898', '04033001898', 'dvcv', null, '22', 'Branding Check', '0.00', '3', '33', null, null, '4', '1', null, '0', null, '2', null, '2', '0', null, null, null, '0', null, '0', '1', '0', '0', null, '', '0000-00-00', null, null);
INSERT INTO `product` VALUES ('2399', '04034002399', '', null, '0', 'Certificate Folder', '0.00', '3', '34', null, null, '4', '0', null, '0', null, '2', null, '2', '1', '0', '0', '0', '0', null, '0', '1', '0', '1', null, '', '0000-00-00', null, null);
INSERT INTO `product` VALUES ('1902', '02003001902', '', null, '0', 'ics product-1', '0.00', '3', '3', null, null, '2', '1', null, '0', null, '6', null, '2', '1', null, null, null, '0', null, '0', '1', '0', '1', null, '', '0000-00-00', null, null);
INSERT INTO `product` VALUES ('1903', '04033161903', 'sdcdc', null, '25.23', 'ics product-2', '0.00', '3', '33', null, null, '4', '0', null, '16', null, '6', null, '1', '1', null, null, null, '0', null, '0', '2', '0', '1', null, '', '0000-00-00', null, null);
INSERT INTO `product` VALUES ('1904', '03032001904', '46 Ltr', null, '0', 'Bar Freeze', '0.00', '3', '32', null, null, '3', '2', null, '0', null, '2', null, '2', '1', null, null, null, '0', null, '0', '2', '0', '1', null, '', '0000-00-00', null, null);
INSERT INTO `product` VALUES ('1905', '03032001905', 'White', null, '0', 'Tea Set', '0.00', '3', '32', null, null, '3', '0', null, '0', null, '2', null, '2', '1', null, null, null, '0', null, '0', '1', '0', '1', null, '', '0000-00-00', null, null);
INSERT INTO `product` VALUES ('1906', '03032001906', 'Round', null, '0', 'Glass', '0.00', '3', '32', null, null, '3', '0', null, '0', null, '2', null, '2', '1', null, null, null, '0', null, '0', '1', '0', '1', null, '', '0000-00-00', null, null);
INSERT INTO `product` VALUES ('1907', '03032001907', 'White', null, '0', 'Full Plate', '0.00', '3', '32', null, null, '3', '0', null, '0', null, '2', null, '2', '1', null, null, null, '0', null, '0', '1', '0', '1', null, '', '0000-00-00', null, null);
INSERT INTO `product` VALUES ('1908', '03032001908', 'White', null, '0', 'Quater Plate', '0.00', '3', '32', null, null, '3', '0', null, '0', null, '2', null, '2', '1', null, null, null, '0', null, '0', '1', '0', '1', null, '', '0000-00-00', null, null);
INSERT INTO `product` VALUES ('1909', '03032001909', '', null, '0', 'Rice Dish', '0.00', '3', '32', null, null, '3', '0', null, '0', null, '2', null, '2', '1', null, null, null, '0', null, '0', '1', '0', '1', null, '', '0000-00-00', null, null);
INSERT INTO `product` VALUES ('1910', '03032001910', '', null, '0', 'Curry Bowl', '0.00', '3', '32', null, null, '3', '0', null, '0', null, '2', null, '2', '1', null, null, null, '0', null, '0', '1', '0', '1', null, '', '0000-00-00', null, null);
INSERT INTO `product` VALUES ('1911', '03032001911', 'Medium', null, '0', 'Kitchen Knife', '0.00', '3', '32', null, null, '3', '0', null, '0', null, '2', null, '2', '1', null, null, null, '0', null, '0', '1', '0', '1', null, '', '0000-00-00', null, null);
INSERT INTO `product` VALUES ('1912', '03032001912', '', null, '0', 'Jug', '0.00', '3', '32', null, null, '3', '0', null, '0', null, '2', null, '2', '1', null, null, null, '0', null, '0', '1', '0', '1', null, '', '0000-00-00', null, null);
INSERT INTO `product` VALUES ('1913', '03032001913', '', null, '0', 'Tray', '0.00', '3', '32', null, null, '3', '0', null, '0', null, '2', null, '2', '1', null, null, null, '0', null, '0', '1', '0', '1', null, '', '0000-00-00', null, null);
INSERT INTO `product` VALUES ('1914', '03032001914', '', null, '0', 'Table Spoon', '0.00', '3', '32', null, null, '3', '0', null, '0', null, '2', null, '2', '1', null, null, null, '0', null, '0', '1', '0', '1', null, '', '0000-00-00', null, null);
INSERT INTO `product` VALUES ('1915', '03032001915', '', null, '0', 'Fork', '0.00', '3', '32', null, null, '3', '0', null, '0', null, '2', null, '2', '1', null, null, null, '0', null, '0', '1', '0', '1', null, '', '0000-00-00', null, null);
INSERT INTO `product` VALUES ('1916', '03032001916', '', null, '0', 'Tea Spoon', '0.00', '3', '32', null, null, '3', '0', null, '0', null, '2', null, '2', '1', null, null, null, '0', null, '0', '1', '0', '1', null, '', '0000-00-00', null, null);
INSERT INTO `product` VALUES ('1917', '03032001917', '', null, '0', 'Curry Spoon', '0.00', '3', '32', null, null, '3', '0', null, '0', null, '2', null, '2', '1', null, null, null, '0', null, '0', '1', '0', '1', null, '', '0000-00-00', null, null);
INSERT INTO `product` VALUES ('1918', '05036001918', 'Electronic digital board for Deposit rate display.\r\nSize: H-26 in. X W-24 in. X ', null, '0', 'Electronic Deposit Rate Display Board', '0.00', '3', '36', null, null, '5', '0', null, '0', null, '2', null, '2', '1', null, null, null, '0', null, '0', '1', '0', '1', null, '', '0000-00-00', null, null);
INSERT INTO `product` VALUES ('1919', '03032001919', '', null, '0', 'Black Breey Mobile hand set', '0.00', '3', '32', null, null, '3', '0', null, '0', null, '2', null, '2', '1', null, null, null, '0', null, '0', '2', '0', '1', null, '', '0000-00-00', null, null);
INSERT INTO `product` VALUES ('1920', '02012001920', '', null, '1.26', 'City Visa Electron Debit Card Mailer', '0.00', '3', '16', null, null, '2', '1', null, '0', null, '2', null, '2', '1', '0', '0', '0', '0', null, '0', '1', '0', '1', null, '', '0000-00-00', null, null);
INSERT INTO `product` VALUES ('1921', '02012001921', '100 gsm', null, '0', 'City Visa Statement Paper', '0.00', '3', '12', null, null, '2', '1', null, '0', null, '2', null, '2', '1', '0', '0', '0', '0', null, '0', '1', '0', '1', null, '', '0000-00-00', null, null);
INSERT INTO `product` VALUES ('1922', '02023001922', '', null, '0', 'Visitors Register (Non Banking hour)', '0.00', '3', '23', null, null, '2', '0', null, '0', null, '2', null, '2', '0', null, null, null, '0', null, '0', '1', '0', '0', null, '', '0000-00-00', null, null);
INSERT INTO `product` VALUES ('1923', '05036001923', 'Split type, Wall mounted, Capacity: 1 ton.', null, '0', 'Split type, Wall mounted, Capacity: 1 ton.', '0.00', '3', '76', null, null, '5', '2', null, '0', null, '2', null, '2', '1', '0', '0', '0', '0', null, '0', '2', '0', '1', null, '', '0000-00-00', null, null);
INSERT INTO `product` VALUES ('1924', '02010001924', '', null, '0', 'A4 Size White Envelop ', '0.00', '3', '10', null, null, '2', '0', null, '0', null, '2', null, '2', '0', null, null, null, '0', null, '0', '1', '0', '0', null, '', '0000-00-00', null, null);
INSERT INTO `product` VALUES ('1925', '02031001925', '', null, '0', 'Simple Credit Voucher', '0.00', '3', '31', null, null, '2', '0', null, '0', null, '2', null, '2', '0', null, null, null, '0', null, '0', '1', '0', '0', null, '', '0000-00-00', null, null);
INSERT INTO `product` VALUES ('1926', '02012001926', '', null, '0', 'Amex Supplementary Credit Card Application Form', '0.00', '3', '12', null, null, '2', '0', null, '0', null, '2', null, '2', '0', null, null, null, '0', null, '0', '1', '0', '0', null, '', '0000-00-00', null, null);
INSERT INTO `product` VALUES ('1927', '02058001927', '', null, '0', 'Amex Gold (Consumer) Card', '0.00', '3', '58', null, null, '2', '1', null, '0', null, '2', null, '2', '1', '0', '0', '0', '0', null, '0', '1', '0', '1', null, '', '0000-00-00', null, null);
INSERT INTO `product` VALUES ('1928', '01059001928', '', null, '0', 'UTP Cable CAT6 ', '0.00', '3', '59', null, null, '1', '2', null, '0', null, '2', null, '5', '1', '0', '0', '0', '0', null, '0', '2', '0', '1', null, '', '0000-00-00', null, null);
INSERT INTO `product` VALUES ('1929', '01059001929', '', null, '0', 'Patch Panel', '0.00', '3', '59', null, null, '1', '2', null, '0', null, '2', null, '14', '1', '0', '0', '0', '0', null, '0', '2', '0', '1', null, '', '0000-00-00', null, null);
INSERT INTO `product` VALUES ('1930', '01059001930', '', null, '0', 'Face Plate &amp; Modular', '0.00', '3', '59', null, null, '1', '2', null, '0', null, '2', null, '14', '1', '0', '0', '0', '0', null, '0', '2', '0', '1', null, '', '0000-00-00', null, null);
INSERT INTO `product` VALUES ('1931', '01059001931', '', null, '0', 'Patch Cord 1m', '0.00', '3', '59', null, null, '1', '0', null, '0', null, '2', null, '2', '1', null, null, null, '0', null, '0', '2', '0', '1', null, '', '0000-00-00', null, null);
INSERT INTO `product` VALUES ('1932', '01059001932', '', null, '0', 'Patch Cord 3m', '0.00', '3', '59', null, null, '1', '0', null, '0', null, '2', null, '2', '1', null, null, null, '0', null, '0', '2', '0', '1', null, '', '0000-00-00', null, null);
INSERT INTO `product` VALUES ('1933', '01059001933', '', null, '0', 'Cable Manager', '0.00', '3', '59', null, null, '1', '0', null, '0', null, '2', null, '2', '1', null, null, null, '0', null, '0', '2', '0', '1', null, '', '0000-00-00', null, null);
INSERT INTO `product` VALUES ('1934', '01059001934', '', null, '0', 'Installation Charge for LAN', '0.00', '3', '59', null, null, '1', '2', null, '0', null, '2', null, '2', '1', '0', '0', '0', '0', null, '0', '2', '0', '1', null, '', '0000-00-00', null, null);
INSERT INTO `product` VALUES ('2416', '05060002416', '', null, '0', 'Telephone Set without caller ID', '0.00', '3', '60', null, null, '5', '2', null, '0', null, '2', null, '2', '1', '0', '0', '0', '0', null, '0', '2', '0', '1', null, '', '0000-00-00', null, null);
INSERT INTO `product` VALUES ('1938', '01061001938', 'Dot Matrix Printer', null, '0', 'Printer Dot Matrix', '0.00', '3', '61', null, null, '1', '0', null, '0', null, '2', null, '2', '1', null, null, null, '0', null, '0', '2', '0', '1', null, '', '0000-00-00', null, null);
INSERT INTO `product` VALUES ('1939', '07062001939', '', null, '0', 'File Cabinet (4 Drawer Unit)', '0.00', '3', '62', null, null, '7', '2', null, '0', null, '2', null, '1', '1', '0', '0', '0', '0', null, '0', '2', '0', '1', null, '', '0000-00-00', null, null);
INSERT INTO `product` VALUES ('1941', '02064001941', '', null, '35', 'Facial tissue box with city bank logo', '0.00', '3', '64', null, null, '2', '0', null, '0', null, '2', null, '2', '0', null, null, null, '0', null, '0', '1', '0', '0', null, '', '0000-00-00', null, null);
INSERT INTO `product` VALUES ('1942', '05036001942', 'Split type, Wall mounted, Capacity: 1.5 ton.', null, '0', 'Split type, Wall mounted, Capacity: 1.5 ton.', '0.00', '3', '76', null, null, '5', '2', null, '0', null, '2', null, '2', '1', '0', '0', '0', '0', null, '0', '2', '0', '1', null, '', '0000-00-00', null, null);
INSERT INTO `product` VALUES ('1943', '05065001943', '', null, '0', 'POS Roll- Blank', '0.00', '3', '65', null, null, '5', '1', null, '0', null, '2', null, '9', '1', null, null, null, '0', null, '0', '1', '0', '1', null, '', '0000-00-00', null, null);
INSERT INTO `product` VALUES ('1944', '05036001944', 'Split type, Cassette, Capacity: 3 ton.', null, '0', 'Split type, Cassette, Capacity: 3 ton.', '0.00', '3', '76', null, null, '5', '2', null, '0', null, '2', null, '2', '1', '0', '0', '0', '0', null, '0', '2', '0', '1', null, '', '0000-00-00', null, null);
INSERT INTO `product` VALUES ('1945', '02012001945', '', null, '0', 'Company liability form', '0.00', '3', '12', null, null, '2', '1', null, '0', null, '2', null, '2', '1', '0', '0', '0', '0', null, '0', '1', '0', '0', null, '', '0000-00-00', null, null);
INSERT INTO `product` VALUES ('1946', '05036001946', 'Split type, Cassette, Capacity: 4 ton.', null, '0', 'Split type, Cassette, Capacity: 4 ton.', '0.00', '3', '76', null, null, '5', '2', null, '0', null, '2', null, '2', '1', '0', '0', '0', '0', null, '0', '2', '0', '1', null, '', '0000-00-00', null, null);
INSERT INTO `product` VALUES ('1947', '05036001947', 'Split type, Wall mounted, Capacity: 2 ton.', null, '0', 'Split type, Wall mounted, Capacity: 2 ton.', '0.00', '3', '76', null, null, '5', '2', null, '0', null, '2', null, '2', '1', '0', '0', '0', '0', null, '0', '2', '0', '1', null, '', '0000-00-00', null, null);
INSERT INTO `product` VALUES ('1948', '02069001948', '', null, '0', 'Saving Chq. book (25 lvs.)', '0.00', '3', '69', null, null, '2', '1', null, '0', null, '2', null, '12', '1', '0', '0', '0', '0', null, '0', '1', '0', '1', null, '', '0000-00-00', null, null);
INSERT INTO `product` VALUES ('1949', '02069001949', '', null, '0', 'Saving Chq. book (25 lvs) Ababil', '0.00', '3', '69', null, null, '2', '1', null, '0', null, '2', null, '11', '1', '0', '0', '0', '0', null, '0', '1', '0', '0', null, '', '0000-00-00', null, null);
INSERT INTO `product` VALUES ('1950', '02069001950', '', null, '0', 'Saving Chq. book (10 lvs.)', '0.00', '3', '69', null, null, '2', '1', null, '0', null, '2', null, '12', '1', '0', '0', '0', '0', null, '0', '1', '0', '1', null, '', '0000-00-00', null, null);
INSERT INTO `product` VALUES ('1951', '02069001951', '', null, '0', 'Current Chq. Book (100 leaf)', '0.00', '3', '69', null, null, '2', '1', null, '0', null, '2', null, '12', '1', '0', '0', '0', '0', null, '0', '1', '0', '1', null, '', '0000-00-00', null, null);
INSERT INTO `product` VALUES ('1952', '02069001952', '', null, '0', 'Current Chq. Book (50 Leaf)', '0.00', '3', '69', null, null, '2', '1', null, '0', null, '2', null, '12', '1', '0', '0', '0', '0', null, '0', '1', '0', '1', null, '', '0000-00-00', null, null);
INSERT INTO `product` VALUES ('1953', '02069001953', '', null, '0', 'Current Chq. Book (10 Leaf)', '0.00', '3', '69', null, null, '2', '1', null, '0', null, '2', null, '12', '1', '0', '0', '0', '0', null, '0', '1', '0', '1', null, '', '0000-00-00', null, null);
INSERT INTO `product` VALUES ('1954', '02069001954', '', null, '0', 'Current Chq. Book (50 Leaf) -Ababil', '0.00', '3', '69', null, null, '2', '1', null, '0', null, '2', null, '11', '1', '0', '0', '0', '0', null, '0', '1', '0', '0', null, '', '0000-00-00', null, null);
INSERT INTO `product` VALUES ('1955', '02069001955', '', null, '0', 'Pay Order (100 Leaf)', '0.00', '3', '69', null, null, '2', '1', null, '0', null, '2', null, '12', '1', '0', '0', '0', '0', null, '0', '1', '0', '1', null, '', '0000-00-00', null, null);
INSERT INTO `product` VALUES ('1956', '02069001956', '', null, '0', 'Pay Order (100 Leaf) Ababil', '0.00', '3', '69', null, null, '2', '1', null, '0', null, '2', null, '11', '1', '0', '0', '0', '0', null, '0', '1', '0', '0', null, '', '0000-00-00', null, null);
INSERT INTO `product` VALUES ('1957', '02069001957', '', null, '0', 'MICR Encoding Chg.', '0.00', '3', '69', null, null, '2', '1', null, '0', null, '2', null, '11', '1', '0', '0', '0', '0', null, '0', '1', '0', '1', null, '', '0000-00-00', null, null);
INSERT INTO `product` VALUES ('1958', '02069001958', '', null, '0', 'Text Personalization Chg.', '0.00', '3', '69', null, null, '2', '1', null, '0', null, '2', null, '11', '1', '0', '0', '0', '0', null, '0', '1', '0', '1', null, '', '0000-00-00', null, null);
INSERT INTO `product` VALUES ('1959', '02069001959', '', null, '0', 'Front,Back &amp; Requisition Slip Chg.', '0.00', '3', '69', null, null, '2', '1', null, '0', null, '2', null, '12', '1', '0', '0', '0', '0', null, '0', '1', '0', '1', null, '', '0000-00-00', null, null);
INSERT INTO `product` VALUES ('1960', '07070001960', '', null, '0', 'Round Table', '0.00', '3', '70', null, null, '7', '0', null, '0', null, '2', null, '1', '1', null, null, null, '0', null, '0', '2', '0', '1', null, '', '0000-00-00', null, null);
INSERT INTO `product` VALUES ('1961', '07071001961', '', null, '0', 'Lecture Chair', '0.00', '3', '71', null, null, '7', '0', null, '0', null, '2', null, '1', '1', null, null, null, '0', null, '0', '2', '0', '1', null, '', '0000-00-00', null, null);
INSERT INTO `product` VALUES ('1962', '04034001962', '', null, '0', 'Podium', '0.00', '3', '34', null, null, '4', '0', null, '0', null, '2', null, '1', '1', null, null, null, '0', null, '0', '2', '0', '1', null, '', '0000-00-00', null, null);
INSERT INTO `product` VALUES ('1964', '03032001964', '', null, '0', 'De-humidi Fier', '0.00', '3', '32', null, null, '3', '2', null, '0', null, '2', null, '2', '1', '0', '0', '0', '0', null, '0', '2', '0', '1', null, '', '0000-00-00', null, null);
INSERT INTO `product` VALUES ('1966', '12073001966', '', null, '0', 'Actuarial valuation of Employees Gratuity Fund', '0.00', '3', '73', null, null, '12', '0', null, '0', null, '2', null, '10', '1', null, null, null, '0', null, '0', '1', '0', '1', null, '', '0000-00-00', null, null);
INSERT INTO `product` VALUES ('1967', '02074001967', '', null, '0', 'Amex Gold Window Envelop for Billing Statement', '0.00', '3', '74', null, null, '2', '1', null, '0', null, '2', null, '2', '1', '0', '0', '0', '0', null, '0', '1', '0', '1', null, '', '0000-00-00', null, null);
INSERT INTO `product` VALUES ('1968', '02074001968', '', null, '0', 'Visa Credit Card Acknowledgement Slip', '0.00', '3', '74', null, null, '2', '1', null, '0', null, '2', null, '2', '1', '0', '0', '0', '0', null, '0', '1', '0', '1', null, '', '0000-00-00', null, null);
INSERT INTO `product` VALUES ('1969', '02074001969', '', null, '0', 'Amex Green Blue Window Envelop for Billing Statement', '0.00', '3', '74', null, null, '2', '1', null, '0', null, '2', null, '2', '0', '0', '0', '0', '0', null, '0', '1', '0', '0', null, '', '0000-00-00', null, null);
INSERT INTO `product` VALUES ('1970', '02017001970', '', null, '0', 'Service Excellence policy Manual', '0.00', '3', '17', null, null, '2', '1', null, '0', null, '2', null, '2', '1', '0', '0', '0', '0', null, '0', '1', '0', '0', null, '', '0000-00-00', null, null);
INSERT INTO `product` VALUES ('1971', '04033001971', 'Length: 3\\\'\\\', Height: 1\\\'\\\' with 2pcs magnet (each tag).', null, '0', 'Name Tag', '0.00', '3', '33', null, null, '4', '0', null, '0', null, '2', null, '2', '1', null, null, null, '0', null, '0', '1', '0', '1', null, '', '0000-00-00', null, null);
INSERT INTO `product` VALUES ('1974', '03032001974', 'dgfvfdg', null, '0', 'test product for add actual', '0.00', '3', '32', null, null, '3', '0', null, '0', null, '2', null, '2', '0', null, null, null, '0', null, '0', '1', '0', '1', null, '', '0000-00-00', null, null);
INSERT INTO `product` VALUES ('1975', '02015001975', '', null, '0', 'Visa cash withdrawal notification letter', '0.00', '3', '15', null, null, '2', '1', null, '0', null, '2', null, '2', '1', '0', '0', '0', '0', null, '0', '1', '0', '1', null, '', '0000-00-00', null, null);
INSERT INTO `product` VALUES ('1976', '02015001976', '', null, '0', 'Visa endorsement notification letter', '0.00', '3', '15', null, null, '2', '1', null, '0', null, '2', null, '2', '1', '0', '0', '0', '0', null, '0', '1', '0', '0', null, '', '0000-00-00', null, null);
INSERT INTO `product` VALUES ('1977', '02015001977', '', null, '0', 'Amex cash withdrawal notification letter', '0.00', '3', '15', null, null, '2', '1', null, '0', null, '2', null, '2', '1', '0', '0', '0', '0', null, '0', '1', '0', '1', null, '', '0000-00-00', null, null);
INSERT INTO `product` VALUES ('1978', '02015001978', '', null, '0', 'Amex endorsement notification letter', '0.00', '3', '15', null, null, '2', '1', null, '0', null, '2', null, '2', '1', '0', '0', '0', '0', null, '0', '1', '0', '0', null, '', '0000-00-00', null, null);
INSERT INTO `product` VALUES ('1979', '02012001979', '', null, '0', 'MC  Platinum Debit Card Application Form', '0.00', '3', '12', null, null, '2', '1', null, '0', null, '2', null, '2', '1', '0', '0', '0', '0', null, '0', '1', '0', '1', null, '', '0000-00-00', null, null);
INSERT INTO `product` VALUES ('1980', '02012001980', '', null, '0', 'MC City Debit Card Application Form', '0.00', '3', '12', null, null, '2', '1', null, '0', null, '2', null, '2', '1', '0', '0', '0', '0', null, '0', '1', '0', '0', null, '', '0000-00-00', null, null);
INSERT INTO `product` VALUES ('1981', '02012001981', '', null, '0', 'MC Manarah Debit Card Application Form', '0.00', '3', '12', null, null, '2', '1', null, '0', null, '2', null, '2', '1', '0', '0', '0', '0', null, '0', '1', '0', '0', null, '', '0000-00-00', null, null);
INSERT INTO `product` VALUES ('1982', '01001001982', '', null, '0', 'Laptop', '0.00', '3', '1', null, null, '1', '0', null, '0', null, '2', null, '2', '1', null, null, null, '0', null, '0', '2', '0', '1', null, '', '0000-00-00', null, null);
INSERT INTO `product` VALUES ('1983', '01001001983', '', null, '0', 'External Drive', '0.00', '3', '1', null, null, '1', '2', null, '0', null, '2', null, '2', '1', null, null, null, '0', null, '0', '2', '0', '1', null, '', '0000-00-00', null, null);
INSERT INTO `product` VALUES ('1984', '01001001984', '', null, '0', 'Fax Modem', '0.00', '3', '1', null, null, '1', '0', null, '0', null, '2', null, '2', '1', null, null, null, '0', null, '0', '2', '0', '1', null, '', '0000-00-00', null, null);
INSERT INTO `product` VALUES ('1985', '01001001985', 'CPU and UPS', null, '0', 'Offline Ups600/650 VA', '0.00', '3', '46', null, null, '1', '2', null, '0', null, '2', null, '2', '1', '0', '0', '0', '0', null, '0', '2', '0', '1', null, '', '0000-00-00', null, null);
INSERT INTO `product` VALUES ('1986', '01001001986', '', null, '17000', 'Offline UPS 2KVA', '0.00', '3', '77', null, null, '1', '2', null, '0', null, '2', null, '2', '1', '0', '0', '0', '0', null, '0', '2', '0', '1', null, '', '0000-00-00', null, null);
INSERT INTO `product` VALUES ('1987', '05076001987', 'Split type, wall mounted, Capacity: 2.5 ton', null, '0', 'Split type, Wall mounted, Capacity: 2.5 ton.', '0.00', '3', '76', null, null, '5', '2', null, '0', null, '2', null, '2', '1', '0', '0', '0', '0', null, '0', '2', '0', '1', null, '', '0000-00-00', null, null);
INSERT INTO `product` VALUES ('1988', '07070001988', '', null, '0', 'Center/Site Table', '0.00', '3', '70', null, null, '7', '0', null, '0', null, '2', null, '2', '1', null, null, null, '0', null, '0', '2', '0', '1', null, '', '0000-00-00', null, null);
INSERT INTO `product` VALUES ('1989', '05076001989', '', null, '0', 'Copper Pipe', '0.00', '3', '76', null, null, '5', '2', null, '0', null, '2', null, '6', '1', '0', '0', '0', '0', null, '0', '2', '1', '1', null, '', '0000-00-00', null, null);
INSERT INTO `product` VALUES ('1990', '05076001990', '', null, '0', 'Security Grill', '0.00', '3', '76', null, null, '5', '2', null, '0', null, '2', null, '2', '1', '0', '0', '0', '0', null, '0', '2', '1', '1', null, '', '0000-00-00', null, null);
INSERT INTO `product` VALUES ('1991', '05076001991', '', null, '0', 'Automatic Control Panel', '0.00', '3', '76', null, null, '5', '2', null, '0', null, '2', null, '2', '1', null, null, null, '0', null, '0', '2', '0', '1', null, '', '0000-00-00', null, null);
INSERT INTO `product` VALUES ('1992', '05076001992', '', null, '0', 'Electrical Waring', '0.00', '3', '76', null, null, '5', '2', null, '0', null, '2', null, '1', '1', '0', '0', '0', '0', null, '0', '2', '1', '1', null, '', '0000-00-00', null, null);
INSERT INTO `product` VALUES ('1993', '03048001993', 'Duplex Automatic Document feeder', null, '0', 'photocopy  machine', '0.00', '3', '48', null, null, '3', '2', null, '0', null, '2', null, '2', '0', '0', '0', '0', '0', null, '0', '2', '0', '1', null, '', '0000-00-00', null, null);
INSERT INTO `product` VALUES ('1994', '01001001994', '', null, '0', 'Scanner (Heavy Duty) Fujistu-6770', '0.00', '3', '79', null, null, '1', '2', null, '0', null, '2', null, '2', '1', null, null, null, '0', null, '0', '2', '0', '1', null, '', '0000-00-00', null, null);
INSERT INTO `product` VALUES ('1995', '01001001995', '', null, '0', 'Scanner (Heavy Duty) Fujistu-6670', '0.00', '3', '79', null, null, '1', '2', null, '0', null, '2', null, '2', '1', null, null, null, '0', null, '0', '2', '0', '1', null, '', '0000-00-00', null, null);
INSERT INTO `product` VALUES ('1996', '01001001996', '', null, '0', 'Scanner (Scan Jet) 7000', '0.00', '3', '79', null, null, '1', '2', null, '0', null, '2', null, '2', '1', null, null, null, '0', null, '0', '2', '0', '1', null, '', '0000-00-00', null, null);
INSERT INTO `product` VALUES ('1997', '01061001997', '', null, '0', 'Printer (Heavy Duty) ML- 4510ND', '0.00', '3', '61', null, null, '1', '0', null, '0', null, '2', null, '2', '1', null, null, null, '0', null, '0', '2', '0', '1', null, '', '0000-00-00', null, null);
INSERT INTO `product` VALUES ('1998', '01061001998', '', null, '0', 'Printer (Leaser) ML- 3310ND', '0.00', '3', '61', null, null, '1', '0', null, '0', null, '2', null, '2', '0', null, null, null, '0', null, '0', '2', '0', '1', null, '', '0000-00-00', null, null);
INSERT INTO `product` VALUES ('1999', '01061001999', '', null, '0', 'Printer (Leaser) ML- 3710ND', '0.00', '3', '61', null, null, '1', '0', null, '0', null, '2', null, '2', '1', null, null, null, '0', null, '0', '2', '0', '1', null, '', '0000-00-00', null, null);
INSERT INTO `product` VALUES ('2000', '05076002000', '', null, '0', 'Iron Angle', '0.00', '3', '76', null, null, '5', '2', null, '0', null, '2', null, '2', '1', '0', '0', '0', '0', null, '0', '2', '1', '1', null, '', '0000-00-00', null, null);
INSERT INTO `product` VALUES ('2001', '01059002001', '', null, '0', 'PVC/Flexible Pipe', '0.00', '3', '59', null, null, '1', '2', null, '0', null, '2', null, '6', '1', '0', '0', '0', '0', null, '0', '2', '0', '1', null, '', '0000-00-00', null, null);
INSERT INTO `product` VALUES ('2002', '05076002002', 'Split type, Ceiling, Capacity: 4.5 ton.', null, '0', 'Split type, Ceiling, Capacity: 4.5 ton.', '0.00', '3', '76', null, null, '5', '2', null, '0', null, '2', null, '2', '1', '0', '0', '0', '0', null, '0', '2', '0', '1', null, '', '0000-00-00', null, null);
INSERT INTO `product` VALUES ('2003', '01059002003', '', null, '0', 'UTP Cable CAT5e', '0.00', '3', '59', null, null, '1', '2', null, '0', null, '2', null, '5', '1', '0', '0', '0', '0', null, '0', '2', '0', '1', null, '', '0000-00-00', null, null);
INSERT INTO `product` VALUES ('2004', '03032002004', '', null, '0', 'EM Lock', '0.00', '3', '32', null, null, '3', '0', null, '0', null, '2', null, '2', '1', null, null, null, '0', null, '0', '1', '0', '1', null, '', '0000-00-00', null, null);
INSERT INTO `product` VALUES ('2005', '03032002005', '', null, '0', 'U Channel', '0.00', '3', '32', null, null, '3', '0', null, '0', null, '2', null, '2', '1', null, null, null, '0', null, '0', '1', '0', '1', null, '', '0000-00-00', null, null);
INSERT INTO `product` VALUES ('2006', '03032002006', '', null, '0', 'L &amp; Z Channel', '0.00', '3', '32', null, null, '3', '0', null, '0', null, '2', null, '2', '1', null, null, null, '0', null, '0', '1', '0', '1', null, '', '0000-00-00', null, null);
INSERT INTO `product` VALUES ('2007', '03032002007', '', null, '0', 'Interface Cable with Surface Wiring', '0.00', '3', '32', null, null, '3', '1', null, '0', null, '2', null, '6', '1', null, null, null, '0', null, '0', '1', '0', '1', null, '', '0000-00-00', null, null);
INSERT INTO `product` VALUES ('2008', '03032002008', '', null, '0', 'Power Cable with Surface Wiring', '0.00', '3', '32', null, null, '3', '0', null, '0', null, '2', null, '6', '1', null, null, null, '0', null, '0', '1', '0', '1', null, '', '0000-00-00', null, null);
INSERT INTO `product` VALUES ('2009', '03032002009', '', null, '0', 'Installation charge for Access Control system', '0.00', '3', '32', null, null, '3', '0', null, '0', null, '2', null, '10', '1', null, null, null, '0', null, '0', '1', '0', '1', null, '', '0000-00-00', null, null);
INSERT INTO `product` VALUES ('2010', '07082002010', '', null, '0', '4 person Work Station', '0.00', '3', '82', null, null, '7', '0', null, '0', null, '2', null, '2', '1', null, null, null, '0', null, '0', '2', '0', '1', null, '', '0000-00-00', null, null);
INSERT INTO `product` VALUES ('2011', '07082002011', '', null, '0', '2 person Work Station', '0.00', '3', '82', null, null, '7', '0', null, '0', null, '2', null, '2', '1', null, null, null, '0', null, '0', '2', '0', '1', null, '', '0000-00-00', null, null);
INSERT INTO `product` VALUES ('2012', '07082002012', '', null, '0', '1 person Work Station', '0.00', '3', '82', null, null, '7', '0', null, '0', null, '2', null, '2', '1', null, null, null, '0', null, '0', '2', '0', '1', null, '', '0000-00-00', null, null);
INSERT INTO `product` VALUES ('2285', '02012002285', '', null, '0', 'Leaf Let Money Laundaring', '0.00', '3', '12', null, null, '2', '0', null, '0', null, '2', null, '2', '1', null, null, null, '0', null, '0', '1', '0', '0', null, '', '0000-00-00', null, null);
INSERT INTO `product` VALUES ('2013', '02012002013', '', null, '1.1', 'AMEX Credit Card Statement Form', '0.00', '3', '12', null, null, '2', '1', null, '0', null, '2', null, '2', '0', null, null, null, '0', null, '0', '1', '0', '0', null, '', '0000-00-00', null, null);
INSERT INTO `product` VALUES ('2015', '02012002015', '', null, '0', 'Forms of Mandate Attorney Form', '0.00', '3', '12', null, null, '2', '1', null, '0', null, '2', null, '15', '1', '0', '0', '0', '0', null, '0', '1', '0', '0', null, '', '0000-00-00', null, null);
INSERT INTO `product` VALUES ('2027', '02012002027', '', null, '0', 'I-Bank Application Form', '0.00', '3', '12', null, null, '2', '1', null, '0', null, '2', null, '2', '1', '0', '0', '0', '0', null, '0', '1', '0', '1', null, '', '0000-00-00', null, null);
INSERT INTO `product` VALUES ('2030', '02012002030', '', null, '0', 'Form  C', '0.00', '3', '12', null, null, '2', '1', null, '0', null, '2', null, '15', '1', '0', '0', '0', '0', null, '0', '1', '0', '0', null, '', '0000-00-00', null, null);
INSERT INTO `product` VALUES ('2032', '02012002032', '', null, '0', 'I.M.P Form', '0.00', '3', '12', null, null, '2', '1', null, '0', null, '2', null, '15', '1', '0', '0', '0', '0', null, '0', '1', '0', '0', null, '', '0000-00-00', null, null);
INSERT INTO `product` VALUES ('2033', '02012002033', '', null, '0', 'E.X.P Form', '0.00', '3', '12', null, null, '2', '1', null, '0', null, '2', null, '15', '1', '0', '0', '0', '0', null, '0', '1', '0', '0', null, '', '0000-00-00', null, null);
INSERT INTO `product` VALUES ('2034', '02012002034', '', null, '0', 'Documentary Credit Application Form (L/C Application Form)', '0.00', '3', '12', null, null, '2', '1', null, '0', null, '2', null, '15', '1', '0', '0', '0', '0', null, '0', '1', '0', '0', null, '', '0000-00-00', null, null);
INSERT INTO `product` VALUES ('2040', '02012002040', '', null, '0', 'Debit Balance Confirmation Forms', '0.00', '3', '12', null, null, '2', '1', null, '0', null, '2', null, '15', '1', '0', '0', '0', '0', null, '0', '1', '0', '0', null, '', '0000-00-00', null, null);
INSERT INTO `product` VALUES ('2041', '02012002041', '', null, '0', 'Reliving Managers Certificate Form', '0.00', '3', '12', null, null, '2', '0', null, '0', null, '2', null, '2', '1', null, null, null, '0', null, '0', '1', '0', '0', null, '', '0000-00-00', null, null);
INSERT INTO `product` VALUES ('2043', '02012002043', '', null, '0', 'Confirmation of Expenditure Form.', '0.00', '3', '12', null, null, '2', '1', null, '0', null, '2', null, '15', '1', '0', '0', '0', '0', null, '0', '1', '0', '0', null, '', '0000-00-00', null, null);
INSERT INTO `product` VALUES ('2045', '02012002045', '', null, '70', 'Al-Wadiah Current Account Opening Form ', '0.00', '3', '12', null, null, '2', '1', null, '0', null, '2', null, '14', '1', null, null, null, '0', null, '0', '1', '0', '0', null, '', '0000-00-00', null, null);
INSERT INTO `product` VALUES ('2047', '02012002047', '', null, '30.15', 'Demand Promissary Notes (Single) Forms', '0.00', '3', '12', null, null, '2', '1', null, '0', null, '2', null, '15', '1', '0', '0', '0', '0', null, '0', '1', '0', '0', null, '', '0000-00-00', null, null);
INSERT INTO `product` VALUES ('2048', '02012002048', '', null, '0', 'Demand Promissery Notes (Jointly) Forms', '0.00', '3', '12', null, null, '2', '1', null, '0', null, '2', null, '15', '1', '0', '0', '0', '0', null, '0', '1', '0', '0', null, '', '0000-00-00', null, null);
INSERT INTO `product` VALUES ('2049', '02012002049', '', null, '52', 'Mudaraba Saving\\\\\\\'s Account Opening Form ', '0.00', '3', '12', null, null, '2', '1', null, '0', null, '2', null, '15', '1', '0', '0', '0', '0', null, '0', '1', '0', '0', null, '', '0000-00-00', null, null);
INSERT INTO `product` VALUES ('2054', '02012002054', '', null, '0', 'Godown Inspection Report Form', '0.00', '3', '12', null, null, '2', '1', null, '0', null, '2', null, '15', '1', '0', '0', '0', '0', null, '0', '1', '0', '0', null, '', '0000-00-00', null, null);
INSERT INTO `product` VALUES ('2055', '02012002055', '', null, '0', 'Delivery Order Form', '0.00', '3', '12', null, null, '2', '1', null, '0', null, '2', null, '15', '1', '0', '0', '0', '0', null, '0', '1', '0', '0', null, '', '0000-00-00', null, null);
INSERT INTO `product` VALUES ('2065', '02023002065', '', null, '0', 'Despatch Register (Post)', '0.00', '3', '23', null, null, '2', '0', null, '0', null, '2', null, '2', '1', null, null, null, '0', null, '0', '1', '0', '0', null, '', '0000-00-00', null, null);
INSERT INTO `product` VALUES ('2066', '02012002066', '', null, '70', 'Mudaraba Term Account Opening Form ', '0.00', '3', '12', null, null, '2', '1', null, '0', null, '2', null, '15', '1', '0', '0', '0', '0', null, '0', '1', '0', '0', null, '', '0000-00-00', null, null);
INSERT INTO `product` VALUES ('2072', '02012002072', '', null, '0', 'DD Application Form.', '0.00', '3', '12', null, null, '2', '1', null, '0', null, '2', null, '15', '1', '0', '0', '0', '0', null, '0', '1', '0', '0', null, '', '0000-00-00', null, null);
INSERT INTO `product` VALUES ('2074', '02023002074', '', null, '112', 'Debit Card/Pin Code Register', '0.00', '3', '23', null, null, '2', '0', null, '0', null, '2', null, '12', '1', null, null, null, '0', null, '0', '1', '0', '0', null, '', '0000-00-00', null, null);
INSERT INTO `product` VALUES ('2075', '02012002075', '', null, '0', 'TT/MT Application Form.', '0.00', '3', '12', null, null, '2', '1', null, '0', null, '2', null, '16', '1', '0', '0', '0', '0', null, '0', '1', '0', '0', null, '', '0000-00-00', null, null);
INSERT INTO `product` VALUES ('2078', '02012002078', '', null, '0', 'TT Receive Form.', '0.00', '3', '12', null, null, '2', '1', null, '0', null, '2', null, '15', '1', '0', '0', '0', '0', null, '0', '1', '0', '0', null, '', '0000-00-00', null, null);
INSERT INTO `product` VALUES ('2081', '02012002081', '', null, '0', 'Stock Report Form Pledge', '0.00', '3', '12', null, null, '2', '1', null, '0', null, '2', null, '15', '1', '0', '0', '0', '0', null, '0', '1', '0', '0', null, '', '0000-00-00', null, null);
INSERT INTO `product` VALUES ('2085', '02012002085', '', null, '58.9', 'Trust  Receipt  Form.', '0.00', '3', '12', null, null, '2', '1', null, '0', null, '2', null, '15', '1', '0', '0', '0', '0', null, '0', '1', '0', '0', null, '', '0000-00-00', null, null);
INSERT INTO `product` VALUES ('2087', '02012002087', '', null, '18.95', 'Private and Confidential Form (Request to Party for Credit Report)', '0.00', '3', '12', null, null, '2', '1', null, '0', null, '2', null, '16', '1', '0', '0', '0', '0', null, '0', '1', '0', '0', null, '', '0000-00-00', null, null);
INSERT INTO `product` VALUES ('2090', '02012002090', '', null, '10.8', 'Private and Confidential Form (Encloser to Party for credit Report)', '0.00', '3', '12', null, null, '2', '1', null, '0', null, '2', null, '16', '1', '0', '0', '0', '0', null, '0', '1', '0', '0', null, '', '0000-00-00', null, null);
INSERT INTO `product` VALUES ('2091', '02023002091', '', null, '93', 'D.D Issue Register.', '0.00', '3', '23', null, null, '2', '0', null, '0', null, '2', null, '12', '1', null, null, null, '0', null, '0', '1', '0', '0', null, '', '0000-00-00', null, null);
INSERT INTO `product` VALUES ('2093', '02012002093', '', null, '0', 'Declaration Form', '0.00', '3', '12', null, null, '2', '1', null, '0', null, '2', null, '15', '1', '0', '0', '0', '0', null, '0', '1', '0', '0', null, '', '0000-00-00', null, null);
INSERT INTO `product` VALUES ('2492', '03051002492', '', null, '0', 'VIP Dining Cookeries ', '0.00', '3', '51', null, null, '3', '0', null, '0', null, '2', null, '2', '1', '0', '0', '0', '0', null, '0', '1', '0', '1', null, '', '0000-00-00', null, null);
INSERT INTO `product` VALUES ('2096', '02012002096', '', null, '36.96', 'L/C Advising Form COPY', '0.00', '3', '12', null, null, '2', '1', null, '0', null, '2', null, '7', '1', null, null, null, '0', null, '0', '1', '0', '0', null, '', '0000-00-00', null, null);
INSERT INTO `product` VALUES ('2099', '02023002099', '', null, '0', 'IDBC Register', '0.00', '3', '23', null, null, '2', '0', null, '0', null, '2', null, '12', '1', null, null, null, '0', null, '0', '1', '0', '0', null, '', '0000-00-00', null, null);
INSERT INTO `product` VALUES ('2104', '02023002104', '', null, '39.2', 'Godown Inspection Report Register', '0.00', '3', '23', null, null, '2', '0', null, '0', null, '2', null, '12', '1', null, null, null, '0', null, '0', '1', '0', '0', null, '', '0000-00-00', null, null);
INSERT INTO `product` VALUES ('2107', '02012002107', '', null, '0.78', 'K.Y.C-Form(Corporate Relationships)', '0.00', '3', '12', null, null, '2', '0', null, '0', null, '2', null, '7', '1', null, null, null, '0', null, '0', '1', '0', '0', null, '', '0000-00-00', null, null);
INSERT INTO `product` VALUES ('2108', '02023002108', '', null, '0', 'Godown Key Register', '0.00', '3', '23', null, null, '2', '0', null, '0', null, '2', null, '12', '1', null, null, null, '0', null, '0', '1', '0', '0', null, '', '0000-00-00', null, null);
INSERT INTO `product` VALUES ('2110', '02023002110', '', null, '0', 'Account Opened/Closed Register.', '0.00', '3', '23', null, null, '2', '0', null, '0', null, '2', null, '12', '1', null, null, null, '0', null, '0', '1', '0', '0', null, '', '0000-00-00', null, null);
INSERT INTO `product` VALUES ('2113', '02023002113', '', null, '0', 'Paying Cashers Book', '0.00', '3', '23', null, null, '2', '0', null, '0', null, '2', null, '12', '1', null, null, null, '0', null, '0', '1', '0', '0', null, '', '0000-00-00', null, null);
INSERT INTO `product` VALUES ('2116', '02023002116', '', null, '0', 'TT/MT Payable Register.', '0.00', '3', '23', null, null, '2', '0', null, '0', null, '2', null, '12', '1', null, null, null, '0', null, '0', '1', '0', '0', null, '', '0000-00-00', null, null);
INSERT INTO `product` VALUES ('2117', '02023002117', '', null, '0', 'Export Register', '0.00', '3', '23', null, null, '2', '1', null, '0', null, '2', null, '12', '1', null, null, null, '0', null, '0', '1', '0', '0', null, '', '0000-00-00', null, null);
INSERT INTO `product` VALUES ('2118', '02023002118', '', null, '0', 'TT/MT Issued Register.', '0.00', '3', '23', null, null, '2', '0', null, '0', null, '2', null, '12', '1', null, null, null, '0', null, '0', '1', '0', '0', null, '', '0000-00-00', null, null);
INSERT INTO `product` VALUES ('2119', '02023002119', '', null, '0', 'Foreign Bills Purchased Collection Register', '0.00', '3', '23', null, null, '2', '1', null, '0', null, '2', null, '12', '1', null, null, null, '0', null, '0', '1', '0', '0', null, '', '0000-00-00', null, null);
INSERT INTO `product` VALUES ('2120', '02023002120', '', null, '0', 'D.D Payable Register.', '0.00', '3', '23', null, null, '2', '0', null, '0', null, '2', null, '12', '1', null, null, null, '0', null, '0', '1', '0', '0', null, '', '0000-00-00', null, null);
INSERT INTO `product` VALUES ('2121', '02023002121', '', null, '0', 'Import Export Register', '0.00', '3', '23', null, null, '2', '0', null, '0', null, '2', null, '12', '1', null, null, null, '0', null, '0', '1', '0', '0', null, '', '0000-00-00', null, null);
INSERT INTO `product` VALUES ('2122', '02023002122', '', null, '0', 'Transfer Register.', '0.00', '3', '23', null, null, '2', '0', null, '0', null, '2', null, '12', '1', null, null, null, '0', null, '0', '1', '0', '0', null, '', '0000-00-00', null, null);
INSERT INTO `product` VALUES ('2123', '02023002123', '', null, '116.8', 'Furniture and Ficture Ledger', '0.00', '3', '23', null, null, '2', '1', null, '0', null, '2', null, '12', '1', null, null, null, '0', null, '0', '1', '0', '0', null, '', '0000-00-00', null, null);
INSERT INTO `product` VALUES ('2125', '02021002125', '', null, '34', 'I.D.B.C Schedule', '0.00', '3', '21', null, null, '2', '1', null, '0', null, '2', null, '15', '1', '0', '0', '0', '0', null, '0', '1', '0', '0', null, '', '0000-00-00', null, null);
INSERT INTO `product` VALUES ('2127', '02023002127', '', null, '48.25', 'I.B.P Ledger', '0.00', '3', '23', null, null, '2', '0', null, '0', null, '2', null, '12', '1', null, null, null, '0', null, '0', '1', '0', '0', null, '', '0000-00-00', null, null);
INSERT INTO `product` VALUES ('2289', '02004002289', '', null, '0', 'Statement of EFCS-8', '0.00', '3', '4', null, null, '2', '0', null, '0', null, '2', null, '2', '1', null, null, null, '0', null, '0', '1', '0', '0', null, '', '0000-00-00', null, null);
INSERT INTO `product` VALUES ('2143', '02004002143', '', null, '0', 'Schedule FCR-1', '0.00', '3', '4', null, null, '2', '1', null, '0', null, '2', null, '15', '1', '0', '0', '0', '0', null, '0', '1', '0', '0', null, '', '0000-00-00', null, null);
INSERT INTO `product` VALUES ('2146', '02011002146', '', null, '0', 'Board File.', '0.00', '3', '11', null, null, '2', '0', null, '0', null, '2', null, '2', '1', null, null, null, '0', null, '0', '1', '0', '0', null, '', '0000-00-00', null, null);
INSERT INTO `product` VALUES ('2149', '02018002149', '', null, '0', 'Cheque Return Memo', '0.00', '3', '18', null, null, '2', '1', null, '0', null, '2', null, '15', '1', null, null, null, '0', null, '0', '1', '0', '0', null, '', '0000-00-00', null, null);
INSERT INTO `product` VALUES ('2150', '02074002150', '', null, '0', 'Weekly Position', '0.00', '3', '74', null, null, '2', '1', null, '0', null, '2', null, '15', '1', '0', '0', '0', '0', null, '0', '1', '0', '0', null, '', '0000-00-00', null, null);
INSERT INTO `product` VALUES ('2154', '02012002154', '', null, '0', 'Test Key Forwarding', '0.00', '3', '12', null, null, '2', '1', null, '0', null, '2', null, '15', '1', '0', '0', '0', '0', null, '0', '1', '0', '0', null, '', '0000-00-00', null, null);
INSERT INTO `product` VALUES ('2156', '02004002156', '', null, '0', 'Schedule FCP-1', '0.00', '3', '4', null, null, '2', '1', null, '0', null, '2', null, '2', '1', '0', '0', '0', '0', null, '0', '1', '0', '0', null, '', '0000-00-00', null, null);
INSERT INTO `product` VALUES ('2158', '02004002158', '', null, '0', 'Schedule FCP-3', '0.00', '3', '4', null, null, '2', '0', null, '0', null, '2', null, '2', '1', null, null, null, '0', null, '0', '1', '0', '0', null, '', '0000-00-00', null, null);
INSERT INTO `product` VALUES ('2160', '02004002160', '', null, '0', 'Schedule RFCR-1', '0.00', '3', '4', null, null, '2', '0', null, '0', null, '2', null, '2', '1', null, null, null, '0', null, '0', '1', '0', '0', null, '', '0000-00-00', null, null);
INSERT INTO `product` VALUES ('2162', '02004002162', '', null, '0', 'Schedule RFCR-2', '0.00', '3', '4', null, null, '2', '0', null, '0', null, '2', null, '2', '1', null, null, null, '0', null, '0', '1', '0', '0', null, '', '0000-00-00', null, null);
INSERT INTO `product` VALUES ('2165', '02004002165', '', null, '0', 'Schedule RFCR-3', '0.00', '3', '4', null, null, '2', '0', null, '0', null, '2', null, '2', '1', null, null, null, '0', null, '0', '1', '0', '0', null, '', '0000-00-00', null, null);
INSERT INTO `product` VALUES ('2167', '02004002167', '', null, '0', 'Schedule RFCP-1', '0.00', '3', '4', null, null, '2', '0', null, '0', null, '2', null, '2', '1', null, null, null, '0', null, '0', '1', '0', '0', null, '', '0000-00-00', null, null);
INSERT INTO `product` VALUES ('2168', '02004002168', '', null, '0', 'Export Document Schedule', '0.00', '3', '21', null, null, '2', '1', null, '0', null, '2', null, '15', '0', '0', '0', '0', '0', null, '0', '1', '0', '0', null, '', '0000-00-00', null, null);
INSERT INTO `product` VALUES ('2169', '02004002169', '', null, '0', 'Schedule RFCP-2', '0.00', '3', '4', null, null, '2', '0', null, '0', null, '2', null, '2', '1', null, null, null, '0', null, '0', '1', '0', '0', null, '', '0000-00-00', null, null);
INSERT INTO `product` VALUES ('2171', '02004002171', '', null, '0', 'Schedule RFCP-3', '0.00', '3', '4', null, null, '2', '0', null, '0', null, '2', null, '2', '1', null, null, null, '0', null, '0', '1', '0', '0', null, '', '0000-00-00', null, null);
INSERT INTO `product` VALUES ('2173', '02023002173', '', null, '0', 'Visitors Register (Non Banking Hour)', '0.00', '3', '23', null, null, '2', '0', null, '0', null, '2', null, '12', '1', null, null, null, '0', null, '0', '1', '0', '0', null, '', '0000-00-00', null, null);
INSERT INTO `product` VALUES ('2176', '02012002176', '', null, '2.38', 'Merchant Agreement service establishment terms &amp; conditions', '0.00', '3', '12', null, null, '2', '0', null, '0', null, '2', null, '2', '1', null, null, null, '0', null, '0', '1', '0', '0', null, '', '0000-00-00', null, null);
INSERT INTO `product` VALUES ('2178', '02012002178', '', null, '2.3', 'AMEX Merchant Card Acceptance Form', '0.00', '3', '12', null, null, '2', '1', null, '0', null, '2', null, '2', '1', '0', '0', '0', '0', null, '0', '1', '0', '1', null, '', '0000-00-00', null, null);
INSERT INTO `product` VALUES ('2179', '02012002179', '', null, '2.9', 'Merchant Data Security Form', '0.00', '3', '12', null, null, '2', '0', null, '0', null, '2', null, '2', '1', null, null, null, '0', null, '0', '1', '0', '0', null, '', '0000-00-00', null, null);
INSERT INTO `product` VALUES ('2180', '02006002180', '', null, '2.3', 'City Student File Brochure', '0.00', '3', '6', null, null, '2', '0', null, '0', null, '2', null, '2', '1', null, null, null, '0', null, '0', '1', '0', '0', null, '', '0000-00-00', null, null);
INSERT INTO `product` VALUES ('2185', '02010002185', '', null, '0', 'AMEX  Green Blue Window Envelop (Non Billing Statement)', '0.00', '3', '10', null, null, '2', '1', null, '0', null, '2', null, '2', '0', '0', '0', '0', '0', null, '0', '1', '0', '0', null, '', '0000-00-00', null, null);
INSERT INTO `product` VALUES ('2404', '02010002404', '', null, '0', 'Note Pad', '0.00', '3', '34', null, null, '2', '1', null, '0', null, '2', null, '2', '1', '0', '0', '0', '0', null, '0', '1', '0', '1', null, '', '0000-00-00', null, null);
INSERT INTO `product` VALUES ('2405', '02010002405', '', null, '0', 'Honorarium Kham (Small) for Board', '0.00', '3', '10', null, null, '2', '1', null, '0', null, '2', null, '2', '1', '0', '0', '0', '0', null, '0', '1', '0', '1', null, '', '0000-00-00', null, null);
INSERT INTO `product` VALUES ('2202', '02025002202', '', null, '0', 'Computer Continuation Sheet, Size: 9.5x11', '0.00', '3', '25', null, null, '2', '1', null, '0', null, '2', null, '5', '1', '100', '0', '0', '0', null, '0', '1', '0', '0', null, '', '0000-00-00', null, null);
INSERT INTO `product` VALUES ('2204', '02025002204', '', null, '0', 'Computer Continuation Sheet, Size: 15x11', '0.00', '3', '25', null, null, '2', '0', null, '0', null, '2', null, '5', '1', null, null, null, '5', null, '0', '1', '0', '0', null, '', '0000-00-00', null, null);
INSERT INTO `product` VALUES ('2205', '02011002205', '', null, '0', 'Folder File', '0.00', '3', '11', null, null, '2', '0', null, '0', null, '2', null, '2', '1', null, null, null, '0', null, '0', '1', '0', '0', null, '', '0000-00-00', null, null);
INSERT INTO `product` VALUES ('2206', '02025002206', '', null, '0', 'Computer Continuation Sheet, Size: 5x11', '0.00', '3', '25', null, null, '2', '0', null, '0', null, '2', null, '5', '1', null, null, null, '20', null, '0', '1', '0', '0', null, '', '0000-00-00', null, null);
INSERT INTO `product` VALUES ('2208', '02025002208', '', null, '0', 'Swift Continuation Sheet, Size: 9.5x11', '0.00', '3', '25', null, null, '2', '0', null, '0', null, '2', null, '5', '1', null, null, null, '30', null, '0', '1', '0', '0', null, '', '0000-00-00', null, null);
INSERT INTO `product` VALUES ('2209', '02031002209', '', null, '0', 'Simple Credit Voucher ', '0.00', '3', '31', null, null, '2', '1', null, '0', null, '2', null, '15', '1', '0', '0', '0', '0', null, '0', '1', '0', '0', null, '', '0000-00-00', null, null);
INSERT INTO `product` VALUES ('2210', '02025002210', '', null, '0', 'Computer Paper with Water-mark Logo Landscape(A4 Size)', '0.00', '3', '25', null, null, '2', '1', null, '0', null, '2', null, '2', '1', '0', '0', '0', '0', null, '0', '1', '0', '0', null, '', '0000-00-00', null, null);
INSERT INTO `product` VALUES ('2211', '02031002211', '', null, '10.78', 'Simple Debit Voucher ', '0.00', '3', '31', null, null, '2', '1', null, '0', null, '2', null, '15', '1', '0', '0', '0', '0', null, '0', '1', '0', '0', null, '', '0000-00-00', null, null);
INSERT INTO `product` VALUES ('2214', '02026002214', '', null, '0', 'Payment Slip for International VISA City Card', '0.00', '3', '26', null, null, '2', '1', null, '0', null, '2', null, '15', '1', '0', '0', '0', '0', null, '0', '1', '0', '0', null, '', '0000-00-00', null, null);
INSERT INTO `product` VALUES ('2215', '02026002215', '', null, '0', 'Deposit Slip', '0.00', '3', '26', null, null, '2', '1', null, '0', null, '2', null, '15', '1', '0', '0', '0', '0', null, '0', '1', '0', '0', null, '', '0000-00-00', null, null);
INSERT INTO `product` VALUES ('2216', '02031002216', '', null, '0', '   Customer Credit Voucher  ', '0.00', '3', '31', null, null, '2', '1', null, '0', null, '2', null, '15', '1', '0', '0', '0', '0', null, '0', '1', '0', '0', null, '', '0000-00-00', null, null);
INSERT INTO `product` VALUES ('2487', '03089002487', '', null, '0', 'Dumbbell', '0.00', '3', '89', null, null, '3', '2', null, '0', null, '2', null, '14', '1', '0', '0', '0', '0', null, '0', '2', '0', '1', null, '', '0000-00-00', null, null);
INSERT INTO `product` VALUES ('2218', '02031002218', '', null, '18.8', 'Customer  Debit  Voucher ', '0.00', '3', '31', null, null, '2', '1', null, '0', null, '2', null, '15', '1', '0', '0', '0', '0', null, '0', '1', '0', '0', null, '', '0000-00-00', null, null);
INSERT INTO `product` VALUES ('2219', '02026002219', '', null, '0', 'AMEX Credit Card Payment Slip(BDT)', '0.00', '3', '26', null, null, '2', '1', null, '0', null, '2', null, '15', '1', '0', '0', '0', '0', null, '0', '1', '0', '0', null, '', '0000-00-00', null, null);
INSERT INTO `product` VALUES ('2220', '02026002220', '', null, '0', 'AMEX Credit Card Payment Slip(USD)', '0.00', '3', '26', null, null, '2', '1', null, '0', null, '2', null, '15', '1', null, null, null, '0', null, '0', '1', '0', '0', null, '', '0000-00-00', null, null);
INSERT INTO `product` VALUES ('2221', '02031002221', '', null, '0', 'Contra Voucher ', '0.00', '3', '31', null, null, '2', '1', null, '0', null, '2', null, '15', '1', null, null, null, '0', null, '0', '1', '0', '0', null, '', '0000-00-00', null, null);
INSERT INTO `product` VALUES ('2223', '02026002223', '', null, '0', 'Deposit Slip Book (Pran &amp; Its 4 Sister Concern)', '0.00', '3', '26', null, null, '2', '1', null, '0', null, '2', null, '12', '1', '0', '0', '0', '0', null, '0', '1', '0', '1', null, '', '0000-00-00', null, null);
INSERT INTO `product` VALUES ('2224', '02011002224', '', null, '0', 'Voucher Cover', '0.00', '3', '11', null, null, '2', '1', null, '0', null, '2', null, '15', '1', '650', '100', '12', '0', null, '0', '1', '0', '0', null, '', '0000-00-00', null, null);
INSERT INTO `product` VALUES ('2228', '02005002228', '', null, '0', 'LAP for City Solution', '0.00', '3', '5', null, null, '2', '0', null, '0', null, '2', null, '12', '1', null, null, null, '0', null, '0', '1', '0', '0', null, '', '0000-00-00', null, null);
INSERT INTO `product` VALUES ('2229', '02031002229', '', null, '13.5', 'Exchange Debit Voucher', '0.00', '3', '31', null, null, '2', '1', null, '0', null, '2', null, '15', '1', '0', '0', '0', '0', null, '0', '1', '0', '0', null, '', '0000-00-00', null, null);
INSERT INTO `product` VALUES ('2230', '02012002230', '', null, '58.38', 'Banking Arrangement Letter for City Express', '0.00', '3', '12', null, null, '2', '1', null, '0', null, '2', null, '15', '1', '0', '0', '0', '0', null, '0', '1', '0', '0', null, '', '0000-00-00', null, null);
INSERT INTO `product` VALUES ('2231', '02031002231', '', null, '0', 'Exchange Credit Voucher', '0.00', '3', '31', null, null, '2', '1', null, '0', null, '2', null, '15', '1', '0', '0', '0', '0', null, '0', '1', '0', '0', null, '', '0000-00-00', null, null);
INSERT INTO `product` VALUES ('2232', '02012002232', '', null, '109.25', 'Banking Arrangement Letter for City Drive', '0.00', '3', '12', null, null, '2', '1', null, '0', null, '2', null, '15', '1', '0', '0', '0', '0', null, '0', '1', '0', '0', null, '', '0000-00-00', null, null);
INSERT INTO `product` VALUES ('2248', '02003002248', '', null, '0', 'AMEX Credit Card Statement Paper', '0.00', '3', '3', null, null, '2', '0', null, '0', null, '2', null, '2', '0', null, null, null, '0', null, '0', '1', '0', '0', null, '', '0000-00-00', null, null);
INSERT INTO `product` VALUES ('2251', '02003002251', '', null, '0', 'AMEX Credit Card Letter (Gold)', '0.00', '3', '3', null, null, '2', '0', null, '0', null, '2', null, '2', '0', null, null, null, '0', null, '0', '1', '0', '0', null, '', '0000-00-00', null, null);
INSERT INTO `product` VALUES ('2253', '02012002253', '', null, '1.99', 'Feedback Form/Share your feelings', '0.00', '3', '12', null, null, '2', '0', null, '0', null, '2', null, '2', '1', null, null, null, '0', null, '0', '1', '0', '0', null, '', '0000-00-00', null, null);
INSERT INTO `product` VALUES ('2257', '02005002257', '', null, '25.58', 'AMEX Green Blue Guide Book', '0.00', '3', '5', null, null, '2', '1', null, '0', null, '2', null, '12', '1', '0', '0', '0', '0', null, '0', '1', '0', '1', null, '', '0000-00-00', null, null);
INSERT INTO `product` VALUES ('2259', '02005002259', '', null, '0', 'AMEX Credit Card Terms &amp; Condition', '0.00', '3', '5', null, null, '2', '0', null, '0', null, '2', null, '12', '0', null, null, null, '0', null, '0', '1', '0', '0', null, '', '0000-00-00', null, null);
INSERT INTO `product` VALUES ('2262', '02016002262', '', null, '0', 'AMEX Gold Credit Card Mailer', '0.00', '3', '16', null, null, '2', '1', null, '0', null, '2', null, '2', '1', '0', '0', '0', '0', null, '0', '1', '0', '1', null, '', '0000-00-00', null, null);
INSERT INTO `product` VALUES ('2264', '02016002264', '', null, '0', 'AMEX Green Blue Credit Card Mailer ', '0.00', '3', '16', null, null, '2', '1', null, '0', null, '2', null, '2', '1', '0', '0', '0', '0', null, '0', '1', '0', '1', null, '', '0000-00-00', null, null);
INSERT INTO `product` VALUES ('2267', '02012002267', '', null, '10.64', 'Gate Pass ', '0.00', '3', '12', null, null, '2', '1', null, '0', null, '2', null, '15', '1', '0', '0', '0', '0', null, '0', '1', '0', '0', null, '', '0000-00-00', null, null);
INSERT INTO `product` VALUES ('2270', '02064002270', '', null, '0', 'Facial Tissue Box with City Bank Logo', '0.00', '3', '78', null, null, '2', '1', null, '0', null, '2', null, '5', '1', '0', '0', '0', '0', null, '0', '1', '0', '0', null, '', '0000-00-00', null, null);
INSERT INTO `product` VALUES ('2271', '02026002271', '', null, '0', 'Denomination Slip.', '0.00', '3', '26', null, null, '2', '1', null, '0', null, '2', null, '15', '1', '0', '0', '0', '0', null, '0', '1', '0', '0', null, '', '0000-00-00', null, null);
INSERT INTO `product` VALUES ('2273', '03032002273', 'Glass', null, '0', 'Glass Mat', '0.00', '3', '32', null, null, '3', '1', null, '0', null, '2', null, '2', '1', null, null, null, '0', null, '0', '1', '0', '1', null, '', '0000-00-00', null, null);
INSERT INTO `product` VALUES ('2274', '03032002274', '', null, '0', 'Soup Bowl', '0.00', '3', '32', null, null, '3', '0', null, '0', null, '2', null, '2', '1', null, null, null, '0', null, '0', '1', '0', '1', null, '', '0000-00-00', null, null);
INSERT INTO `product` VALUES ('2275', '03032002275', '', null, '0', 'Soup Spoon', '0.00', '3', '32', null, null, '3', '0', null, '0', null, '2', null, '2', '1', null, null, null, '0', null, '0', '1', '0', '1', null, '', '0000-00-00', null, null);
INSERT INTO `product` VALUES ('2277', '03032002277', '', null, '0', 'Curry Bowl (Small)', '0.00', '3', '32', null, null, '3', '0', null, '0', null, '2', null, '2', '1', null, null, null, '0', null, '0', '1', '0', '1', null, '', '0000-00-00', null, null);
INSERT INTO `product` VALUES ('2279', '03032002279', '', null, '0', 'Fruit Bowl', '0.00', '3', '32', null, null, '3', '0', null, '0', null, '2', null, '2', '1', null, null, null, '0', null, '0', '1', '0', '1', null, '', '0000-00-00', null, null);
INSERT INTO `product` VALUES ('2280', '02012002280', '', null, '0', 'IBCA(General)', '0.00', '3', '12', null, null, '2', '1', null, '0', null, '2', null, '15', '1', '0', '0', '0', '0', null, '0', '1', '0', '0', null, '', '0000-00-00', null, null);
INSERT INTO `product` VALUES ('2281', '02012002281', '', null, '64', 'IBCA (Exchange)', '0.00', '3', '12', null, null, '2', '1', null, '0', null, '2', null, '15', '1', '0', '0', '0', '0', null, '0', '1', '0', '0', null, '', '0000-00-00', null, null);
INSERT INTO `product` VALUES ('2282', '02013002282', '', null, '68.78', 'IBDA (Exchange)', '0.00', '3', '13', null, null, '2', '1', null, '0', null, '2', null, '15', '1', '0', '0', '0', '0', null, '0', '1', '0', '0', null, '', '0000-00-00', null, null);
INSERT INTO `product` VALUES ('2283', '02013002283', '', null, '0', 'IBDA (General)', '0.00', '3', '13', null, null, '2', '1', null, '0', null, '2', null, '15', '1', '0', '0', '0', '0', null, '0', '1', '0', '0', null, '', '0000-00-00', null, null);
INSERT INTO `product` VALUES ('2286', '02022002286', '', null, '0', 'Card Pounch', '0.00', '3', '22', null, null, '2', '1', null, '0', null, '2', null, '2', '0', '0', '0', '0', '0', null, '0', '1', '0', '0', null, '', '0000-00-00', null, null);
INSERT INTO `product` VALUES ('2303', '02010002303', '', null, '0', 'Signature Booklet Cover', '0.00', '3', '10', null, null, '2', '0', null, '0', null, '2', null, '2', '1', null, null, null, '0', null, '0', '1', '0', '0', null, '', '0000-00-00', null, null);
INSERT INTO `product` VALUES ('2310', '02012002310', '', null, '0', 'Banking Arrangement Letter for City Solution', '0.00', '3', '12', null, null, '2', '1', null, '0', null, '2', null, '15', '1', '0', '0', '0', '0', null, '0', '1', '0', '0', null, '', '0000-00-00', null, null);
INSERT INTO `product` VALUES ('2311', '02031002311', '', null, '0', 'AMEX Credit Card Brochure', '0.00', '3', '6', null, null, '2', '1', null, '0', null, '2', null, '2', '1', null, null, null, '0', null, '0', '1', '0', '0', null, '', '0000-00-00', null, null);
INSERT INTO `product` VALUES ('2312', '02031002312', '', null, '0', 'AMEX Selects Brochure', '0.00', '3', '6', null, null, '2', '1', null, '0', null, '2', null, '2', '1', null, null, null, '0', null, '0', '1', '0', '0', null, '', '0000-00-00', null, null);
INSERT INTO `product` VALUES ('2314', '02006002314', '', null, '0', 'Digun Prapti Brochure', '0.00', '3', '6', null, null, '2', '0', null, '0', null, '2', null, '2', '1', null, null, null, '0', null, '0', '1', '0', '0', null, '', '0000-00-00', null, null);
INSERT INTO `product` VALUES ('2316', '02012002316', '', null, '0', 'Document Tracker', '0.00', '3', '12', null, null, '2', '1', null, '0', null, '2', null, '15', '1', '0', '0', '0', '0', null, '0', '1', '0', '0', null, '', '0000-00-00', null, null);
INSERT INTO `product` VALUES ('2321', '02003002321', '', null, '0', 'AMEX Credit Card Balance Transfer Form', '0.00', '3', '3', null, null, '2', '0', null, '0', null, '2', null, '2', '1', null, null, null, '0', null, '0', '1', '0', '0', null, '', '0000-00-00', null, null);
INSERT INTO `product` VALUES ('2326', '02003002326', '', null, '0', 'Transfer of USD American Express Credit Card Form RFCD Account', '0.00', '3', '3', null, null, '2', '1', null, '0', null, '2', null, '2', '1', null, null, null, '0', null, '0', '1', '0', '0', null, '', '0000-00-00', null, null);
INSERT INTO `product` VALUES ('2330', '02012002330', '', null, '0', 'Manarah Debit Card Cancellation Form', '0.00', '3', '12', null, null, '2', '0', null, '0', null, '2', null, '2', '1', null, null, null, '0', null, '0', '1', '0', '0', null, '', '0000-00-00', null, null);
INSERT INTO `product` VALUES ('2332', '02012002332', '', null, '0', 'Manarah Account Clouser (FDR/Scheme) Form', '0.00', '3', '12', null, null, '2', '1', null, '0', null, '2', null, '2', '1', '0', '0', '0', '0', null, '0', '1', '0', '0', null, '', '0000-00-00', null, null);
INSERT INTO `product` VALUES ('2333', '02012002333', '', null, '0', 'Fund Transfer Application Form', '0.00', '3', '12', null, null, '2', '0', null, '0', null, '2', null, '2', '1', null, null, null, '0', null, '0', '1', '0', '0', null, '', '0000-00-00', null, null);
INSERT INTO `product` VALUES ('2337', '02012002337', '', null, '0', 'Dormant Account Reactivation Form', '0.00', '3', '12', null, null, '2', '0', null, '0', null, '2', null, '2', '1', null, null, null, '0', null, '0', '1', '0', '0', null, '', '0000-00-00', null, null);
INSERT INTO `product` VALUES ('2338', '02011002338', '', null, '0', 'General Request Form', '0.00', '3', '11', null, null, '2', '0', null, '0', null, '2', null, '2', '1', null, null, null, '0', null, '0', '1', '0', '0', null, '', '0000-00-00', null, null);
INSERT INTO `product` VALUES ('2342', '02012002342', '', null, '0', 'Stop Payment Application Form', '0.00', '3', '12', null, null, '2', '1', null, '0', null, '2', null, '15', '1', '0', '0', '0', '0', null, '0', '1', '0', '0', null, '', '0000-00-00', null, null);
INSERT INTO `product` VALUES ('2346', '02012002346', '', null, '0', 'Manarah Personal Account Opening Form', '0.00', '3', '12', null, null, '2', '1', null, '0', null, '2', null, '2', '1', '0', '0', '0', '0', null, '0', '1', '0', '0', null, '', '0000-00-00', null, null);
INSERT INTO `product` VALUES ('2347', '02012002347', '', null, '0', 'Manarah Transaction Profile Form', '0.00', '3', '12', null, null, '2', '1', null, '0', null, '2', null, '2', '1', '0', '0', '0', '0', null, '0', '1', '0', '0', null, '', '0000-00-00', null, null);
INSERT INTO `product` VALUES ('2348', '02012002348', '', null, '0', 'Manarah Individual Information Form', '0.00', '3', '12', null, null, '2', '0', null, '0', null, '2', null, '2', '1', null, null, null, '0', null, '0', '1', '0', '0', null, '', '0000-00-00', null, null);
INSERT INTO `product` VALUES ('2349', '02012002349', '', null, '0', 'Manarah Corporate Account Opening Form', '0.00', '3', '12', null, null, '2', '0', null, '0', null, '2', null, '2', '1', null, null, null, '0', null, '0', '1', '0', '0', null, '', '0000-00-00', null, null);
INSERT INTO `product` VALUES ('2352', '02012002352', '', null, '0', 'Banking Arrangement Letter (Auto)', '0.00', '3', '12', null, null, '2', '1', null, '0', null, '2', null, '15', '1', '0', '0', '0', '0', null, '0', '1', '0', '0', null, '', '0000-00-00', null, null);
INSERT INTO `product` VALUES ('2353', '02012002353', '', null, '0', 'Banking Arrangement Letter (Personal)', '0.00', '3', '12', null, null, '2', '1', null, '0', null, '2', null, '15', '1', null, null, null, '0', null, '0', '1', '0', '0', null, '', '0000-00-00', null, null);
INSERT INTO `product` VALUES ('2355', '02012002355', '', null, '0', 'Manarah Delivery Note', '0.00', '3', '12', null, null, '2', '1', null, '0', null, '2', null, '15', '1', '0', '0', '0', '0', null, '0', '1', '0', '0', null, '', '0000-00-00', null, null);
INSERT INTO `product` VALUES ('2357', '02026002357', '', null, '0', 'Food Coupon', '0.00', '3', '26', null, null, '2', '1', null, '0', null, '2', null, '2', '1', '0', '0', '0', '0', null, '0', '1', '0', '0', null, '', '0000-00-00', null, null);
INSERT INTO `product` VALUES ('2359', '02029002359', '', null, '0', 'Number Sticker', '0.00', '3', '29', null, null, '2', '1', null, '0', null, '2', null, '2', '1', '0', '0', '0', '0', null, '0', '1', '0', '1', null, '', '0000-00-00', null, null);
INSERT INTO `product` VALUES ('2362', '02031002362', '', null, '0', 'Fantasy Kingdom Voucher', '0.00', '3', '31', null, null, '2', '1', null, '0', null, '2', null, '2', '1', '0', '0', '0', '0', null, '0', '1', '0', '1', null, '', '0000-00-00', null, null);
INSERT INTO `product` VALUES ('2365', '02031002365', '', null, '0', 'Jet Air Voucher', '0.00', '3', '31', null, null, '2', '1', null, '0', null, '2', null, '15', '1', '0', '0', '0', '0', null, '0', '1', '0', '0', null, '', '0000-00-00', null, null);
INSERT INTO `product` VALUES ('2368', '02012002368', '', null, '0', 'Save the Change Account Application Form', '0.00', '3', '12', null, null, '2', '0', null, '0', null, '2', null, '2', '1', null, null, null, '0', null, '0', '1', '0', '0', null, '', '0000-00-00', null, null);
INSERT INTO `product` VALUES ('2369', '02016002369', '', null, '0', 'MC City Debit Card Mailer', '0.00', '3', '16', null, null, '2', '1', null, '0', null, '2', null, '2', '1', '0', '0', '0', '0', null, '0', '1', '0', '1', null, '', '0000-00-00', null, null);
INSERT INTO `product` VALUES ('2370', '02010002370', '', null, '0', 'MC City Debit Card Window Envelop', '0.00', '3', '10', null, null, '2', '1', null, '0', null, '2', null, '2', '1', '0', '0', '0', '0', null, '0', '1', '0', '1', null, '', '0000-00-00', null, null);
INSERT INTO `product` VALUES ('2372', '02016002372', '', null, '0', 'MC City Platinum Debit Card Mailer', '0.00', '3', '16', null, null, '2', '1', null, '0', null, '2', null, '2', '1', '0', '0', '0', '0', null, '0', '1', '0', '1', null, '', '0000-00-00', null, null);
INSERT INTO `product` VALUES ('2373', '02010002373', '', null, '0', 'MC City Platinum Debit Card Window Envelope', '0.00', '3', '10', null, null, '2', '1', null, '0', null, '2', null, '2', '1', '0', '0', '0', '0', null, '0', '1', '0', '1', null, '', '0000-00-00', null, null);
INSERT INTO `product` VALUES ('2375', '02016002375', '', null, '0', 'MC City Manarah Debit Card Mailer', '0.00', '3', '16', null, null, '2', '1', null, '0', null, '2', null, '2', '1', '0', '0', '0', '0', null, '0', '1', '0', '1', null, '', '0000-00-00', null, null);
INSERT INTO `product` VALUES ('2376', '02010002376', '', null, '0', 'MC City Manarah Debit Card Window Envelop', '0.00', '3', '10', null, null, '2', '1', null, '0', null, '2', null, '2', '1', '0', '0', '0', '0', null, '0', '1', '0', '1', null, '', '0000-00-00', null, null);
INSERT INTO `product` VALUES ('2377', '02012002377', '', null, '0', 'Merchant Card Acceptance Form', '0.00', '3', '12', null, null, '2', '0', null, '0', null, '2', null, '2', '1', null, null, null, '0', null, '0', '1', '0', '0', null, '', '0000-00-00', null, null);
INSERT INTO `product` VALUES ('2379', '02029002379', '', null, '0', 'Master Card Stiker', '0.00', '3', '29', null, null, '2', '0', null, '0', null, '2', null, '2', '1', null, null, null, '0', null, '0', '1', '0', '0', null, '', '0000-00-00', null, null);
INSERT INTO `product` VALUES ('2380', '02064002380', '', null, '0', 'Master Card Standee', '0.00', '3', '64', null, null, '2', '1', null, '0', null, '2', null, '2', '1', '0', '0', '0', '0', null, '0', '1', '0', '1', null, '', '0000-00-00', null, null);
INSERT INTO `product` VALUES ('2381', '02057002381', '', null, '0', 'City Digun Offer Poster', '0.00', '3', '41', null, null, '2', '1', null, '0', null, '2', null, '2', '1', null, null, null, '0', null, '0', '1', '0', '0', null, '', '0000-00-00', null, null);
INSERT INTO `product` VALUES ('2382', '02006002382', '', null, '0', 'Visa Card Broshier City Retail', '0.00', '3', '6', null, null, '2', '1', null, '0', null, '2', null, '2', '1', null, null, null, '0', null, '0', '1', '0', '0', null, '', '0000-00-00', null, null);
INSERT INTO `product` VALUES ('2384', '02012002384', '', null, '0', 'Flexibuy application form book', '0.00', '3', '12', null, null, '2', '1', null, '0', null, '2', null, '12', '1', '0', '0', '0', '0', null, '0', '1', '0', '1', null, '', '0000-00-00', null, null);
INSERT INTO `product` VALUES ('2385', '03032002385', '', null, '0', 'Trunk-36\\\'\\\'', '0.00', '3', '32', null, null, '3', '0', null, '0', null, '2', null, '2', '1', '0', '0', '0', '0', null, '0', '1', '0', '1', null, '', '0000-00-00', null, null);
INSERT INTO `product` VALUES ('2386', '03032002386', '', null, '0', 'Trunk-42\\\'\\\'', '0.00', '3', '32', null, null, '3', '0', null, '0', null, '2', null, '2', '1', '0', '0', '0', '0', null, '0', '1', '0', '1', null, '', '0000-00-00', null, null);
INSERT INTO `product` VALUES ('2387', '02006002387', '', null, '0', 'Amex terms and conditions', '0.00', '3', '6', null, null, '2', '1', null, '0', null, '2', null, '2', '1', '0', '0', '0', '0', null, '0', '1', '0', '0', null, '', '0000-00-00', null, null);
INSERT INTO `product` VALUES ('2388', '02026002388', '', null, '0', 'Deposit Book', '0.00', '3', '5', null, null, '2', '1', null, '0', null, '2', null, '2', '1', '0', '0', '0', '0', null, '0', '1', '0', '0', null, '', '0000-00-00', null, null);
INSERT INTO `product` VALUES ('2389', '02022002389', '', null, '0', 'VMV Poster', '0.00', '3', '22', null, null, '2', '1', null, '0', null, '2', null, '2', '1', '0', '0', '0', '0', null, '0', '1', '0', '1', null, '', '0000-00-00', null, null);
INSERT INTO `product` VALUES ('2459', '07071002459', 'Model: CM-F57AS color:black', null, '0', 'Divisional Head Chair', '0.00', '3', '71', null, null, '7', '0', null, '0', null, '2', null, '2', '1', '0', '0', '0', '0', null, '0', '2', '0', '1', null, '', '0000-00-00', null, null);
INSERT INTO `product` VALUES ('2460', '07071002460', 'Model: CM-F34AS , color: black', null, '0', 'Unit Head Chair', '0.00', '3', '71', null, null, '7', '0', null, '0', null, '2', null, '2', '1', '0', '0', '0', '0', null, '0', '2', '0', '1', null, '', '0000-00-00', null, null);
INSERT INTO `product` VALUES ('2461', '07071002461', 'Model: AUG12, color: only black, only red or use both color', null, '0', 'Officer Chair', '0.00', '3', '71', null, null, '7', '0', null, '0', null, '2', null, '2', '1', '0', '0', '0', '0', null, '0', '2', '0', '1', null, '', '0000-00-00', null, null);
INSERT INTO `product` VALUES ('2462', '07071002462', 'Model: AUG12, Color: Black', null, '0', 'Visitor Chair', '0.00', '3', '71', null, null, '7', '0', null, '0', null, '2', null, '2', '1', '0', '0', '0', '0', null, '0', '2', '0', '1', null, '', '0000-00-00', null, null);
INSERT INTO `product` VALUES ('2463', '03032002463', '', null, '0', 'Trunk-20\\\'\\\'', '0.00', '3', '32', null, null, '3', '0', null, '0', null, '2', null, '2', '1', '0', '0', '0', '0', null, '0', '1', '0', '1', null, '', '0000-00-00', null, null);
INSERT INTO `product` VALUES ('2464', '07062002464', 'Length-18\\\'\\\', Width- 24\\\'\\\', Height- 24\\\'\\\' Color: Ash', null, '0', 'Cheque book cabinet 3 drawer unit', '0.00', '3', '62', null, null, '7', '0', null, '0', null, '2', null, '1', '1', '0', '0', '0', '0', null, '0', '2', '0', '1', null, '', '0000-00-00', null, null);
INSERT INTO `product` VALUES ('2465', '07062002465', 'Length- 16\\\'\\\', Width- 11\\\'\\\', Height- 9\\\'\\\', Color: Ash', null, '0', 'Steel PIN Card Box', '0.00', '3', '62', null, null, '7', '0', null, '0', null, '2', null, '1', '1', '0', '0', '0', '0', null, '0', '2', '0', '1', null, '', '0000-00-00', null, null);
INSERT INTO `product` VALUES ('2466', '02058002466', '', null, '0', 'PIN Code Mailer (VISA Card)', '0.00', '3', '58', null, null, '2', '1', null, '0', null, '2', null, '2', '1', '0', '0', '0', '0', null, '0', '1', '0', '1', null, '', '0000-00-00', null, null);
INSERT INTO `product` VALUES ('2467', '01077002467', '', null, '0', 'Offline UPS 3KVA', '0.00', '3', '77', null, null, '1', '0', null, '0', null, '2', null, '2', '1', '0', '0', '0', '0', null, '0', '2', '0', '1', null, '', '0000-00-00', null, null);
INSERT INTO `product` VALUES ('2468', '01001002468', '', null, '0', 'Memory Card 2GB', '0.00', '3', '1', null, null, '1', '2', null, '0', null, '2', null, '2', '1', '0', '0', '0', '0', null, '0', '2', '0', '1', null, '', '0000-00-00', null, null);
INSERT INTO `product` VALUES ('2469', '05090002469', '', null, '0', 'Electric Geyser', '0.00', '3', '90', null, null, '5', '2', null, '0', null, '2', null, '2', '1', '0', '0', '0', '0', null, '0', '2', '0', '1', null, '', '0000-00-00', null, null);
INSERT INTO `product` VALUES ('2470', '02010002470', '', null, '0', 'Small White Envelop', '0.00', '3', '10', null, null, '2', '0', null, '0', null, '2', null, '2', '0', '0', '0', '0', '0', null, '0', '1', '0', '0', null, '', '0000-00-00', null, null);
INSERT INTO `product` VALUES ('2471', '02015002471', '', null, '0', 'Letter Head Pad', '0.00', '3', '15', null, null, '2', '0', null, '0', null, '2', null, '2', '1', '0', '0', '0', '0', null, '0', '1', '0', '0', null, '', '0000-00-00', null, null);
INSERT INTO `product` VALUES ('2472', '01001002472', '', null, '0', 'RAM 2GB', '0.00', '3', '1', null, null, '1', '0', null, '0', null, '2', null, '2', '1', '0', '0', '0', '0', null, '0', '2', '0', '1', null, '', '0000-00-00', null, null);
INSERT INTO `product` VALUES ('2473', '01001002473', '', null, '0', 'HBA Card', '0.00', '3', '1', null, null, '1', '0', null, '0', null, '2', null, '2', '1', '0', '0', '0', '0', null, '0', '2', '0', '1', null, '', '0000-00-00', null, null);
INSERT INTO `product` VALUES ('2474', '07038002474', '', null, '0', 'Wooden Cabinet', '0.00', '3', '38', null, null, '7', '0', null, '0', null, '2', null, '2', '1', '0', '0', '0', '0', null, '0', '2', '0', '1', null, '', '0000-00-00', null, null);
INSERT INTO `product` VALUES ('2476', '07038002476', '', null, '0', 'Computer Table', '0.00', '3', '38', null, null, '7', '0', null, '0', null, '2', null, '2', '1', '0', '0', '0', '0', null, '0', '2', '0', '1', null, '', '0000-00-00', null, null);
INSERT INTO `product` VALUES ('2477', '02015002477', '', null, '0', 'Amex Green Blue Welcome Letter', '0.00', '3', '15', null, null, '2', '1', null, '0', null, '2', null, '2', '1', '0', '0', '0', '0', null, '0', '1', '0', '1', null, '', '0000-00-00', null, null);
INSERT INTO `product` VALUES ('2478', '02005002478', '', null, '0', 'Authorized Signatures Booklet', '0.00', '3', '5', null, null, '2', '1', null, '0', null, '2', null, '12', '1', '0', '0', '0', '0', null, '0', '1', '0', '1', null, '', '0000-00-00', null, null);
INSERT INTO `product` VALUES ('2479', '02010002479', '', null, '0', 'Amex gold small window envelop', '0.00', '3', '10', null, null, '2', '0', null, '0', null, '2', null, '2', '0', '0', '0', '0', '0', null, '0', '1', '0', '0', null, '', '0000-00-00', null, null);
INSERT INTO `product` VALUES ('2495', '03051002495', '', null, '0', 'Stand Fan', '0.00', '3', '51', null, null, '3', '1', null, '0', null, '2', null, '2', '1', '0', '0', '0', '0', null, '0', '1', '0', '1', null, '', '0000-00-00', null, null);
INSERT INTO `product` VALUES ('2496', '02005002496', '', null, '0', 'City Home Loan Application Form', '0.00', '3', '5', null, null, '2', '1', null, '0', null, '2', null, '12', '1', '0', '0', '0', '0', null, '0', '1', '0', '0', null, '', '0000-00-00', null, null);
INSERT INTO `product` VALUES ('2497', '02024002497', 'As per sample', null, '0', 'Digoon Praptee Receipt/50 lvs', '0.00', '3', '24', null, null, '2', '0', null, '0', null, '2', null, '15', '1', '0', '0', '0', '0', null, '0', '1', '0', '0', null, '', '0000-00-00', null, null);
INSERT INTO `product` VALUES ('2498', '02024002498', 'F.D.R 100 lvs per block without MICR', null, '0', 'F.D.R / 100lvs per block', '0.00', '3', '24', null, null, '2', '0', null, '0', null, '2', null, '15', '0', '0', '0', '0', '0', null, '0', '1', '0', '0', null, '', '0000-00-00', null, null);
INSERT INTO `product` VALUES ('2499', '05076002499', '', null, '0', 'Drainage Pipe', '0.00', '3', '76', null, null, '5', '2', null, '0', null, '2', null, '6', '1', '0', '0', '0', '0', null, '0', '2', '1', '1', null, '', '0000-00-00', null, null);
INSERT INTO `product` VALUES ('2500', '02026002500', '', null, '0', 'Cheque requisition slip', '0.00', '3', '26', null, null, '2', '1', null, '0', null, '2', null, '15', '1', '0', '0', '0', '0', null, '0', '1', '0', '0', null, '', '0000-00-00', null, null);
INSERT INTO `product` VALUES ('2501', '02005002501', '', null, '0', 'OBC Schedule', '0.00', '3', '5', null, null, '2', '1', null, '0', null, '2', null, '15', '1', '0', '0', '0', '0', null, '0', '1', '0', '0', null, '', '0000-00-00', null, null);
INSERT INTO `product` VALUES ('2502', '02026002502', '', null, '0.49', 'SS Card (General)', '0.00', '3', '57', null, null, '2', '1', null, '0', null, '2', null, '2', '1', '0', '0', '0', '0', null, '0', '1', '0', '0', null, '', '0000-00-00', null, null);
INSERT INTO `product` VALUES ('2503', '05063002503', '', null, '0', 'PABX System for 8 Line', '0.00', '3', '63', null, null, '5', '2', null, '0', null, '2', null, '2', '1', '0', '0', '0', '0', null, '0', '2', '0', '1', null, '', '0000-00-00', null, null);
INSERT INTO `product` VALUES ('2504', '05094002504', '', null, '0', 'Handheld Metal Detector', '0.00', '3', '94', null, null, '5', '0', null, '0', null, '2', null, '2', '1', '0', '0', '0', '0', null, '0', '2', '0', '1', null, '', '0000-00-00', null, null);
INSERT INTO `product` VALUES ('2505', '05094002505', '', null, '0', 'Archway Metal Detector', '0.00', '3', '94', null, null, '5', '0', null, '0', null, '2', null, '2', '1', '0', '0', '0', '0', null, '0', '2', '0', '1', null, '', '0000-00-00', null, null);
INSERT INTO `product` VALUES ('2506', '01095002506', '', null, '0', 'NCR Image Mark Passport-Branch Back Counter', '0.00', '3', '95', null, null, '1', '0', null, '0', null, '2', null, '2', '1', '0', '0', '0', '0', null, '0', '2', '0', '1', null, '', '0000-00-00', null, null);
INSERT INTO `product` VALUES ('2507', '01095002507', '', null, '0', 'NCR Image Mark Passport Client Access License (1 workstation)', '0.00', '3', '95', null, null, '1', '0', null, '0', null, '2', null, '2', '1', '0', '0', '0', '0', null, '0', '2', '0', '1', null, '', '0000-00-00', null, null);
INSERT INTO `product` VALUES ('2508', '01095002508', '', null, '0', 'WiselP', '0.00', '3', '95', null, null, '1', '0', null, '0', null, '2', null, '2', '1', '0', '0', '0', '0', null, '0', '2', '0', '1', null, '', '0000-00-00', null, null);
INSERT INTO `product` VALUES ('2509', '01095002509', '', null, '0', 'MICR Cheque Scanner Machine (Panini)', '0.00', '3', '95', null, null, '1', '2', null, '0', null, '2', null, '2', '1', '0', '0', '0', '0', null, '0', '2', '0', '1', null, '', '0000-00-00', null, null);
INSERT INTO `product` VALUES ('2510', '02026002510', '', null, '0', 'Attendance Slip', '0.00', '3', '26', null, null, '2', '0', null, '0', null, '2', null, '2', '1', '0', '0', '0', '0', null, '0', '1', '0', '0', null, '', '0000-00-00', null, null);
INSERT INTO `product` VALUES ('2511', '02012002511', '', null, '0', 'Hajj Pay Order', '0.00', '3', '12', null, null, '2', '0', null, '0', null, '2', null, '12', '1', '0', '0', '0', '0', null, '0', '1', '0', '0', null, '', '0000-00-00', null, null);
INSERT INTO `product` VALUES ('2512', '02006002512', '', null, '0', 'Amex Short Product Brochure', '0.00', '3', '6', null, null, '2', '0', null, '0', null, '2', null, '2', '1', '0', '0', '0', '0', null, '0', '1', '0', '0', null, '', '0000-00-00', null, null);
INSERT INTO `product` VALUES ('2513', '03032002513', '', null, '0', 'Wall Mounted Fan', '0.00', '3', '32', null, null, '3', '0', null, '0', null, '2', null, '2', '1', '0', '0', '0', '0', null, '0', '1', '0', '1', null, '', '0000-00-00', null, null);
INSERT INTO `product` VALUES ('2514', '03051002514', '', null, '0', 'Table Box Fan (Rechargable)', '0.00', '3', '51', null, null, '3', '0', null, '0', null, '2', null, '2', '1', '0', '0', '0', '0', null, '0', '1', '0', '1', null, '', '0000-00-00', null, null);
INSERT INTO `product` VALUES ('2515', '02017002515', '', null, '0', 'Annual Report Printing', '0.00', '3', '17', null, null, '2', '0', null, '0', null, '2', null, '2', '0', '0', '0', '0', '0', null, '0', '1', '0', '1', null, '', '0000-00-00', null, null);
INSERT INTO `product` VALUES ('2516', '07062002516', '', null, '0', 'Voucher carrying trolly- Non - Magnet M.S. ', '0.00', '3', '62', null, null, '7', '0', null, '0', null, '2', null, '1', '1', '0', '0', '0', '0', null, '0', '2', '0', '1', null, '', '0000-00-00', null, null);
INSERT INTO `product` VALUES ('2517', '02005002517', '', null, '0', 'Envelop', '0.00', '3', '5', null, null, '2', '1', null, '0', null, '2', null, '2', '0', '0', '0', '0', '0', null, '0', '1', '0', '1', null, '', '0000-00-00', null, null);
INSERT INTO `product` VALUES ('2518', '02005002518', '', null, '0', 'Design &amp; Print Work- Black &amp; White', '0.00', '3', '5', null, null, '2', '1', null, '0', null, '2', null, '2', '1', '0', '0', '0', '0', null, '0', '1', '0', '1', null, '', '0000-00-00', null, null);
INSERT INTO `product` VALUES ('2519', '02005002519', '', null, '0', ' Report-Shareholders', '0.00', '3', '5', null, null, '2', '1', null, '0', null, '2', null, '2', '1', '0', '0', '0', '0', null, '0', '1', '0', '1', null, '', '0000-00-00', null, null);
INSERT INTO `product` VALUES ('2520', '02005002520', '', null, '0', 'Notice of AGM', '0.00', '3', '5', null, null, '2', '1', null, '0', null, '2', null, '2', '1', '0', '0', '0', '0', null, '0', '1', '0', '1', null, '', '0000-00-00', null, null);
INSERT INTO `product` VALUES ('2521', '02005002521', '', null, '0', 'Design &amp; Print Work- 4 colour', '0.00', '3', '5', null, null, '2', '1', null, '0', null, '2', null, '2', '1', '0', '0', '0', '0', null, '0', '1', '0', '1', null, '', '0000-00-00', null, null);
INSERT INTO `product` VALUES ('2522', '02005002522', '', null, '0', 'Proxy Form', '0.00', '3', '5', null, null, '2', '0', null, '0', null, '2', null, '2', '1', '0', '0', '0', '0', null, '0', '1', '0', '1', null, '', '0000-00-00', null, null);
INSERT INTO `product` VALUES ('2523', '02096002523', '', null, '0', 'USD Marked cheque book', '0.00', '3', '96', null, null, '2', '1', null, '0', null, '2', null, '12', '1', '0', '0', '0', '0', null, '0', '1', '0', '0', null, '', '0000-00-00', null, null);
INSERT INTO `product` VALUES ('2524', '02096002524', '', null, '0', 'USD non marked chq. book', '0.00', '3', '96', null, null, '2', '0', null, '0', null, '2', null, '12', '1', '0', '0', '0', '0', null, '0', '1', '0', '0', null, '', '0000-00-00', null, null);
INSERT INTO `product` VALUES ('2525', '07062002525', '', null, '0', 'Fire proof 5 drawer unit file cabinet', '0.00', '3', '62', null, null, '7', '0', null, '0', null, '2', null, '2', '1', '0', '0', '0', '0', null, '0', '2', '0', '1', null, '', '0000-00-00', null, null);
INSERT INTO `product` VALUES ('2526', '05076002526', 'Split type, Ceiling mounted, Capacity: 2 ton.', null, '0', 'Split type, Ceiling mounted, Capacity: 2 ton', '0.00', '3', '76', null, null, '5', '0', null, '0', null, '2', null, '2', '1', '0', '0', '0', '0', null, '0', '2', '0', '1', null, '', '0000-00-00', null, null);
INSERT INTO `product` VALUES ('2527', '02012002527', '', null, '0', 'Manarah Cheque Book Requisition Form', '0.00', '3', '12', null, null, '2', '1', null, '0', null, '2', null, '2', '1', '0', '0', '0', '0', null, '0', '1', '0', '0', null, '', '0000-00-00', null, null);
INSERT INTO `product` VALUES ('2528', '02012002528', '', null, '0', 'Manarah Cheque Stop Payment Cancellation Form', '0.00', '3', '12', null, null, '2', '0', null, '0', null, '2', null, '2', '1', '0', '0', '0', '0', null, '0', '1', '0', '0', null, '', '0000-00-00', null, null);
INSERT INTO `product` VALUES ('2529', '02012002529', '', null, '0', 'Manarah Nominee Assignment', '0.00', '3', '12', null, null, '2', '0', null, '0', null, '2', null, '2', '1', '0', '0', '0', '0', null, '0', '1', '0', '0', null, '', '0000-00-00', null, null);
INSERT INTO `product` VALUES ('2530', '02012002530', '', null, '0', 'Manarah Account Closure Form', '0.00', '3', '12', null, null, '2', '0', null, '0', null, '2', null, '2', '1', '0', '0', '0', '0', null, '0', '1', '0', '0', null, '', '0000-00-00', null, null);
INSERT INTO `product` VALUES ('2531', '02026002531', '', null, '0', 'Manarah Deposit Slip', '0.00', '3', '26', null, null, '2', '1', null, '0', null, '2', null, '15', '1', '0', '0', '0', '0', null, '0', '1', '0', '0', null, '', '0000-00-00', null, null);
INSERT INTO `product` VALUES ('2538', '04029002538', '', null, '0', 'POS sticker', '0.00', '3', '33', null, null, '4', '1', null, '0', null, '2', null, '2', '1', '0', '0', '0', '0', null, '0', '1', '0', '1', null, '', '0000-00-00', null, null);
INSERT INTO `product` VALUES ('2533', '02012002533', '', null, '0', 'Manarah Auto Finance Application Form', '0.00', '3', '12', null, null, '2', '0', null, '0', null, '2', null, '2', '1', '0', '0', '0', '0', null, '0', '1', '0', '0', null, '', '0000-00-00', null, null);
INSERT INTO `product` VALUES ('2534', '02012002534', '', null, '0', 'Manarah Personal Finance Application Form', '0.00', '3', '12', null, null, '2', '0', null, '0', null, '2', null, '2', '1', '0', '0', '0', '0', null, '0', '1', '0', '0', null, '', '0000-00-00', null, null);
INSERT INTO `product` VALUES ('2535', '02012002535', '', null, '0', 'Manarah Banking Arrangement Letter (Auto)', '0.00', '3', '12', null, null, '2', '1', null, '0', null, '2', null, '15', '1', '0', '0', '0', '0', null, '0', '1', '0', '0', null, '', '0000-00-00', null, null);
INSERT INTO `product` VALUES ('2536', '02012002536', '', null, '0', 'Manarah Banking Arrangement Letter (Personal)', '0.00', '3', '12', null, null, '2', '1', null, '0', null, '2', null, '15', '1', '0', '0', '0', '0', null, '0', '1', '0', '0', null, '', '0000-00-00', null, null);
INSERT INTO `product` VALUES ('2537', '02006002537', '', null, '0', 'Manarah Brochure', '0.00', '3', '6', null, null, '2', '0', null, '0', null, '2', null, '2', '1', '0', '0', '0', '0', null, '0', '1', '0', '0', null, '', '0000-00-00', null, null);
INSERT INTO `product` VALUES ('2539', '04029002539', '', null, '0', 'Cards Welcome sticker', '0.00', '3', '33', null, null, '4', '1', null, '0', null, '2', null, '2', '1', '0', '0', '0', '0', null, '0', '1', '0', '1', null, '', '0000-00-00', null, null);
INSERT INTO `product` VALUES ('2540', '04033002540', '', null, '0', 'Cards Welcome Plastic standees', '0.00', '3', '33', null, null, '4', '0', null, '0', null, '2', null, '2', '1', '0', '0', '0', '0', null, '0', '1', '0', '1', null, '', '0000-00-00', null, null);
INSERT INTO `product` VALUES ('2541', '04033002541', '', null, '0', 'Push sticker', '0.00', '3', '33', null, null, '4', '0', null, '0', null, '2', null, '2', '1', '0', '0', '0', '0', null, '0', '1', '0', '1', null, '', '0000-00-00', null, null);
INSERT INTO `product` VALUES ('2542', '04033002542', '', null, '0', 'Pull sticker', '0.00', '3', '33', null, null, '4', '0', null, '0', null, '2', null, '2', '1', '0', '0', '0', '0', null, '0', '1', '0', '1', null, '', '0000-00-00', null, null);
INSERT INTO `product` VALUES ('2543', '04033002543', '', null, '0', 'American Express Open/Close hanging', '0.00', '3', '33', null, null, '4', '0', null, '0', null, '2', null, '2', '1', '0', '0', '0', '0', null, '0', '1', '0', '1', null, '', '0000-00-00', null, null);
INSERT INTO `product` VALUES ('2544', '05076002544', 'Split type, Cassette, Capacity: 5 ton.', null, '0', 'Split type, Cassette, Capacity: 5 ton.', '0.00', '3', '76', null, null, '5', '0', null, '0', null, '2', null, '2', '1', '0', '0', '0', '0', null, '0', '2', '0', '1', null, '', '0000-00-00', null, null);
INSERT INTO `product` VALUES ('2545', '05076002545', 'Split type, Cassette, Capacity: 2 ton.', null, '0', 'Split type, Cassette, Capacity: 2 ton.', '0.00', '3', '76', null, null, '5', '0', null, '0', null, '2', null, '2', '1', '0', '0', '0', '0', null, '0', '2', '0', '1', null, '', '0000-00-00', null, null);
INSERT INTO `product` VALUES ('2546', '05076002546', 'Split type, Cassette, Capacity: 1.5 ton.', null, '0', 'Split type, Cassette, Capacity: 1.5 ton.', '0.00', '3', '76', null, null, '5', '0', null, '0', null, '2', null, '2', '1', '0', '0', '0', '0', null, '0', '2', '0', '1', null, '', '0000-00-00', null, null);
INSERT INTO `product` VALUES ('2547', '05076002547', 'Installation of AC', null, '0', 'Installation of AC', '0.00', '3', '76', null, null, '5', '2', null, '0', null, '2', null, '10', '1', '0', '0', '0', '0', null, '0', '2', '0', '1', null, '', '0000-00-00', null, null);
INSERT INTO `product` VALUES ('2548', '02006002548', '', null, '0', 'Amex Gold Guide Book', '0.00', '3', '6', null, null, '2', '1', null, '0', null, '2', null, '2', '1', '0', '0', '0', '0', null, '0', '1', '0', '1', null, '', '0000-00-00', null, null);
INSERT INTO `product` VALUES ('2549', '03032002549', '', null, '0', 'Tray- Steel', '0.00', '3', '32', null, null, '3', '1', null, '0', null, '2', null, '2', '1', '0', '0', '0', '0', null, '0', '1', '0', '1', null, '', '0000-00-00', null, null);
INSERT INTO `product` VALUES ('2550', '03032002550', '', null, '0', 'Tray- Small (Malamine)', '0.00', '3', '32', null, null, '3', '0', null, '0', null, '2', null, '2', '1', '0', '0', '0', '0', null, '0', '1', '0', '1', null, '', '0000-00-00', null, null);
INSERT INTO `product` VALUES ('2551', '12097002551', 'Market Research for Priority Banking', null, '0', 'Market Research', '0.00', '3', '97', null, null, '12', '0', null, '0', null, '2', null, '10', '1', '0', '0', '0', '0', null, '0', '1', '0', '1', null, '', '0000-00-00', null, null);
INSERT INTO `product` VALUES ('2552', '01098002552', '', null, '0', 'EQM System', '0.00', '3', '98', null, null, '1', '0', null, '0', null, '2', null, '1', '1', '0', '0', '0', '0', null, '0', '2', '0', '1', null, '', '0000-00-00', null, null);
INSERT INTO `product` VALUES ('2553', '03081002553', '', null, '0', 'Access Control System_Double Door', '0.00', '3', '81', null, null, '3', '0', null, '0', null, '2', null, '10', '1', '0', '0', '0', '0', null, '0', '2', '0', '1', null, '', '0000-00-00', null, null);
INSERT INTO `product` VALUES ('2554', '12073002554', '', null, '0', 'Corporate Tax Advisor', '0.00', '3', '73', null, null, '12', '0', null, '0', null, '2', null, '10', '1', '0', '0', '0', '0', null, '0', '1', '0', '1', null, '', '0000-00-00', null, null);
INSERT INTO `product` VALUES ('2556', '01001002556', '', null, '0', 'RAM 4GB', '0.00', '3', '1', null, null, '1', '0', null, '0', null, '2', null, '2', '1', '0', '0', '0', '0', null, '0', '2', '0', '1', null, '', '0000-00-00', null, null);
INSERT INTO `product` VALUES ('2557', '03032002557', '', null, '0', 'Delivery Cost -At Actual', '0.00', '3', '32', null, null, '3', '1', null, '0', null, '2', null, '2', '1', '0', '0', '0', '0', null, '0', '1', '0', '1', null, '', '0000-00-00', null, null);
INSERT INTO `product` VALUES ('2558', '06037002558', '', null, '0', 'SUV', '0.00', '3', '37', null, null, '6', '2', null, '0', null, '2', null, '1', '1', '0', '0', '0', '0', null, '0', '2', '0', '1', null, '', '0000-00-00', null, null);
INSERT INTO `product` VALUES ('2559', '02012002559', '', null, '0', 'Home Loan Banking Arrangement Letter', '0.00', '3', '12', null, null, '2', '0', null, '0', null, '2', null, '2', '1', '0', '0', '0', '0', null, '0', '1', '0', '0', null, '', '0000-00-00', null, null);
INSERT INTO `product` VALUES ('2560', '08043002560', '', null, '0', 'Al-Pin', '0.00', '3', '43', null, null, '8', '1', null, '0', null, '2', null, '5', '1', '0', '0', '0', '0', null, '0', '1', '0', '1', null, '', '0000-00-00', null, null);
INSERT INTO `product` VALUES ('2561', '02005002561', '', null, '212', 'EFT Forms', '0.00', '3', '5', null, null, '2', '0', null, '0', null, '2', null, '12', '1', '0', '0', '0', '0', null, '0', '1', '0', '0', null, '', '0000-00-00', null, null);
INSERT INTO `product` VALUES ('2562', '01001002562', '', null, '0', 'Network Cabinet 32U', '0.00', '5', '101', '20', '0', '1', '1', '16', '0', null, '2', null, '1', '1', '0', '0', '0', '0', null, '0', '2', '0', '1', null, '', '0000-00-00', null, null);
INSERT INTO `product` VALUES ('2563', '01059002563', '', null, '0', 'Cable Tray', '0.00', '3', '59', null, null, '1', '2', null, '0', null, '2', null, '6', '1', '0', '0', '0', '0', null, '0', '2', '0', '1', null, '', '0000-00-00', null, null);
INSERT INTO `product` VALUES ('2564', '01059002564', '', null, '0', 'Clam for Cable Tray', '0.00', '3', '59', null, null, '1', '0', null, '0', null, '2', null, '2', '1', '0', '0', '0', '0', null, '0', '2', '0', '1', null, '', '0000-00-00', null, null);
INSERT INTO `product` VALUES ('2565', '05100002565', '', null, '0', 'Coaxial Cable', '0.00', '3', '100', null, null, '5', '0', null, '0', null, '2', null, '2', '1', '0', '0', '0', '0', null, '0', '2', '0', '1', null, '', '0000-00-00', null, null);
INSERT INTO `product` VALUES ('2566', '05100002566', '', null, '0', 'Coaxial Connectors', '0.00', '3', '100', null, null, '5', '0', null, '0', null, '2', null, '2', '1', '0', '0', '0', '0', null, '0', '2', '0', '1', null, '', '0000-00-00', null, null);
INSERT INTO `product` VALUES ('2567', '05100002567', '', null, '0', 'Installation Charge for CCTV', '0.00', '3', '100', null, null, '5', '0', null, '0', null, '2', null, '1', '1', '0', '0', '0', '0', null, '0', '2', '0', '1', null, '', '0000-00-00', null, null);
INSERT INTO `product` VALUES ('2568', '12101002568', 'Delivery of goods by sea shipment.', null, '0', 'By Sea', '0.00', '3', '101', null, null, '12', '0', null, '0', null, '2', null, '2', '1', '0', '0', '0', '0', null, '0', '1', '0', '1', null, '', '0000-00-00', null, null);
INSERT INTO `product` VALUES ('2569', '01001002569', '', null, '0', 'Online UPS Battery', '0.00', '3', '1', null, null, '1', '0', null, '0', null, '2', null, '1', '1', '0', '0', '0', '0', null, '0', '2', '0', '1', null, '', '0000-00-00', null, null);
INSERT INTO `product` VALUES ('2570', '03102002570', '', null, '0', 'Silver Tipping Foil', '0.00', '3', '102', null, null, '3', '0', null, '0', null, '2', null, '2', '1', '0', '0', '0', '0', null, '0', '1', '0', '1', null, '', '0000-00-00', null, null);
INSERT INTO `product` VALUES ('2571', '03102002571', '', null, '0', 'Rear Indent (Black)', '0.00', '3', '102', null, null, '3', '0', null, '0', null, '2', null, '2', '1', '0', '0', '0', '0', null, '0', '1', '0', '1', null, '', '0000-00-00', null, null);
INSERT INTO `product` VALUES ('2572', '03102002572', '', null, '0', 'Front Indent (white)', '0.00', '3', '102', null, null, '3', '0', null, '0', null, '2', null, '2', '1', '0', '0', '0', '0', null, '0', '1', '0', '1', null, '', '0000-00-00', null, null);
INSERT INTO `product` VALUES ('2573', '03102002573', '', null, '0', 'YMCKOK Ribbon', '0.00', '3', '102', null, null, '3', '0', null, '0', null, '2', null, '2', '1', '0', '0', '0', '0', null, '0', '1', '0', '1', null, '', '0000-00-00', null, null);
INSERT INTO `product` VALUES ('2574', '02058002574', '', null, '0', 'Master Debit Card Shopping', '0.00', '3', '58', null, null, '2', '0', null, '0', null, '2', null, '2', '1', '0', '0', '0', '0', null, '0', '1', '0', '1', null, '', '0000-00-00', null, null);
INSERT INTO `product` VALUES ('2575', '02005002575', '', null, '255.07', 'Fixed Deposit Advice (FDA)', '0.00', '3', '12', null, null, '2', '1', null, '0', null, '2', null, '15', '1', '0', '0', '0', '0', null, '0', '1', '0', '0', null, '', '0000-00-00', null, null);
INSERT INTO `product` VALUES ('2576', '02058002576', '', null, '0', 'Master Card PIN Code Mailer', '0.00', '3', '58', null, null, '2', '0', null, '0', null, '2', null, '2', '1', '0', '0', '0', '0', null, '0', '1', '0', '1', null, '', '0000-00-00', null, null);
INSERT INTO `product` VALUES ('2577', '03032002577', '3 Steps', null, '0', 'Ladder', '0.00', '3', '32', null, null, '3', '0', null, '0', null, '2', null, '1', '1', '0', '0', '0', '0', null, '0', '1', '0', '1', null, '', '0000-00-00', null, null);
INSERT INTO `product` VALUES ('2578', '02057002578', '', null, '0', 'Pocket Card with Pouch', '0.00', '3', '57', null, null, '2', '1', null, '0', null, '2', null, '2', '1', '0', '0', '0', '0', null, '0', '1', '0', '1', null, '', '0000-00-00', null, null);
INSERT INTO `product` VALUES ('2579', '02005002579', '', null, '0', 'VMV Booklet', '0.00', '3', '5', null, null, '2', '1', null, '0', null, '2', null, '2', '1', '0', '0', '0', '0', null, '0', '1', '0', '0', null, '', '0000-00-00', null, null);
INSERT INTO `product` VALUES ('2580', '12103002580', '', null, '0', 'Interviewing Skill', '0.00', '3', '103', null, null, '12', '0', null, '0', null, '2', null, '2', '1', '0', '0', '0', '0', null, '0', '1', '0', '1', null, '', '0000-00-00', null, null);
INSERT INTO `product` VALUES ('2581', '03032002581', '', null, '0', 'Moveble Steel Cabinet', '0.00', '3', '32', null, null, '3', '0', null, '0', null, '2', null, '2', '1', '0', '0', '0', '0', null, '0', '1', '0', '1', null, '', '0000-00-00', null, null);
INSERT INTO `product` VALUES ('2582', '02012002582', '', null, '0', 'Amex Corporate Card Statement Form', '0.00', '3', '12', null, null, '2', '1', null, '0', null, '2', null, '2', '1', '0', '0', '0', '0', null, '0', '1', '0', '1', null, '', '0000-00-00', null, null);
INSERT INTO `product` VALUES ('2583', '08042002583', '', null, '0', 'Offset Paper A4 80 GSM', '0.00', '3', '42', null, null, '8', '0', null, '0', null, '2', null, '19', '1', '0', '0', '0', '0', null, '0', '1', '0', '1', null, '', '0000-00-00', null, null);
INSERT INTO `product` VALUES ('2586', '02012002586', '', null, '0', 'Manarah Change of Signature Form', '0.00', '3', '12', null, null, '2', '0', null, '0', null, '2', null, '2', '1', '0', '0', '0', '0', null, '0', '1', '0', '0', null, '', '0000-00-00', null, null);
INSERT INTO `product` VALUES ('2587', '02012002587', '', null, '0', 'Manarah Mandate Instruction', '0.00', '3', '12', null, null, '2', '0', null, '0', null, '2', null, '2', '1', '0', '0', '0', '0', null, '0', '1', '0', '0', null, '', '0000-00-00', null, null);
INSERT INTO `product` VALUES ('2588', '02012002588', '', null, '0', 'Manarah Collection Authorization Form', '0.00', '3', '12', null, null, '2', '1', null, '0', null, '2', null, '2', '1', '0', '0', '0', '0', null, '0', '1', '0', '0', null, '', '0000-00-00', null, null);
INSERT INTO `product` VALUES ('2589', '02012002589', '', null, '0', 'Manarah Collection Authorization Form', '0.00', '3', '12', null, null, '2', '0', null, '0', null, '2', null, '2', '1', '0', '0', '0', '0', null, '0', '1', '0', '0', null, '', '0000-00-00', null, null);
INSERT INTO `product` VALUES ('2590', '02012002590', '', null, '0', 'Manarah Dormant Account Reactivation Form', '0.00', '3', '12', null, null, '2', '0', null, '0', null, '2', null, '2', '1', '0', '0', '0', '0', null, '0', '1', '0', '0', null, '', '0000-00-00', null, null);
INSERT INTO `product` VALUES ('2591', '02012002591', '', null, '0', 'Manarah General Request Form', '0.00', '3', '12', null, null, '2', '0', null, '0', null, '2', null, '2', '1', '0', '0', '0', '0', null, '0', '1', '0', '0', null, '', '0000-00-00', null, null);
INSERT INTO `product` VALUES ('2592', '02012002592', '', null, '0', 'Manarah Contact Information Form', '0.00', '3', '12', null, null, '2', '0', null, '0', null, '2', null, '2', '1', '0', '0', '0', '0', null, '0', '1', '0', '0', null, '', '0000-00-00', null, null);
INSERT INTO `product` VALUES ('2593', '02012002593', '', null, '0', 'Manarah Standing Instruction Form', '0.00', '3', '12', null, null, '2', '0', null, '0', null, '2', null, '2', '1', '0', '0', '0', '0', null, '0', '1', '0', '0', null, '', '0000-00-00', null, null);
INSERT INTO `product` VALUES ('2594', '02012002594', '', null, '0', 'Manarah Application for Stop Payment', '0.00', '3', '12', null, null, '2', '0', null, '0', null, '2', null, '2', '1', '0', '0', '0', '0', null, '0', '1', '0', '0', null, '', '0000-00-00', null, null);
INSERT INTO `product` VALUES ('2595', '02057002595', '', null, '0', 'Signature Card', '0.00', '3', '57', null, null, '2', '0', null, '0', null, '2', null, '2', '0', '0', '0', '0', '0', null, '0', '1', '0', '0', null, '', '0000-00-00', null, null);
INSERT INTO `product` VALUES ('2596', '02022002596', '', null, '0', 'Visa Credit Card Welcome Pack', '0.00', '3', '22', null, null, '2', '0', null, '0', null, '2', null, '2', '1', '0', '0', '0', '0', null, '0', '1', '0', '0', null, '', '0000-00-00', null, null);
INSERT INTO `product` VALUES ('2597', '02006002597', '', null, '0', 'City VISA Discount Brochure', '0.00', '3', '6', null, null, '2', '1', null, '0', null, '2', null, '2', '1', '0', '0', '0', '0', null, '0', '1', '0', '1', null, '', '0000-00-00', null, null);
INSERT INTO `product` VALUES ('2598', '05104002598', 'Supply, Installation, Testing &amp; commissioning of 300Wp Solar System', null, '0', 'Solar System 300Wp', '0.00', '3', '104', null, null, '5', '0', null, '0', null, '2', null, '10', '1', '0', '0', '0', '0', null, '0', '2', '0', '1', null, '', '0000-00-00', null, null);
INSERT INTO `product` VALUES ('2599', '04033002599', '', null, '0', 'Account Holder counter display signage', '0.00', '3', '33', null, null, '4', '0', null, '0', null, '2', null, '2', '1', '0', '0', '0', '0', null, '0', '1', '0', '1', null, '', '0000-00-00', null, null);
INSERT INTO `product` VALUES ('2600', '02006002600', '', null, '0', 'Booklet for Foreign Currency Account Opening &amp; Maintenance Procedure from BB', '0.00', '3', '6', null, null, '2', '0', null, '0', null, '2', null, '2', '1', '0', '0', '0', '0', null, '0', '1', '0', '1', null, '', '0000-00-00', null, null);
INSERT INTO `product` VALUES ('2601', '03032002601', '', null, '0', 'Steel Almirah', '0.00', '3', '32', null, null, '3', '0', null, '0', null, '2', null, '2', '1', '0', '0', '0', '0', null, '0', '2', '0', '1', null, '', '0000-00-00', null, null);
INSERT INTO `product` VALUES ('2602', '05036002602', '', null, '0', 'Paper Shedder', '0.00', '3', '36', null, null, '5', '0', null, '0', null, '2', null, '2', '1', '0', '0', '0', '0', null, '0', '2', '0', '1', null, '', '0000-00-00', null, null);
INSERT INTO `product` VALUES ('2603', '05035002603', '', null, '0', 'CDM Receipt thermal roll', '0.00', '3', '35', null, null, '5', '0', null, '0', null, '2', null, '9', '1', '0', '0', '0', '0', null, '0', '1', '0', '1', null, '', '0000-00-00', null, null);
INSERT INTO `product` VALUES ('2604', '05076002604', 'Split type, Ceiling, Capacity: 3 ton.', null, '0', 'Split type, Ceiling, Capacity: 3 ton.', '0.00', '3', '76', null, null, '5', '0', null, '0', null, '2', null, '2', '1', '0', '0', '0', '0', null, '0', '2', '0', '1', null, '', '0000-00-00', null, null);
INSERT INTO `product` VALUES ('2605', '02010002605', '', null, '0', 'AMEX Gold Window Envelop (Small)', '0.00', '3', '10', null, null, '2', '1', null, '0', null, '2', null, '2', '1', '0', '0', '0', '0', null, '0', '1', '0', '1', null, '', '0000-00-00', null, null);
INSERT INTO `product` VALUES ('2606', '01001002606', 'Security Bundle included.\r\n2901 is the old model &amp; 2911 is the latest model.', null, '0', 'Router CISCO 2901/2911', '0.00', '3', '116', null, null, '1', '2', null, '0', null, '2', null, '2', '1', '0', '0', '0', '0', null, '0', '2', '0', '1', null, '', '0000-00-00', null, null);
INSERT INTO `product` VALUES ('2607', '02024002607', '20 leaves per block', null, '78.38', 'Foreign Demand Draft (FDD)', '0.00', '3', '24', null, null, '2', '0', null, '0', null, '2', null, '15', '1', '0', '0', '0', '0', null, '0', '1', '0', '0', null, '', '0000-00-00', null, null);
INSERT INTO `product` VALUES ('2608', '03032002608', '', null, '0', 'Trunk with handle (BB requirement basis)', '0.00', '3', '32', null, null, '3', '0', null, '0', null, '2', null, '2', '1', '0', '0', '0', '0', null, '0', '1', '0', '1', null, '', '0000-00-00', null, null);
INSERT INTO `product` VALUES ('2609', '12105002609', 'Conducting Employer Brand Choice Survey Work for and on Behalf of The City Bank ', null, '0', 'Employer Brand Choice Survey', '0.00', '3', '105', null, null, '12', '0', null, '0', null, '2', null, '10', '1', '0', '0', '0', '0', null, '0', '1', '0', '1', null, '', '0000-00-00', null, null);
INSERT INTO `product` VALUES ('2610', '05076002610', 'Split type, Ceiling, Capacity: 3.5 ton.', null, '0', 'Split type, Ceiling, Capacity: 3.5 ton.', '0.00', '3', '76', null, null, '5', '0', null, '0', null, '2', null, '2', '1', '0', '0', '0', '0', null, '0', '2', '0', '1', null, '', '0000-00-00', null, null);
INSERT INTO `product` VALUES ('2611', '02025002611', '', null, '0', 'AMEX PIN Mailer', '0.00', '3', '58', null, null, '2', '1', null, '0', null, '2', null, '2', '1', '0', '0', '0', '0', null, '0', '1', '0', '1', null, '', '0000-00-00', null, null);
INSERT INTO `product` VALUES ('2612', '02026002612', '', null, '0', 'Deposit Slip Book (Square Toiletrie &amp; Square Consumers)', '0.00', '3', '26', null, null, '2', '0', null, '0', null, '2', null, '12', '1', '0', '0', '0', '0', null, '0', '1', '0', '1', null, '', '0000-00-00', null, null);
INSERT INTO `product` VALUES ('2613', '01001002613', 'Used at Data Center, at IT Div. Jiban Bima Tower', null, '0', 'Automatic Voltage Regulator (AVR)', '0.00', '3', '1', null, null, '1', '0', null, '0', null, '2', null, '1', '1', '0', '0', '0', '0', null, '0', '2', '0', '1', null, '', '0000-00-00', null, null);
INSERT INTO `product` VALUES ('2686', '01001002686', '', null, '0', 'Installation Charge of AVR', '0.00', '3', '1', null, null, '1', '0', null, '0', null, '2', null, '2', '1', '0', '0', '0', '0', null, '0', '1', '0', '1', null, '', '0000-00-00', null, null);
INSERT INTO `product` VALUES ('2614', '05036002614', '', null, '0', 'Television (CRT)', '0.00', '3', '36', null, null, '5', '0', null, '0', null, '2', null, '2', '1', '0', '0', '0', '0', null, '0', '2', '0', '1', null, '', '0000-00-00', null, null);
INSERT INTO `product` VALUES ('2615', '07071002615', 'This chair has been used at Driver\\\'s room at Gulshan Head Office', null, '0', 'Waiting Chair 3 seated', '0.00', '3', '71', null, null, '7', '0', null, '0', null, '2', null, '2', '1', '0', '0', '0', '0', null, '0', '2', '0', '1', null, '', '0000-00-00', null, null);
INSERT INTO `product` VALUES ('2616', '07071002616', 'This chair has been used at Driver\\\'s room at Gulshan Head Office', null, '0', 'Waiting Chair 2 seated', '0.00', '3', '71', null, null, '7', '0', null, '0', null, '2', null, '2', '1', '0', '0', '0', '0', null, '0', '2', '0', '1', null, '', '0000-00-00', null, null);
INSERT INTO `product` VALUES ('2617', '04033002617', '', null, '0', 'Share Your Feeling form display desk', '0.00', '3', '33', null, null, '4', '0', null, '0', null, '2', null, '2', '1', '0', '0', '0', '0', null, '0', '1', '0', '1', null, '', '0000-00-00', null, null);
INSERT INTO `product` VALUES ('2618', '01106002618', 'This module is for CBL Retail &amp; SME (s) Call Center Operation', null, '0', 'Tele Banking and Email Integration Module for Call Center Operation', '0.00', '3', '106', null, null, '1', '0', null, '0', null, '2', null, '1', '1', '0', '0', '0', '0', null, '0', '2', '0', '1', null, '', '0000-00-00', null, null);
INSERT INTO `product` VALUES ('2619', '01061002619', 'Brand: EPSON\r\nModel: PLQ-20D', null, '0', 'Printer for Pay Order Printing', '0.00', '3', '61', null, null, '1', '0', null, '0', null, '2', null, '2', '1', '0', '0', '0', '0', null, '0', '2', '0', '1', null, '', '0000-00-00', null, null);
INSERT INTO `product` VALUES ('2620', '01061002620', 'Brand: Samsung', null, '0', 'Printer (Leaser) ML- 3471ND', '0.00', '3', '61', null, null, '1', '0', null, '0', null, '2', null, '2', '1', '0', '0', '0', '0', null, '0', '2', '0', '1', null, '', '0000-00-00', null, null);
INSERT INTO `product` VALUES ('2622', '04034002622', '', null, '0', 'Mug', '0.00', '3', '34', null, null, '4', '0', null, '0', null, '2', null, '2', '0', '0', '0', '0', '0', null, '0', '1', '0', '1', null, '', '0000-00-00', null, null);
INSERT INTO `product` VALUES ('2625', '05107002625', '', null, '0', 'Supply &amp; Installation of Fire Detection System', '0.00', '3', '107', null, null, '5', '0', null, '0', null, '2', null, '10', '1', '0', '0', '0', '0', null, '0', '2', '0', '1', null, '', '0000-00-00', null, null);
INSERT INTO `product` VALUES ('2624', '01001002624', '', null, '0', 'Memory Up gradation of SUN Surver', '0.00', '3', '1', null, null, '1', '0', null, '0', null, '2', null, '2', '1', '0', '0', '0', '0', null, '0', '2', '0', '1', null, '', '0000-00-00', null, null);
INSERT INTO `product` VALUES ('2626', '05036002626', '', null, '0', 'Voice Recorder', '0.00', '3', '36', null, null, '5', '0', null, '0', null, '2', null, '2', '1', '0', '0', '0', '0', null, '0', '1', '0', '1', null, '', '0000-00-00', null, null);
INSERT INTO `product` VALUES ('2627', '02058002627', 'Manufacturer : ABnote', null, '0', 'Amex Platinum Card', '0.00', '3', '58', null, null, '2', '0', null, '0', null, '2', null, '2', '1', '0', '0', '0', '0', null, '0', '1', '0', '1', null, '', '0000-00-00', null, null);
INSERT INTO `product` VALUES ('2628', '05066002628', '', null, '0', 'ATM Terminals (NDC or DDC protocol)', '0.00', '3', '66', null, null, '5', '0', null, '0', null, '2', null, '1', '1', '0', '0', '0', '0', null, '0', '2', '0', '1', null, '', '0000-00-00', null, null);
INSERT INTO `product` VALUES ('2629', '02010002629', '', null, '0', 'AMEX Green Blue Window Envelope for Billing Statement', '0.00', '3', '10', null, null, '2', '1', null, '0', null, '2', null, '2', '1', '0', '0', '0', '0', null, '0', '1', '0', '1', null, '', '0000-00-00', null, null);
INSERT INTO `product` VALUES ('2630', '02012002630', '', null, '0', 'L/C Authorization Form (Commercial)', '0.00', '3', '12', null, null, '2', '1', null, '0', null, '2', null, '15', '1', '0', '0', '0', '0', null, '0', '1', '0', '0', null, '', '0000-00-00', null, null);
INSERT INTO `product` VALUES ('2631', '02012002631', '', null, '0', 'L/C Authorization Form (Industrial)', '0.00', '3', '12', null, null, '2', '1', null, '0', null, '2', null, '15', '1', '0', '0', '0', '0', null, '0', '1', '0', '0', null, '', '0000-00-00', null, null);
INSERT INTO `product` VALUES ('2632', '07038002632', '', null, '0', 'Coat Hanger', '0.00', '3', '38', null, null, '7', '0', null, '0', null, '2', null, '2', '1', '0', '0', '0', '0', null, '0', '1', '0', '1', null, '', '0000-00-00', null, null);
INSERT INTO `product` VALUES ('2633', '08041002633', 'Length 3 inch and Width 2 inch', null, '0', 'White Board 2 x 3', '0.00', '3', '41', null, null, '8', '0', null, '0', null, '2', null, '2', '1', '0', '0', '0', '0', null, '0', '1', '0', '1', null, '', '0000-00-00', null, null);
INSERT INTO `product` VALUES ('2634', '01047002634', '', null, '0', 'Online UPS- back up 4 hours full load', '0.00', '3', '47', null, null, '1', '0', null, '0', null, '2', null, '1', '1', '0', '0', '0', '0', null, '0', '2', '0', '1', null, '', '0000-00-00', null, null);
INSERT INTO `product` VALUES ('2635', '05036002635', '', null, '0', 'Electronic Color Copy Board (Panaboard)', '0.00', '3', '36', null, null, '5', '0', null, '0', null, '2', null, '2', '1', '0', '0', '0', '0', null, '0', '2', '0', '1', null, '', '0000-00-00', null, null);
INSERT INTO `product` VALUES ('2636', '07062002636', '', null, '0', 'Fire Proof Almirah (3 doors) [48\\&quot;x60\\&quot;x18\\&quot;]', '0.00', '3', '62', null, null, '7', '0', null, '0', null, '2', null, '1', '1', '0', '0', '0', '0', null, '0', '2', '0', '1', null, '', '0000-00-00', null, null);
INSERT INTO `product` VALUES ('2637', '07062002637', '', null, '0', 'Fire Proof Almirah (3 doors) [48\\&quot;x48\\&quot;x18\\&quot;]', '0.00', '3', '62', null, null, '7', '0', null, '0', null, '2', null, '1', '1', '0', '0', '0', '0', null, '0', '2', '0', '1', null, '', '0000-00-00', null, null);
INSERT INTO `product` VALUES ('2697', '03032002697', '', null, '0', 'Starter Plate', '0.00', '3', '32', null, null, '3', '0', null, '0', null, '2', null, '2', '0', '0', '0', '0', '0', null, '0', '1', '0', '1', null, '', '0000-00-00', null, null);
INSERT INTO `product` VALUES ('2638', '05088002638', '', null, '0', 'Diesel Generator 20KVA', '0.00', '3', '88', null, null, '5', '0', null, '0', null, '2', null, '1', '1', '0', '0', '0', '0', null, '0', '2', '0', '1', null, '', '0000-00-00', null, null);
INSERT INTO `product` VALUES ('2639', '02015002639', '', null, '0', 'AMEX Gold Welcome Letter', '0.00', '3', '15', null, null, '2', '1', null, '0', null, '2', null, '2', '1', '0', '0', '0', '0', null, '0', '1', '0', '1', null, '', '0000-00-00', null, null);
INSERT INTO `product` VALUES ('2640', '02010002640', '', null, '0', 'MC Prepaid Card Window Envelop', '0.00', '3', '10', null, null, '2', '1', null, '0', null, '2', null, '2', '1', '0', '0', '0', '0', null, '0', '1', '0', '1', null, '', '0000-00-00', null, null);
INSERT INTO `product` VALUES ('2641', '02016002641', '', null, '0', 'MC Prepaid Card Mailer', '0.00', '3', '16', null, null, '2', '0', null, '0', null, '2', null, '2', '1', '0', '0', '0', '0', null, '0', '1', '0', '1', null, '', '0000-00-00', null, null);
INSERT INTO `product` VALUES ('2642', '02010002642', '', null, '0', 'AMEX Account Card Window Envelop', '0.00', '3', '10', null, null, '2', '0', null, '0', null, '2', null, '2', '1', '0', '0', '0', '0', null, '0', '1', '0', '1', null, '', '0000-00-00', null, null);
INSERT INTO `product` VALUES ('2643', '02016002643', '', null, '0', 'AMEX Account Card Mailer ', '0.00', '3', '16', null, null, '2', '0', null, '0', null, '2', null, '2', '1', '0', '0', '0', '0', null, '0', '1', '0', '1', null, '', '0000-00-00', null, null);
INSERT INTO `product` VALUES ('2644', '02016002644', '', null, '0', 'AMEX Corporate Gold Card Mailer', '0.00', '3', '16', null, null, '2', '1', null, '0', null, '2', null, '2', '1', '0', '0', '0', '0', null, '0', '1', '0', '1', null, '', '0000-00-00', null, null);
INSERT INTO `product` VALUES ('2645', '02016002645', '', null, '0', 'AMEX Corporate Green Blue Card Mailer', '0.00', '3', '16', null, null, '2', '1', null, '0', null, '2', null, '2', '1', '0', '0', '0', '0', null, '0', '1', '0', '1', null, '', '0000-00-00', null, null);
INSERT INTO `product` VALUES ('2646', '02016002646', '', null, '0', 'AMEX Platinum Card Mailer', '0.00', '3', '16', null, null, '2', '0', null, '0', null, '2', null, '2', '1', '0', '0', '0', '0', null, '0', '1', '0', '1', null, '', '0000-00-00', null, null);
INSERT INTO `product` VALUES ('2647', '02010002647', '', null, '0', 'AMEX Platinum Window Envelop (Card)', '0.00', '3', '10', null, null, '2', '0', null, '0', null, '2', null, '2', '1', '0', '0', '0', '0', null, '0', '1', '0', '1', null, '', '0000-00-00', null, null);
INSERT INTO `product` VALUES ('2648', '02010002648', '', null, '0', 'AMEX Platinum Window Envelope (PIN)', '0.00', '3', '10', null, null, '2', '0', null, '0', null, '2', null, '2', '1', '0', '0', '0', '0', null, '0', '1', '0', '1', null, '', '0000-00-00', null, null);
INSERT INTO `product` VALUES ('2649', '02058002649', '', null, '0', 'VISA Platinum Card', '0.00', '3', '58', null, null, '2', '0', null, '0', null, '2', null, '2', '1', '0', '0', '0', '0', null, '0', '1', '0', '1', null, '', '0000-00-00', null, null);
INSERT INTO `product` VALUES ('2650', '02058002650', '', null, '0', 'VISA Signature Card', '0.00', '3', '58', null, null, '2', '0', null, '0', null, '2', null, '2', '1', '0', '0', '0', '0', null, '0', '1', '0', '1', null, '', '0000-00-00', null, null);
INSERT INTO `product` VALUES ('2651', '02058002651', '', null, '0', 'AMEX Account Card', '0.00', '3', '58', null, null, '2', '0', null, '0', null, '2', null, '2', '1', '0', '0', '0', '0', null, '0', '1', '0', '1', null, '', '0000-00-00', null, null);
INSERT INTO `product` VALUES ('2652', '02015002652', '', null, '0', 'VISA Signature Card Welcome Letter', '0.00', '3', '15', null, null, '2', '0', null, '0', null, '2', null, '2', '1', '0', '0', '0', '0', null, '0', '1', '0', '1', null, '', '0000-00-00', null, null);
INSERT INTO `product` VALUES ('2653', '02010002653', '', null, '0', 'VISA Signature Card Window Envelop [Card]', '0.00', '3', '10', null, null, '2', '0', null, '0', null, '2', null, '2', '1', '0', '0', '0', '0', null, '0', '1', '0', '1', null, '', '0000-00-00', null, null);
INSERT INTO `product` VALUES ('2654', '02010002654', '', null, '0', 'VISA Signature Card Window Envelop [PIN]', '0.00', '3', '10', null, null, '2', '0', null, '0', null, '2', null, '2', '1', '0', '0', '0', '0', null, '0', '1', '0', '1', null, '', '0000-00-00', null, null);
INSERT INTO `product` VALUES ('2655', '02015002655', '', null, '0', 'VISA Platinum Card Welcome Letter', '0.00', '3', '15', null, null, '2', '0', null, '0', null, '2', null, '2', '1', '0', '0', '0', '0', null, '0', '1', '0', '1', null, '', '0000-00-00', null, null);
INSERT INTO `product` VALUES ('2656', '02010002656', '', null, '0', 'VISA Platinum Card Window Envelop [Card]', '0.00', '3', '10', null, null, '2', '0', null, '0', null, '2', null, '2', '1', '0', '0', '0', '0', null, '0', '1', '0', '1', null, '', '0000-00-00', null, null);
INSERT INTO `product` VALUES ('2657', '02010002657', '', null, '0', 'VISA Platinum Card Window Envelop [PIN]', '0.00', '3', '10', null, null, '2', '0', null, '0', null, '2', null, '2', '1', '0', '0', '0', '0', null, '0', '1', '0', '1', null, '', '0000-00-00', null, null);
INSERT INTO `product` VALUES ('2658', '02064002658', '', null, '0', 'AMEX Platinum Card Welcome Box', '0.00', '3', '64', null, null, '2', '0', null, '0', null, '2', null, '2', '1', '0', '0', '0', '0', null, '0', '1', '0', '1', null, '', '0000-00-00', null, null);
INSERT INTO `product` VALUES ('2659', '02064002659', '', null, '0', 'VISA Platinum Card Welcome Box', '0.00', '3', '64', null, null, '2', '0', null, '0', null, '2', null, '2', '1', '0', '0', '0', '0', null, '0', '1', '0', '1', null, '', '0000-00-00', null, null);
INSERT INTO `product` VALUES ('2660', '02064002660', '', null, '0', 'VISA Signature Card Welcome Box', '0.00', '3', '64', null, null, '2', '0', null, '0', null, '2', null, '2', '1', '0', '0', '0', '0', null, '0', '1', '0', '1', null, '', '0000-00-00', null, null);
INSERT INTO `product` VALUES ('2661', '02012002661', '', null, '0', 'City Prepaid Card Application Form', '0.00', '3', '12', null, null, '2', '0', null, '0', null, '2', null, '2', '1', '0', '0', '0', '0', null, '0', '1', '0', '0', null, '', '0000-00-00', null, null);
INSERT INTO `product` VALUES ('2662', '02012002662', '', null, '0', 'AMEX Platinum Credit Card Application Form', '0.00', '3', '12', null, null, '2', '1', null, '0', null, '2', null, '2', '1', '0', '0', '0', '0', null, '0', '1', '0', '1', null, '', '0000-00-00', null, null);
INSERT INTO `product` VALUES ('2663', '02012002663', '', null, '0', 'AMEX Account Card Application Form', '0.00', '3', '12', null, null, '2', '1', null, '0', null, '2', null, '2', '1', '0', '0', '0', '0', null, '0', '1', '0', '1', null, '', '0000-00-00', null, null);
INSERT INTO `product` VALUES ('2664', '02012002664', '', null, '0', 'VISA Platinum Credit Card Application Form', '0.00', '3', '12', null, null, '2', '0', null, '0', null, '2', null, '2', '1', '0', '0', '0', '0', null, '0', '1', '0', '0', null, '', '0000-00-00', null, null);
INSERT INTO `product` VALUES ('2665', '02012002665', '', null, '0', 'VISA Signature Card Application Form', '0.00', '3', '12', null, null, '2', '0', null, '0', null, '2', null, '2', '1', '0', '0', '0', '0', null, '0', '1', '0', '0', null, '', '0000-00-00', null, null);
INSERT INTO `product` VALUES ('2666', '0207402666', '', null, '0', 'AMEX Platinum Credit Card Statement Paper', '0.00', '3', '74', null, null, '2', '1', null, '0', null, '2', null, '2', '1', '0', '0', '0', '0', null, '0', '1', '0', '1', null, '', '0000-00-00', null, null);
INSERT INTO `product` VALUES ('2667', '02074002667', '', null, '0', 'VISA Platinum Credit Card Statement Paper', '0.00', '3', '74', null, null, '2', '0', null, '0', null, '2', null, '2', '1', '0', '0', '0', '0', null, '0', '1', '0', '0', null, '', '0000-00-00', null, null);
INSERT INTO `product` VALUES ('2668', '02074002668', '', null, '0', 'VISA Signature Credit Card Statement Paper', '0.00', '3', '74', null, null, '2', '0', null, '0', null, '2', null, '2', '1', '0', '0', '0', '0', null, '0', '1', '0', '0', null, '', '0000-00-00', null, null);
INSERT INTO `product` VALUES ('2669', '02010002669', '', null, '0', 'AMEX Platinum Window Envelop for Billing Statement', '0.00', '3', '10', null, null, '2', '1', null, '0', null, '2', null, '2', '1', '0', '0', '0', '0', null, '0', '1', '0', '1', null, '', '0000-00-00', null, null);
INSERT INTO `product` VALUES ('2670', '02010002670', '', null, '0', 'City VISA Platinum Window Envelope for Statement', '0.00', '3', '10', null, null, '2', '0', null, '0', null, '2', null, '2', '1', '0', '0', '0', '0', null, '0', '1', '0', '0', null, '', '0000-00-00', null, null);
INSERT INTO `product` VALUES ('2671', '02010002671', '', null, '0', 'VISA Signature Credit Card Window Envelop for Statement', '0.00', '3', '10', null, null, '2', '0', null, '0', null, '2', null, '2', '1', '0', '0', '0', '0', null, '0', '1', '0', '0', null, '', '0000-00-00', null, null);
INSERT INTO `product` VALUES ('2672', '08039002672', '', null, '0', ' Index File', '0.00', '3', '39', null, null, '8', '1', null, '0', null, '2', null, '2', '1', '0', '0', '0', '0', null, '0', '1', '0', '1', null, '', '0000-00-00', null, null);
INSERT INTO `product` VALUES ('2673', '08041002673', '', null, '0', 'Wall Clock', '0.00', '3', '41', null, null, '8', '0', null, '0', null, '2', null, '2', '1', '0', '0', '0', '0', null, '0', '1', '0', '1', null, '', '0000-00-00', null, null);
INSERT INTO `product` VALUES ('2674', '02058002674', '', null, '0', 'Master Card Prepaid', '0.00', '3', '58', null, null, '2', '0', null, '0', null, '2', null, '2', '1', '0', '0', '0', '0', null, '0', '1', '0', '1', null, '', '0000-00-00', null, null);
INSERT INTO `product` VALUES ('2675', '05088002675', '', null, '0', 'Diesel Generator 60KVA', '0.00', '3', '88', null, null, '5', '0', null, '0', null, '2', null, '2', '1', '0', '0', '0', '0', null, '0', '2', '0', '1', null, '', '0000-00-00', null, null);
INSERT INTO `product` VALUES ('2676', '01079002676', 'High Speed', null, '0', 'Scanner Fujitsu-S300', '0.00', '3', '79', null, null, '1', '0', null, '0', null, '2', null, '2', '1', '0', '0', '0', '0', null, '0', '2', '0', '1', null, '', '0000-00-00', null, null);
INSERT INTO `product` VALUES ('2677', '02005002677', '', null, '0', 'Code of Conduct', '0.00', '3', '5', null, null, '2', '0', null, '0', null, '2', null, '12', '1', '0', '0', '0', '0', null, '0', '1', '0', '1', null, '', '0000-00-00', null, null);
INSERT INTO `product` VALUES ('2678', '05063002678', '', null, '0', 'IVR Prompt', '0.00', '3', '63', null, null, '5', '0', null, '0', null, '2', null, '2', '1', '0', '0', '0', '0', null, '0', '2', '0', '1', null, '', '0000-00-00', null, null);
INSERT INTO `product` VALUES ('2679', '04033002679', '', null, '0', 'Employer Branding Project \\&quot; Dream- Dare-Do\\&quot;', '0.00', '3', '33', null, null, '4', '0', null, '0', null, '2', null, '10', '1', '0', '0', '0', '0', null, '0', '1', '0', '1', null, '', '0000-00-00', null, null);
INSERT INTO `product` VALUES ('2680', '12105002680', '', null, '0', 'Mystery Shopper Survey', '0.00', '3', '105', null, null, '12', '0', null, '0', null, '2', null, '10', '1', '0', '0', '0', '0', null, '0', '1', '0', '1', null, '', '0000-00-00', null, null);
INSERT INTO `product` VALUES ('2681', '02010002681', '', null, '0', 'AMEX Account Card Window Envelop [PIN]', '0.00', '3', '10', null, null, '2', '1', null, '0', null, '2', null, '2', '1', '0', '0', '0', '0', null, '0', '1', '0', '1', null, '', '0000-00-00', null, null);
INSERT INTO `product` VALUES ('2682', '02058002682', '', null, '0', 'AMEX Green Blue Card', '0.00', '3', '58', null, null, '2', '0', null, '0', null, '2', null, '2', '1', '0', '0', '0', '0', null, '0', '1', '0', '1', null, '', '0000-00-00', null, null);
INSERT INTO `product` VALUES ('2683', '01061002683', '', null, '0', 'Printer (Leaser) 2951ND', '0.00', '3', '61', null, null, '1', '0', null, '0', null, '2', null, '2', '1', '0', '0', '0', '0', null, '0', '2', '0', '1', null, '', '0000-00-00', null, null);
INSERT INTO `product` VALUES ('2684', '01061002684', '', null, '0', 'Printer Office Jet', '0.00', '3', '61', null, null, '1', '0', null, '0', null, '2', null, '2', '1', '0', '0', '0', '0', null, '0', '2', '0', '1', null, '', '0000-00-00', null, null);
INSERT INTO `product` VALUES ('2685', '01109002685', '', null, '0', 'E1 Link (E1 telephony)', '0.00', '3', '109', null, null, '1', '1', null, '0', null, '2', null, '1', '1', '0', '0', '0', '0', null, '0', '1', '0', '1', null, '', '0000-00-00', null, null);
INSERT INTO `product` VALUES ('2687', '02010002687', '', null, '0', 'AMEX Corporate Card Window Envelop (Billing Statement)', '0.00', '3', '10', null, null, '2', '0', null, '0', null, '2', null, '2', '1', '0', '0', '0', '0', null, '0', '1', '0', '1', null, '', '0000-00-00', null, null);
INSERT INTO `product` VALUES ('2688', '02057002688', '', null, '0', 'Authorized Signatures Booklet (Signature Card)', '0.00', '3', '57', null, null, '2', '0', null, '0', null, '2', null, '2', '1', '0', '0', '0', '0', null, '0', '1', '0', '1', null, '', '0000-00-00', null, null);
INSERT INTO `product` VALUES ('2689', '02006002689', '', null, '0', 'VISA Generic Brochure', '0.00', '3', '6', null, null, '2', '1', null, '0', null, '2', null, '2', '1', '0', '0', '0', '0', null, '0', '1', '0', '1', null, '', '0000-00-00', null, null);
INSERT INTO `product` VALUES ('2691', '01110002691', '', null, '0', 'Network Cabinet 42U', '0.00', '3', '59', null, null, '1', '2', null, '0', null, '2', null, '2', '1', '0', '0', '0', '0', null, '0', '2', '0', '1', null, '', '0000-00-00', null, null);
INSERT INTO `product` VALUES ('2692', '02057002692', '', null, '0', 'City Gems Priority Banking Debit Card', '0.00', '3', '58', null, null, '2', '1', null, '0', null, '2', null, '2', '1', '0', '0', '0', '0', null, '0', '1', '0', '1', null, '', '0000-00-00', null, null);
INSERT INTO `product` VALUES ('2693', '05111002693', '', null, '0', 'Hand Free Set/Head Set', '0.00', '3', '111', null, null, '5', '0', null, '0', null, '2', null, '2', '1', '0', '0', '0', '0', null, '0', '2', '0', '1', null, '', '0000-00-00', null, null);
INSERT INTO `product` VALUES ('2694', '05076002694', '', null, '0', 'PVC Pipe', '0.00', '3', '76', null, null, '5', '0', null, '0', null, '2', null, '6', '1', '0', '0', '0', '0', null, '0', '2', '1', '1', null, '', '0000-00-00', null, null);
INSERT INTO `product` VALUES ('2695', '01112002695', '', null, '0', 'Call Center Solution for 30 Seats', '0.00', '3', '112', null, null, '1', '0', null, '0', null, '2', null, '1', '1', '0', '0', '0', '0', null, '0', '2', '0', '1', null, '', '0000-00-00', null, null);
INSERT INTO `product` VALUES ('2696', '02010002696', '100 gsm paper', null, '0', 'VISA Window Envelop (Medium) for Card Mailer', '0.00', '3', '10', null, null, '2', '0', null, '0', null, '2', null, '2', '1', '0', '0', '0', '0', null, '0', '1', '0', '1', null, '', '0000-00-00', null, null);
INSERT INTO `product` VALUES ('2700', '03032002700', '', null, '0', 'Dessert Bowl', '0.00', '3', '32', null, null, '3', '0', null, '0', null, '2', null, '2', '1', '0', '0', '0', '0', null, '0', '1', '0', '1', null, '', '0000-00-00', null, null);
INSERT INTO `product` VALUES ('2701', '03032002701', '', null, '0', 'Tea / Coffee Set (15 pcs)', '0.00', '3', '32', null, null, '3', '1', null, '0', null, '2', null, '14', '1', '0', '0', '0', '0', null, '0', '1', '0', '1', null, '', '0000-00-00', null, null);
INSERT INTO `product` VALUES ('2702', '03032002702', '', null, '0', 'Cutlery Set (24 pcs)', '0.00', '3', '32', null, null, '3', '1', null, '0', null, '2', null, '14', '1', '0', '0', '0', '0', null, '0', '1', '0', '1', null, '', '0000-00-00', null, null);
INSERT INTO `product` VALUES ('2703', '03032002703', '', null, '0', 'Induction Cooker', '0.00', '3', '32', null, null, '3', '1', null, '0', null, '2', null, '2', '1', '0', '0', '0', '0', null, '0', '1', '0', '1', null, '', '0000-00-00', null, null);
INSERT INTO `product` VALUES ('2704', '12105002704', '', null, '0', 'CBL Service Quality', '0.00', '3', '105', null, null, '12', '1', null, '0', null, '2', null, '2', '1', '0', '0', '0', '0', null, '0', '1', '0', '1', null, '', '0000-00-00', null, null);
INSERT INTO `product` VALUES ('2705', '01106002705', '', null, '0', 'Operating Software', '0.00', '3', '106', null, null, '1', '0', null, '0', null, '2', null, '10', '1', '0', '0', '0', '0', null, '0', '1', '0', '1', null, '', '0000-00-00', null, null);
INSERT INTO `product` VALUES ('2706', '02022002706', '', null, '0', 'MTO Poster', '0.00', '3', '22', null, null, '2', '1', null, '0', null, '2', null, '2', '1', '0', '0', '0', '0', null, '0', '1', '0', '1', null, '', '0000-00-00', null, null);
INSERT INTO `product` VALUES ('2707', '05084002707', '', null, '0', 'Cash Deposit Machine', '0.00', '3', '84', null, null, '5', '0', null, '0', null, '2', null, '1', '1', '0', '0', '0', '0', null, '0', '2', '0', '1', null, '', '0000-00-00', null, null);
INSERT INTO `product` VALUES ('2708', '01077002708', '', null, '0', 'Offline UPS 1500VA for CCTV purpose', '0.00', '3', '77', null, null, '1', '0', null, '0', null, '2', null, '2', '1', '0', '0', '0', '0', null, '0', '2', '0', '1', null, '', '0000-00-00', null, null);
INSERT INTO `product` VALUES ('2709', '12101002709', '', null, '0', 'Customs Clearing', '0.00', '3', '101', null, null, '12', '0', null, '0', null, '2', null, '10', '1', '0', '0', '0', '0', null, '0', '1', '0', '1', null, '', '0000-00-00', null, null);
INSERT INTO `product` VALUES ('2710', '08041002710', '', null, '0', 'OHP (Over Head Projector) Sheet', '0.00', '3', '41', null, null, '8', '0', null, '0', null, '2', null, '2', '1', '0', '0', '0', '0', null, '0', '1', '0', '1', null, '', '0000-00-00', null, null);
INSERT INTO `product` VALUES ('2711', '02022002711', '', null, '0', 'City VISA Welcome Pack', '0.00', '3', '22', null, null, '2', '0', null, '0', null, '2', null, '2', '1', '0', '0', '0', '0', null, '0', '1', '0', '0', null, '', '0000-00-00', null, null);
INSERT INTO `product` VALUES ('2712', '02012002712', '', null, '0', 'City Maxx Application Form ', '0.00', '3', '12', null, null, '2', '1', null, '0', null, '2', null, '2', '1', '0', '0', '0', '0', null, '0', '1', '0', '0', null, '', '0000-00-00', null, null);
INSERT INTO `product` VALUES ('2713', '02006002713', '', null, '0', 'City Maxx Brochure', '0.00', '3', '6', null, null, '2', '1', null, '0', null, '2', null, '2', '1', '0', '0', '0', '0', null, '0', '1', '0', '0', null, '', '0000-00-00', null, null);
INSERT INTO `product` VALUES ('2715', '03032002715', '', null, '0', 'Flip Chart', '0.00', '3', '32', null, null, '3', '0', null, '0', null, '2', null, '2', '1', '0', '0', '0', '0', null, '0', '1', '0', '1', null, '', '0000-00-00', null, null);
INSERT INTO `product` VALUES ('2717', '01047002717', '', null, '0', 'Online UPS 2KVA', '0.00', '3', '47', null, null, '1', '0', null, '0', null, '2', null, '1', '1', '0', '0', '0', '0', null, '0', '2', '0', '1', null, '', '0000-00-00', null, null);
INSERT INTO `product` VALUES ('2718', '02015002718', '', null, '0', 'AMEX Bill Insert', '0.00', '3', '15', null, null, '2', '0', null, '0', null, '2', null, '2', '1', '0', '0', '0', '0', null, '0', '1', '0', '1', null, '', '0000-00-00', null, null);
INSERT INTO `product` VALUES ('2719', '04033002719', '', null, '0', 'Magnet for Name Tag', '0.00', '3', '33', null, null, '4', '0', null, '0', null, '2', null, '2', '1', '0', '0', '0', '0', null, '0', '1', '0', '1', null, '', '0000-00-00', null, null);
INSERT INTO `product` VALUES ('2720', '12114002720', '', null, '0', 'Expense Management System with Budget Analysis', '0.00', '3', '114', null, null, '12', '0', null, '0', null, '2', null, '10', '1', '0', '0', '0', '0', null, '0', '2', '0', '1', null, '', '0000-00-00', null, null);
INSERT INTO `product` VALUES ('2722', '05036002722', '', null, '0', 'Food Warmer', '0.00', '3', '36', null, null, '5', '0', null, '0', null, '2', null, '2', '1', '0', '0', '0', '0', null, '0', '2', '0', '1', null, '', '0000-00-00', null, null);
INSERT INTO `product` VALUES ('2721', '05107002721', '', null, '0', 'Exit Sign', '0.00', '3', '107', null, null, '5', '0', null, '0', null, '2', null, '2', '1', '0', '0', '0', '0', null, '0', '1', '0', '1', null, '', '0000-00-00', null, null);
INSERT INTO `product` VALUES ('2723', '05036002723', 'For Priority Banking (Gulshan)', null, '0', 'Coffee Maker (Priority Banking)_Big Size', '0.00', '3', '36', null, null, '5', '2', null, '0', null, '2', null, '2', '1', '0', '0', '0', '0', null, '0', '2', '0', '1', null, '', '0000-00-00', null, null);
INSERT INTO `product` VALUES ('2724', '05036002724', 'For Priority Banking (Gulshan, Prabartak &amp; Banani Complex)', null, '0', 'Coffee Maker (Priority Banking)_Small Size', '0.00', '3', '36', null, null, '5', '0', null, '0', null, '2', null, '2', '1', '0', '0', '0', '0', null, '0', '2', '0', '1', null, '', '0000-00-00', null, null);
INSERT INTO `product` VALUES ('2725', '05036002725', '', null, '0', 'Refrigerator (Priority Banking)_Big Size', '0.00', '3', '36', null, null, '5', '0', null, '0', null, '2', null, '2', '1', '0', '0', '0', '0', null, '0', '2', '0', '1', null, '', '0000-00-00', null, null);
INSERT INTO `product` VALUES ('2726', '05036002726', '', null, '0', 'Refrigerator (Priority Banking)_Medium Size', '0.00', '3', '36', null, null, '5', '0', null, '0', null, '2', null, '2', '1', '0', '0', '0', '0', null, '0', '2', '0', '1', null, '', '0000-00-00', null, null);
INSERT INTO `product` VALUES ('2727', '05036002727', '', null, '0', 'Micro Wave Oven_42 Ltr', '0.00', '3', '36', null, null, '5', '0', null, '0', null, '2', null, '2', '1', '0', '0', '0', '0', null, '0', '2', '0', '1', null, '', '0000-00-00', null, null);
INSERT INTO `product` VALUES ('2728', '05036002728', '', null, '0', 'LED 32\\&quot;', '0.00', '3', '36', null, null, '5', '0', null, '0', null, '2', null, '2', '1', '0', '0', '0', '0', null, '0', '2', '0', '1', null, '', '0000-00-00', null, null);
INSERT INTO `product` VALUES ('2729', '05036002729', '', null, '0', 'LED 40\\&quot;', '0.00', '3', '36', null, null, '5', '0', null, '0', null, '2', null, '2', '1', '0', '0', '0', '0', null, '0', '2', '0', '1', null, '', '0000-00-00', null, null);
INSERT INTO `product` VALUES ('2730', '05036002730', '', null, '0', 'LED 55\\&quot;', '0.00', '3', '36', null, null, '5', '0', null, '0', null, '2', null, '2', '1', '0', '0', '0', '0', null, '0', '2', '0', '1', null, '', '0000-00-00', null, null);
INSERT INTO `product` VALUES ('2731', '01001002731', '', null, '0', 'Teleconference Set', '0.00', '3', '1', null, null, '1', '2', null, '0', null, '2', null, '2', '1', '0', '0', '0', '0', null, '0', '2', '0', '1', null, '', '0000-00-00', null, null);
INSERT INTO `product` VALUES ('2732', '01059002732', 'required for LAN (Voice)', null, '0', 'Cable Installation (100 pair) with Panel Box Installation', '0.00', '3', '59', null, null, '1', '0', null, '0', null, '2', null, '10', '1', '0', '0', '0', '0', null, '0', '2', '0', '1', null, '', '0000-00-00', null, null);
INSERT INTO `product` VALUES ('2733', '01059002733', 'required for LAN (Voice)', null, '0', 'Panel Box (for 100 pair cable punching)', '0.00', '3', '59', null, null, '1', '0', null, '0', null, '2', null, '2', '1', '0', '0', '0', '0', null, '0', '2', '0', '1', null, '', '0000-00-00', null, null);
INSERT INTO `product` VALUES ('2734', '01059002734', '', null, '0', 'T &amp; T 100 pair Cable with Flexible Pipe', '0.00', '3', '59', null, null, '1', '0', null, '0', null, '2', null, '6', '1', '0', '0', '0', '0', null, '0', '2', '0', '1', null, '', '0000-00-00', null, null);
INSERT INTO `product` VALUES ('2735', '03032002735', '', null, '0', 'Safe Deposit Locker_Priority Banking Center', '0.00', '3', '32', null, null, '3', '0', null, '0', null, '2', null, '2', '1', '0', '0', '0', '0', null, '0', '2', '0', '1', null, '', '0000-00-00', null, null);
INSERT INTO `product` VALUES ('2736', '03032002736', '', null, '0', 'Vault Door_Priority Banking Center', '0.00', '3', '32', null, null, '3', '0', null, '0', null, '2', null, '2', '1', '0', '0', '0', '0', null, '0', '2', '0', '1', null, '', '0000-00-00', null, null);
INSERT INTO `product` VALUES ('2737', '01061002737', '9 pin Dot Matrix', null, '0', 'POS Printer (DOT Matrix)', '0.00', '3', '61', null, null, '1', '0', null, '0', null, '2', null, '2', '1', '0', '0', '0', '0', null, '0', '2', '0', '1', null, '', '0000-00-00', null, null);
INSERT INTO `product` VALUES ('2738', '03032002738', '', null, '0', 'Plastic Packet for CAD', '0.00', '3', '32', null, null, '3', '0', null, '0', null, '2', null, '2', '1', '0', '0', '0', '0', null, '0', '1', '0', '1', null, '', '0000-00-00', null, null);
INSERT INTO `product` VALUES ('2739', '02006002739', '', null, '0', 'MR (Membership Rewards) Booklet ', '0.00', '3', '6', null, null, '2', '0', null, '0', null, '2', null, '2', '1', '0', '0', '0', '0', null, '0', '1', '0', '1', null, '', '0000-00-00', null, null);
INSERT INTO `product` VALUES ('2740', '02015002740', '', null, '0', 'MR (Membership Rewards) Welcome Letter', '0.00', '3', '15', null, null, '2', '0', null, '0', null, '2', null, '2', '1', '0', '0', '0', '0', null, '0', '1', '0', '1', null, '', '0000-00-00', null, null);
INSERT INTO `product` VALUES ('2741', '04033002741', '', null, '0', 'Pen Drive', '0.00', '3', '33', null, null, '4', '0', null, '0', null, '2', null, '2', '1', '0', '0', '0', '0', null, '0', '1', '0', '1', null, '', '0000-00-00', null, null);
INSERT INTO `product` VALUES ('2742', null, '', null, '0', 'Mobile', null, '3', '0', null, null, '0', '0', null, '0', null, '0', null, null, '1', null, null, null, null, null, '0', '0', '0', '2', null, '', '0000-00-00', null, null);
INSERT INTO `product` VALUES ('2743', '3434', '', null, '2', 'Dell Vostro 3460', null, '5', '101', '20', '0', '0', '1', '18', '0', null, '0', null, '1', '1', '0', '0', '0', null, null, '0', '1', '0', '2', null, '', '0000-00-00', null, null);
INSERT INTO `product` VALUES ('2744', null, '', null, '0', 'mob', null, '3', '0', null, null, '0', '0', null, '0', null, '0', null, null, '1', null, null, null, null, null, '0', '0', '0', '2', null, '', '0000-00-00', null, null);
INSERT INTO `product` VALUES ('2745', null, '', null, '0', 'computer', null, '3', '0', null, null, '0', '0', null, '0', null, '0', null, null, '1', null, null, null, null, null, '0', '0', '0', '2', null, '', '0000-00-00', null, null);
INSERT INTO `product` VALUES ('2746', null, '', null, '0', 'wwwwwwww', null, '3', '0', null, null, '0', '0', null, '0', null, '0', null, null, '1', null, null, null, null, null, '0', '0', '0', '2', null, '', '0000-00-00', null, null);
INSERT INTO `product` VALUES ('2747', null, 'Requisition Product', null, '0', 'rajib', null, '3', null, null, null, null, null, null, null, null, null, null, null, '1', null, null, null, null, null, null, '0', '0', null, null, '', '2013-07-24', null, null);
INSERT INTO `product` VALUES ('2748', null, 'Requisition Product', null, '0', '2543', null, '3', null, null, null, null, null, null, null, null, null, null, null, '1', null, null, null, null, null, null, '0', '0', null, null, '', '2013-07-30', null, null);
INSERT INTO `product` VALUES ('2749', null, 'Requisition Product', null, '0', '1977', null, '3', null, null, null, null, null, null, null, null, null, null, null, '1', null, null, null, null, null, null, '0', '0', null, null, '', '2013-07-30', null, null);
INSERT INTO `product` VALUES ('2750', null, 'Requisition Product', null, '0', '2704', null, '3', null, null, null, null, null, null, null, null, null, null, null, '1', null, null, null, null, null, null, '0', '0', null, null, '', '2013-07-30', null, null);
INSERT INTO `product` VALUES ('2751', null, 'Requisition Product', null, '0', '2642', null, '3', null, null, null, null, null, null, null, null, null, null, null, '1', null, null, null, null, null, null, '0', '0', null, null, '', '2013-07-30', null, null);
INSERT INTO `product` VALUES ('2752', null, 'Requisition Product', null, '0', '1951', null, '3', null, null, null, null, null, null, null, null, null, null, null, '1', null, null, null, null, null, null, '0', '0', null, null, '', '2013-07-30', null, null);
INSERT INTO `product` VALUES ('2753', null, 'Requisition Product', null, '0', '1266', null, '3', null, null, null, null, null, null, null, null, null, null, null, '1', null, null, null, null, null, null, '0', '0', null, null, '', '2013-07-30', null, null);
INSERT INTO `product` VALUES ('2754', null, 'Requisition Product', null, '0', '$product[$key]', null, null, null, null, null, null, null, null, null, null, null, null, null, '1', null, null, null, null, null, null, '0', '0', null, null, '$employeeId', '2013-09-10', null, null);
INSERT INTO `product` VALUES ('2755', '233', 'Requisition Product', null, '20', 'Dell PC Model-403', null, '5', '11', '20', '0', null, '1', '18', null, null, null, null, '1', '1', '0', '0', '0', null, null, null, '1', '0', null, null, '18', '2013-09-10', null, null);
INSERT INTO `product` VALUES ('2756', null, 'Requisition Product', null, '0', 'sdsdasdsa', null, null, null, null, null, null, null, null, null, null, null, null, null, '1', null, null, null, null, null, null, '0', '0', null, null, '18', '2013-09-10', null, null);
INSERT INTO `product` VALUES ('2757', null, 'Requisition Product', null, '0', 'ccccccccccccccccccccc', null, null, null, null, null, null, null, null, null, null, null, null, null, '1', null, null, null, null, null, null, '0', '0', null, null, '18', '2013-09-10', null, null);
INSERT INTO `product` VALUES ('2758', null, 'Requisition Product', null, '0', '8 person Work Station', null, null, null, null, null, null, null, null, null, null, null, null, null, '1', null, null, null, null, null, null, '0', '0', null, null, '18', '2013-09-10', null, null);
INSERT INTO `product` VALUES ('2759', null, 'Requisition Product', null, '0', 'Blank DVD (ReWritable) (Verbatin)', null, null, null, null, null, null, null, null, null, null, null, null, null, '1', null, null, null, null, null, null, '0', '0', null, null, '18', '2013-09-10', null, null);
INSERT INTO `product` VALUES ('2760', null, 'Requisition Product', null, '0', 'Online UPS- back up 2 hours full load', null, null, null, null, null, null, null, null, null, null, null, null, null, '1', null, null, null, null, null, null, '0', '0', null, null, '18', '2013-09-10', null, null);
INSERT INTO `product` VALUES ('2761', '11192761', '', null, '0', 'Dell-102', null, '5', '101', '20', '0', null, '1', '18', null, null, null, null, '2', '1', '0', '0', '0', null, null, null, '1', '0', null, null, '', '0000-00-00', null, null);
INSERT INTO `product` VALUES ('2762', '11192762', '', null, '0', 'Server Dell', null, '5', '101', '20', '0', null, '1', '18', null, null, null, null, '1', '1', '0', '0', '0', null, null, null, '1', '0', null, null, '', '0000-00-00', null, null);
INSERT INTO `product` VALUES ('2763', 'Test', '', null, '0', 'kkkkkkkkkkk', null, null, null, null, null, null, null, null, null, null, null, null, null, '1', null, null, null, null, null, null, '0', '0', null, null, '', '0000-00-00', null, null);
INSERT INTO `product` VALUES ('2764', 'Test', '', null, '0', 'kkkkkkkkkkk', null, null, null, null, null, null, null, null, null, null, null, null, null, '1', null, null, null, null, null, null, '0', '0', null, null, '', '0000-00-00', null, null);
INSERT INTO `product` VALUES ('2765', 'Test', '', null, '0', 'kkkkkkkkkkk', null, null, null, null, null, null, null, null, null, null, null, null, null, '1', null, null, null, null, null, null, '0', '0', null, null, '', '0000-00-00', null, null);
INSERT INTO `product` VALUES ('2766', 'Test', '', null, '0', 'kkkkkkkkkkk', null, null, null, null, null, null, null, null, null, null, null, null, null, '1', null, null, null, null, null, null, '0', '0', null, null, '', '0000-00-00', null, null);
INSERT INTO `product` VALUES ('2767', 'Test', '', null, '0', 'kkkkkkkkkkk', null, null, null, null, null, null, null, null, null, null, null, null, null, '1', null, null, null, null, null, null, '0', '0', null, null, '', '0000-00-00', null, null);
INSERT INTO `product` VALUES ('2768', 'Test', '', null, '0', 'sssssssssssssssssss', null, null, null, null, null, null, null, null, null, null, null, null, null, '1', null, null, null, null, null, null, '0', '0', null, null, '', '0000-00-00', null, null);
INSERT INTO `product` VALUES ('2769', 'Test', '', null, '0', 'sssssssss', null, null, null, null, null, null, null, null, null, null, null, null, null, '1', null, null, null, null, null, null, '0', '0', null, null, '', '0000-00-00', null, null);
INSERT INTO `product` VALUES ('2770', 'Test', '', null, '0', 'wwwwwwwwwwwwww', null, null, null, null, null, null, null, null, null, null, null, null, null, '1', null, null, null, null, null, null, '0', '0', null, null, '', '0000-00-00', null, null);
INSERT INTO `product` VALUES ('2771', 'Test', '', null, '0', 'wwwwwwwwwwwwww', null, null, null, null, null, null, null, null, null, null, null, null, null, '1', null, null, null, null, null, null, '0', '0', null, null, '', '0000-00-00', null, null);
INSERT INTO `product` VALUES ('2772', 'Test', '', null, '0', 'wwwwwwwwwwwwww', null, null, null, null, null, null, null, null, null, null, null, null, null, '1', null, null, null, null, null, null, '0', '0', null, null, '', '0000-00-00', null, null);
INSERT INTO `product` VALUES ('2773', 'Test', '', null, '0', 'wwwwwwwwwwwwww', null, null, null, null, null, null, null, null, null, null, null, null, null, '1', null, null, null, null, null, null, '0', '0', null, null, '', '0000-00-00', null, null);
INSERT INTO `product` VALUES ('2774', 'Test', '', null, '0', 'rrrrrrrrrrrrrrrrr', null, null, null, null, null, null, null, null, null, null, null, null, null, '1', null, null, null, null, null, null, '0', '0', null, null, '', '0000-00-00', null, null);
INSERT INTO `product` VALUES ('2775', 'Test', '', null, '0', 'gggggggggggggggggggggg', null, null, null, null, null, null, null, null, null, null, null, null, null, '1', null, null, null, null, null, null, '0', '0', null, null, '', '0000-00-00', null, null);
INSERT INTO `product` VALUES ('2776', 'Test', '', null, '0', 'xxxxxxxxxxxxxxx', null, null, null, null, null, null, null, null, null, null, null, null, null, '1', null, null, null, null, null, null, '0', '0', null, null, '', '0000-00-00', null, null);
INSERT INTO `product` VALUES ('2777', 'Test', 'Gad Brand', null, '0', 'asasa', null, null, null, null, null, null, null, null, null, null, null, null, null, '1', null, null, null, null, null, null, '0', '0', null, null, '', '0000-00-00', null, null);
INSERT INTO `product` VALUES ('2778', 'Test', 'Gad Brand', null, '0', 'T-Shirt XL', null, null, null, null, null, null, null, null, null, null, null, null, null, '1', null, null, null, null, null, null, '0', '0', null, null, '', '0000-00-00', null, null);
INSERT INTO `product` VALUES ('2779', 'Test', 'Gad Brand', null, '0', 'mobile c', null, null, null, null, null, null, '1', null, null, null, null, null, null, '1', null, null, null, null, null, null, '0', '0', null, null, '', '0000-00-00', null, null);

-- ----------------------------
-- Table structure for `product_brand`
-- ----------------------------
DROP TABLE IF EXISTS `product_brand`;
CREATE TABLE `product_brand` (
  `Product_Brand_ID` int(10) unsigned NOT NULL AUTO_INCREMENT,
  `Product_Brand_NAME` varchar(80) NOT NULL,
  `CATEGORY_ID` int(11) DEFAULT NULL,
  `MAIN_CATEGORY_ID` int(11) NOT NULL,
  `CREATED_BY` varchar(255) CHARACTER SET latin1 DEFAULT NULL,
  `CREATED_DATE` datetime DEFAULT NULL,
  `MODIFY_BY` varchar(255) CHARACTER SET latin1 DEFAULT NULL,
  `MODIFY_DATE` datetime DEFAULT NULL,
  PRIMARY KEY (`Product_Brand_ID`)
) ENGINE=MyISAM AUTO_INCREMENT=21 DEFAULT CHARSET=utf8;

-- ----------------------------
-- Records of product_brand
-- ----------------------------
INSERT INTO `product_brand` VALUES ('14', 'Folder', '39', '3', null, null, null, null);
INSERT INTO `product_brand` VALUES ('4', 'Share', '2', '1', null, null, null, null);
INSERT INTO `product_brand` VALUES ('6', 'Advance', '2', '2', null, null, null, null);
INSERT INTO `product_brand` VALUES ('16', 'Dell', '33', '4', null, null, null, null);
INSERT INTO `product_brand` VALUES ('18', 'LG', '32', '3', null, null, null, null);

-- ----------------------------
-- Table structure for `product_group`
-- ----------------------------
DROP TABLE IF EXISTS `product_group`;
CREATE TABLE `product_group` (
  `PRODUCT_GROUP_ID` int(2) NOT NULL AUTO_INCREMENT,
  `GROUP_NAME` varchar(100) NOT NULL,
  `CREATED_BY` varchar(50) DEFAULT NULL,
  `CREATED_DATE` datetime DEFAULT NULL,
  `MODIFY_BY` varchar(50) DEFAULT NULL,
  `MODIFY_DATE` datetime DEFAULT NULL,
  PRIMARY KEY (`PRODUCT_GROUP_ID`)
) ENGINE=InnoDB AUTO_INCREMENT=3 DEFAULT CHARSET=latin1;

-- ----------------------------
-- Records of product_group
-- ----------------------------
INSERT INTO `product_group` VALUES ('1', 'OPEX', null, null, null, null);
INSERT INTO `product_group` VALUES ('2', 'CAPEX', null, null, null, null);

-- ----------------------------
-- Table structure for `product_group_copy`
-- ----------------------------
DROP TABLE IF EXISTS `product_group_copy`;
CREATE TABLE `product_group_copy` (
  `PRODUCT_GROUP_ID` int(2) NOT NULL AUTO_INCREMENT,
  `PRODUCT_GROUP_NAME` varchar(100) NOT NULL,
  `CREATED_BY` varchar(50) NOT NULL,
  `CREATED_DATE` date NOT NULL,
  `MODIFY_BY` varchar(50) DEFAULT NULL,
  `MODIFY_DATE` date DEFAULT NULL,
  PRIMARY KEY (`PRODUCT_GROUP_ID`)
) ENGINE=MyISAM AUTO_INCREMENT=3 DEFAULT CHARSET=latin1;

-- ----------------------------
-- Records of product_group_copy
-- ----------------------------
INSERT INTO `product_group_copy` VALUES ('1', 'OpEx', '', '0000-00-00', null, null);
INSERT INTO `product_group_copy` VALUES ('2', 'CapEx', '', '0000-00-00', null, null);

-- ----------------------------
-- Table structure for `product_type`
-- ----------------------------
DROP TABLE IF EXISTS `product_type`;
CREATE TABLE `product_type` (
  `PRODUCT_TYPE_ID` int(11) NOT NULL DEFAULT '0',
  `PRODUCT_TYPE_NAME` varchar(255) DEFAULT NULL,
  `CREATED_BY` varchar(255) DEFAULT NULL,
  `CREATED_DATE` datetime DEFAULT NULL,
  `MODIFY_BY` varchar(255) DEFAULT NULL,
  `MODIFY_DATE` datetime DEFAULT NULL,
  PRIMARY KEY (`PRODUCT_TYPE_ID`)
) ENGINE=InnoDB DEFAULT CHARSET=latin1;

-- ----------------------------
-- Records of product_type
-- ----------------------------
INSERT INTO `product_type` VALUES ('1', 'Store', null, null, null, null);
INSERT INTO `product_type` VALUES ('2', 'Purchase', null, null, null, null);

-- ----------------------------
-- Table structure for `purchaseorder_item_delivery`
-- ----------------------------
DROP TABLE IF EXISTS `purchaseorder_item_delivery`;
CREATE TABLE `purchaseorder_item_delivery` (
  `poid` int(10) unsigned NOT NULL,
  `orderid` int(11) DEFAULT NULL,
  `supplierid` int(11) DEFAULT NULL,
  `productid` varchar(32) NOT NULL,
  `quantity` int(10) NOT NULL,
  `receive_date` date DEFAULT NULL,
  `expire_date` date NOT NULL,
  `challanno` varchar(100) DEFAULT NULL,
  `unitprice` decimal(12,2) DEFAULT NULL,
  `status` int(11) DEFAULT NULL
) ENGINE=MyISAM DEFAULT CHARSET=utf8;

-- ----------------------------
-- Records of purchaseorder_item_delivery
-- ----------------------------
INSERT INTO `purchaseorder_item_delivery` VALUES ('8', '16', '1', '631', '1', null, '0000-00-00', null, '4.00', '4');
INSERT INTO `purchaseorder_item_delivery` VALUES ('9', '55', '1', '638', '4', '2013-07-30', '0000-00-00', '', '25000.00', '5');
INSERT INTO `purchaseorder_item_delivery` VALUES ('9', '55', '1', '639', '2', '2013-07-30', '2013-07-17', '111', '11000.00', '5');
INSERT INTO `purchaseorder_item_delivery` VALUES ('10', '56', '1', '638', '2', '2013-07-30', '0000-00-00', '', '25000.00', '5');
INSERT INTO `purchaseorder_item_delivery` VALUES ('10', '56', '1', '639', '2', '2013-07-30', '0000-00-00', '54611', '11000.00', '5');
INSERT INTO `purchaseorder_item_delivery` VALUES ('12', '59', '1', '633', '2', '2013-08-03', '0000-00-00', '', '10000.00', '5');
INSERT INTO `purchaseorder_item_delivery` VALUES ('12', '59', '1', '634', '2', null, '0000-00-00', null, '20000.00', '4');
INSERT INTO `purchaseorder_item_delivery` VALUES ('18', '101', '3', '630', '1000', '2013-09-03', '0000-00-00', 'gngfngn', '13.00', '5');
INSERT INTO `purchaseorder_item_delivery` VALUES ('19', '96', '1', '636', '2', '2013-09-03', '0000-00-00', 'ppp', '22.00', '5');
INSERT INTO `purchaseorder_item_delivery` VALUES ('22', '98', '1', '26', '1111', '2013-09-03', '0000-00-00', 'llllll', '50.00', '5');
INSERT INTO `purchaseorder_item_delivery` VALUES ('22', '98', '1', '26', '89', '2013-09-03', '0000-00-00', 'llllll', '50.00', '5');
INSERT INTO `purchaseorder_item_delivery` VALUES ('22', '98', '1', '26', '10', '2013-09-03', '0000-00-00', 'llllll', '50.00', '5');
INSERT INTO `purchaseorder_item_delivery` VALUES ('22', '98', '1', '26', '11', '2013-09-03', '0000-00-00', 'llllll', '50.00', '5');
INSERT INTO `purchaseorder_item_delivery` VALUES ('22', '98', '1', '26', '9', '2013-09-03', '0000-00-00', 'llllll', '50.00', '5');
INSERT INTO `purchaseorder_item_delivery` VALUES ('22', '98', '1', '26', '2', null, '0000-00-00', null, '50.00', '4');
INSERT INTO `purchaseorder_item_delivery` VALUES ('23', '102', '4', '638', '1', '2013-09-03', '0000-00-00', '\'p;llllllll', '55.00', '5');
INSERT INTO `purchaseorder_item_delivery` VALUES ('24', '104', '1', '29', '2', null, '0000-00-00', null, '0.00', '4');
INSERT INTO `purchaseorder_item_delivery` VALUES ('24', '104', '1', '636', '2', null, '0000-00-00', null, '22.00', '4');
INSERT INTO `purchaseorder_item_delivery` VALUES ('24', '104', '1', '638', '2', null, '0000-00-00', null, '0.00', '4');
INSERT INTO `purchaseorder_item_delivery` VALUES ('25', '108', '1', '11', '3', '2013-09-03', '0000-00-00', '', '122.00', '5');
INSERT INTO `purchaseorder_item_delivery` VALUES ('25', '108', '1', '29', '3', '2013-09-03', '0000-00-00', '', '222.00', '5');
INSERT INTO `purchaseorder_item_delivery` VALUES ('25', '108', '1', '638', '3', '2013-09-03', '0000-00-00', '', '22.00', '5');

-- ----------------------------
-- Table structure for `purchase_order`
-- ----------------------------
DROP TABLE IF EXISTS `purchase_order`;
CREATE TABLE `purchase_order` (
  `purchase_order_id` int(10) unsigned NOT NULL AUTO_INCREMENT,
  `order_no` int(11) DEFAULT NULL,
  `module` varchar(50) DEFAULT NULL,
  `comparison_id` int(11) DEFAULT NULL,
  `supplier_id` int(10) unsigned NOT NULL,
  `order_date` date DEFAULT NULL,
  `cancelled` smallint(5) unsigned DEFAULT '0',
  `orderids` varchar(100) DEFAULT NULL,
  `office_type` int(11) DEFAULT NULL,
  `branch_dept_id` int(11) DEFAULT NULL,
  `supp_ref` varchar(100) DEFAULT NULL,
  `discount` decimal(10,5) NOT NULL DEFAULT '0.00000',
  `vat` decimal(10,5) NOT NULL DEFAULT '0.00000',
  `purchase_order_status` int(11) DEFAULT '1' COMMENT '1New,2Deli,3rejet,4recei,5close',
  `delivery_date` date DEFAULT NULL,
  `total_discount` decimal(10,4) DEFAULT NULL,
  `total_val` decimal(10,4) DEFAULT NULL,
  `created_by` varchar(50) DEFAULT NULL,
  `created_date` date DEFAULT NULL,
  `modify_by` varchar(50) DEFAULT NULL,
  `modify_date` date DEFAULT NULL,
  PRIMARY KEY (`purchase_order_id`),
  KEY `fk_purchaseorder_supplier` (`supplier_id`),
  KEY `fk_purchaseorder_payable` (`orderids`),
  KEY `createdby` (`created_by`)
) ENGINE=MyISAM AUTO_INCREMENT=26 DEFAULT CHARSET=utf8;

-- ----------------------------
-- Records of purchase_order
-- ----------------------------
INSERT INTO `purchase_order` VALUES ('1', '2013000001', null, '54', '2', '2013-07-23', '0', '52,52', '2', '4', '', '0.00000', '0.00000', '1', null, '0.0000', '0.0000', 'el04', null, null, null);
INSERT INTO `purchase_order` VALUES ('2', '2013000002', null, '54', '2', '2013-07-23', '0', '52,52', '2', '4', '', '0.00000', '0.00000', '1', null, '0.0000', '0.0000', '03', null, null, null);
INSERT INTO `purchase_order` VALUES ('3', '2013000003', null, '55', '3', '2013-07-23', '0', '53,53', '2', '4', '', '0.00000', '0.00000', '1', null, '0.0000', '0.0000', '03', null, null, null);
INSERT INTO `purchase_order` VALUES ('4', '2013000004', null, '55', '3', '2013-07-23', '0', '53,53', '2', '4', '', '0.00000', '0.00000', '4', null, '0.0000', '0.0000', 'el04', null, null, null);
INSERT INTO `purchase_order` VALUES ('5', '2013000005', null, '56', '1', '2013-07-27', '0', '54,54', '2', '4', '', '0.00000', '0.00000', '4', null, '0.0000', '0.0000', 'el04', null, null, null);
INSERT INTO `purchase_order` VALUES ('6', '2013000006', null, '54', '3', '2013-07-27', '0', '', '0', '0', '', '0.00000', '0.00000', '1', null, '0.0000', '0.0000', 'el04', null, null, null);
INSERT INTO `purchase_order` VALUES ('7', '2013000007', null, '57', '1', '2013-07-27', '0', '', '0', '0', '', '0.00000', '0.00000', '4', null, '0.0000', '0.0000', 'el04', null, null, null);
INSERT INTO `purchase_order` VALUES ('8', '2013000008', null, '58', '1', '2013-07-28', '0', '', '0', '0', 'Quotation dated 02/8/11', '0.00000', '0.00000', '4', null, '0.0000', '0.0000', 'fmd', null, null, null);
INSERT INTO `purchase_order` VALUES ('9', '2013000009', null, '60', '1', '2013-07-29', '0', '', '0', '0', 'Quotation dt.02/8/11', '0.00000', '0.00000', '4', null, '0.0000', '0.0000', 'el04', null, null, null);
INSERT INTO `purchase_order` VALUES ('10', '2013000010', null, '61', '1', '2013-07-30', '0', '', '0', '0', '', '0.00000', '0.00000', '4', null, '0.0000', '0.0000', 'el04', null, null, null);
INSERT INTO `purchase_order` VALUES ('11', '2013000011', null, '62', '1', '2013-08-03', '0', '', '0', '0', '', '0.00000', '0.00000', '4', null, '0.0000', '0.0000', 'el04', null, null, null);
INSERT INTO `purchase_order` VALUES ('12', '2013000012', null, '64', '1', '2013-08-03', '0', '', '0', '0', '', '0.00000', '0.00000', '4', null, '0.0000', '0.0000', 'co04', null, null, null);
INSERT INTO `purchase_order` VALUES ('13', '2013000013', null, '63', '1', '2013-08-03', '0', '', '0', '0', '', '0.00000', '0.00000', '3', null, '0.0000', '0.0000', 'co04', null, null, null);
INSERT INTO `purchase_order` VALUES ('14', '2013000014', null, '53', '2', '2013-08-18', '0', '', '0', '0', '', '0.00000', '0.00000', '1', null, '0.0000', '0.0000', 'el04', null, null, null);
INSERT INTO `purchase_order` VALUES ('15', '2013000015', null, '70', '3', '2013-09-03', '0', '', '0', '0', 'Quotation date 27/9/11', '0.00000', '0.00000', '1', null, '0.0000', '0.0000', '655', null, null, null);
INSERT INTO `purchase_order` VALUES ('16', '2013000016', null, '70', '3', '2013-09-03', '0', '', '0', '0', 'Quotation date 27/9/11', '0.00000', '0.00000', '1', null, '0.0000', '0.0000', '655', null, null, null);
INSERT INTO `purchase_order` VALUES ('17', '2013000017', null, '70', '3', '2013-09-03', '0', '', '0', '0', 'Quotation date 27/9/11', '0.00000', '0.00000', '1', null, '0.0000', '0.0000', '655', null, null, null);
INSERT INTO `purchase_order` VALUES ('18', '2013000018', null, '70', '3', '2013-09-03', '0', '', '0', '0', 'Quotation date 27/9/11', '0.00000', '0.00000', '4', null, '0.0000', '0.0000', '655', null, null, null);
INSERT INTO `purchase_order` VALUES ('19', '2013000019', null, '73', '1', '2013-09-03', '0', '', '0', '0', 'LQ/TCB/11/29M dated 12-Jun-11', '0.00000', '0.00000', '4', null, '0.0000', '0.0000', '632', null, null, null);
INSERT INTO `purchase_order` VALUES ('20', '2013000020', null, '73', '4', '2013-09-03', '0', '', '0', '0', 'LQ/TCB/11/29M dated 12-Jun-11', '5.00000', '2.00000', '2', null, '5.5000', '2.2000', '632', null, null, null);
INSERT INTO `purchase_order` VALUES ('21', '2013000021', null, '73', '8', '2013-09-03', '0', '', '0', '0', 'LQ/TCB/11/29M dated 12-Jun-11', '0.00000', '0.00000', '2', null, '0.0000', '0.0000', '632', null, null, null);
INSERT INTO `purchase_order` VALUES ('22', '2013000022', null, '74', '1', '2013-09-03', '0', '', '0', '0', '13/3/11', '0.00000', '0.00000', '4', null, '0.0000', '0.0000', '652', null, null, null);
INSERT INTO `purchase_order` VALUES ('23', '2013000023', null, '75', '4', '2013-09-03', '0', '', '0', '0', '23/10/11', '0.00000', '0.00000', '4', null, '0.0000', '0.0000', '631', null, null, null);
INSERT INTO `purchase_order` VALUES ('24', '2013000024', null, '76', '1', '2013-09-03', '0', '', '0', '0', '', '0.00000', '0.00000', '4', null, '0.0000', '0.0000', '657', null, null, null);
INSERT INTO `purchase_order` VALUES ('25', '2013000025', null, '77', '1', '2013-09-03', '0', '', '0', '0', '', '0.00000', '0.00000', '4', null, '0.0000', '0.0000', '631', null, null, null);

-- ----------------------------
-- Table structure for `purchase_order_delivery`
-- ----------------------------
DROP TABLE IF EXISTS `purchase_order_delivery`;
CREATE TABLE `purchase_order_delivery` (
  `poid` int(10) unsigned NOT NULL,
  `orderid` int(11) DEFAULT NULL,
  `supplierid` int(11) DEFAULT NULL,
  `productid` varchar(32) NOT NULL,
  `quantity` int(10) NOT NULL,
  `receive_date` date DEFAULT NULL,
  `challanno` varchar(100) DEFAULT NULL,
  `unitprice` decimal(12,2) DEFAULT NULL,
  `status` int(11) DEFAULT NULL
) ENGINE=MyISAM DEFAULT CHARSET=utf8;

-- ----------------------------
-- Records of purchase_order_delivery
-- ----------------------------

-- ----------------------------
-- Table structure for `purchase_order_details`
-- ----------------------------
DROP TABLE IF EXISTS `purchase_order_details`;
CREATE TABLE `purchase_order_details` (
  `purchase_order_details_id` int(10) unsigned NOT NULL,
  `purchase_order_id` int(11) DEFAULT NULL,
  `office_type_id` int(11) DEFAULT NULL,
  `branch_dept_id` int(11) DEFAULT NULL,
  `product_id` varchar(32) NOT NULL,
  `qty` int(10) NOT NULL,
  `unit_price` decimal(12,2) DEFAULT NULL,
  `discount` decimal(12,6) NOT NULL DEFAULT '0.000000',
  `details_status` int(11) DEFAULT NULL
) ENGINE=MyISAM DEFAULT CHARSET=utf8;

-- ----------------------------
-- Records of purchase_order_details
-- ----------------------------
INSERT INTO `purchase_order_details` VALUES ('0', '6', '1', '0', '636', '2', '50000.00', '0.000000', '5');
INSERT INTO `purchase_order_details` VALUES ('0', '7', '1', '0', '636', '2', '49000.00', '0.000000', '5');
INSERT INTO `purchase_order_details` VALUES ('0', '7', '1', '0', '637', '2', '19000.00', '0.000000', '5');
INSERT INTO `purchase_order_details` VALUES ('0', '8', '1', '0', '631', '10', '4.00', '0.000000', '5');
INSERT INTO `purchase_order_details` VALUES ('0', '9', '1', '0', '638', '4', '25000.00', '0.000000', '5');
INSERT INTO `purchase_order_details` VALUES ('0', '9', '1', '0', '639', '2', '11000.00', '0.000000', '5');
INSERT INTO `purchase_order_details` VALUES ('0', '10', '1', '0', '638', '4', '25000.00', '0.000000', '5');
INSERT INTO `purchase_order_details` VALUES ('0', '10', '1', '0', '639', '4', '11000.00', '0.000000', '5');
INSERT INTO `purchase_order_details` VALUES ('0', '11', '1', '0', '638', '2', '25000.00', '0.000000', '5');
INSERT INTO `purchase_order_details` VALUES ('0', '11', '1', '0', '639', '1', '11000.00', '0.000000', '5');
INSERT INTO `purchase_order_details` VALUES ('0', '12', '1', '0', '633', '2', '10000.00', '0.000000', '5');
INSERT INTO `purchase_order_details` VALUES ('0', '12', '1', '0', '634', '2', '20000.00', '0.000000', '5');
INSERT INTO `purchase_order_details` VALUES ('0', '13', '1', '0', '633', '4', '18000.00', '0.000000', '5');
INSERT INTO `purchase_order_details` VALUES ('0', '13', '1', '0', '634', '4', '30000.00', '0.000000', '5');
INSERT INTO `purchase_order_details` VALUES ('0', '14', '1', '0', '633', '1', '20000.00', '0.000000', '5');
INSERT INTO `purchase_order_details` VALUES ('0', '15', '1', '0', '630', '1000', '13.00', '0.000000', '5');
INSERT INTO `purchase_order_details` VALUES ('0', '16', '1', '0', '630', '1000', '13.00', '0.000000', '5');
INSERT INTO `purchase_order_details` VALUES ('0', '17', '1', '0', '630', '1000', '13.00', '0.000000', '5');
INSERT INTO `purchase_order_details` VALUES ('0', '18', '1', '0', '630', '1000', '13.00', '0.000000', '5');
INSERT INTO `purchase_order_details` VALUES ('0', '19', '1', '0', '636', '2', '22.00', '0.000000', '5');
INSERT INTO `purchase_order_details` VALUES ('0', '20', '1', '0', '638', '2', '55.00', '0.000000', '5');
INSERT INTO `purchase_order_details` VALUES ('0', '21', '1', '0', '639', '2', '88.00', '0.000000', '5');
INSERT INTO `purchase_order_details` VALUES ('0', '22', '1', '0', '26', '1500', '50.00', '0.000000', '5');
INSERT INTO `purchase_order_details` VALUES ('0', '23', '1', '0', '638', '1', '55.00', '0.000000', '5');
INSERT INTO `purchase_order_details` VALUES ('0', '24', '1', '0', '29', '50', '0.00', '0.000000', '5');
INSERT INTO `purchase_order_details` VALUES ('0', '24', '1', '0', '636', '20', '22.00', '0.000000', '5');
INSERT INTO `purchase_order_details` VALUES ('0', '24', '1', '0', '638', '22', '0.00', '0.000000', '5');
INSERT INTO `purchase_order_details` VALUES ('0', '25', '1', '0', '11', '3', '122.00', '0.000000', '5');
INSERT INTO `purchase_order_details` VALUES ('0', '25', '1', '0', '29', '3', '222.00', '0.000000', '5');
INSERT INTO `purchase_order_details` VALUES ('0', '25', '1', '0', '638', '3', '22.00', '0.000000', '5');

-- ----------------------------
-- Table structure for `religion`
-- ----------------------------
DROP TABLE IF EXISTS `religion`;
CREATE TABLE `religion` (
  `RELIGION_ID` int(10) NOT NULL,
  `RELIGION_NAME` varchar(100) DEFAULT NULL COMMENT 'Religion Name,y,Y,,,20,1',
  `CREATED_DATE` datetime NOT NULL,
  `MODIFY_BY` varchar(50) DEFAULT NULL,
  `MODIFY_DATE` date DEFAULT NULL,
  `CREATED_BY` varchar(50) NOT NULL,
  PRIMARY KEY (`RELIGION_ID`)
) ENGINE=InnoDB DEFAULT CHARSET=utf8;

-- ----------------------------
-- Records of religion
-- ----------------------------
INSERT INTO `religion` VALUES ('2', 'Muslim', '2013-04-23 00:00:00', null, null, 'admin');
INSERT INTO `religion` VALUES ('5', 'Sunni', '2013-06-15 00:00:00', '2013-06-15', null, 'admin');

-- ----------------------------
-- Table structure for `request_list`
-- ----------------------------
DROP TABLE IF EXISTS `request_list`;
CREATE TABLE `request_list` (
  `REQUEST_LIST_ID` int(11) NOT NULL DEFAULT '0',
  `REQUEST_COMMENT` varchar(250) DEFAULT NULL,
  `REQUEST_STATUS` int(2) DEFAULT NULL,
  `REQUEST_TYPE` int(2) NOT NULL,
  `CREATED_BY` varchar(255) NOT NULL,
  `CREATED_DATE` datetime NOT NULL,
  `MODIFY_BY` varchar(255) DEFAULT NULL,
  `MODIFY_DATE` datetime DEFAULT NULL,
  PRIMARY KEY (`REQUEST_LIST_ID`)
) ENGINE=InnoDB DEFAULT CHARSET=latin1;

-- ----------------------------
-- Records of request_list
-- ----------------------------
INSERT INTO `request_list` VALUES ('1', ' pls add Mobile Nokia Model-2011', '0', '1', '2010441', '2013-03-17 17:27:15', null, null);

-- ----------------------------
-- Table structure for `request_type`
-- ----------------------------
DROP TABLE IF EXISTS `request_type`;
CREATE TABLE `request_type` (
  `REQUEST_TYPE_ID` int(11) NOT NULL DEFAULT '0',
  `REQUEST_NAME` varchar(255) DEFAULT NULL,
  `CREATED_BY` varchar(255) DEFAULT NULL,
  `CREATED_DATE` datetime DEFAULT NULL,
  `MODIFY_BY` varchar(255) DEFAULT NULL,
  `MODIFY_DATE` datetime DEFAULT NULL,
  PRIMARY KEY (`REQUEST_TYPE_ID`)
) ENGINE=InnoDB DEFAULT CHARSET=latin1;

-- ----------------------------
-- Records of request_type
-- ----------------------------
INSERT INTO `request_type` VALUES ('1', 'Product', null, null, null, null);

-- ----------------------------
-- Table structure for `requisition`
-- ----------------------------
DROP TABLE IF EXISTS `requisition`;
CREATE TABLE `requisition` (
  `REQUISITION_ID` int(10) unsigned NOT NULL,
  `REQUISITION_NO` int(11) DEFAULT NULL,
  `PARENT_REQUISITION_ID` int(11) DEFAULT NULL,
  `REFERENCE` varchar(256) DEFAULT NULL COMMENT 'Requisition From Dept',
  `REFERENCE_REQ_NO` varchar(11) DEFAULT NULL,
  `REQUISITION_DATE` date NOT NULL DEFAULT '0000-00-00',
  `EXPECTED_DATE` date DEFAULT NULL,
  `BRANCH_DEPT_ID` int(11) DEFAULT NULL,
  `OFFICE_TYPE_ID` int(11) NOT NULL,
  `DIVISION_ID` int(11) NOT NULL,
  `COSTCENTER_ID` int(11) NOT NULL,
  `ISCANCELLED` int(1) unsigned NOT NULL DEFAULT '0',
  `USER_COMMENT` varchar(256) DEFAULT NULL,
  `PRESENT_LOCATION_ID` int(10) unsigned DEFAULT '1',
  `USER_LEVEL_ID` int(2) DEFAULT NULL,
  `REQUISITION_STATUS_ID` int(1) NOT NULL,
  `PRIORITY_ID` int(11) NOT NULL,
  `SPECIFICATION` varchar(256) DEFAULT NULL,
  `JUSTIFICATION` varchar(250) DEFAULT NULL,
  `IS_CLOSE` int(1) NOT NULL DEFAULT '0',
  `REQUISITION_TYPE_ID` int(11) DEFAULT NULL,
  `EXPENSE_TYPE_ID` int(1) DEFAULT NULL,
  `PROCESS_DEPT_ID` varchar(100) DEFAULT NULL,
  `PR_BUDGETED` varchar(1) DEFAULT NULL,
  `APPROVE_FILE_TYPE` varchar(50) DEFAULT NULL,
  `APPROVE_FILE_PATH` varchar(255) DEFAULT NULL,
  `BUDGETED_APP_REF_NO` varchar(30) NOT NULL,
  `FINANCE_BUDGET_APP_STATUS` varchar(1) DEFAULT NULL,
  `BUDGET_ALLOCATED` varchar(1) DEFAULT NULL,
  `WORKFLOW_TYPE_ID` int(3) DEFAULT NULL,
  `AMOUNT_TYPE_ID` int(1) DEFAULT NULL,
  `WORKFLOW_GROUP_ID` int(4) DEFAULT NULL,
  `REMARK` varchar(255) DEFAULT NULL,
  `STATUS_APP_LEVEL` int(2) DEFAULT NULL,
  `CANCELLED` int(1) NOT NULL,
  `CREATED_BY` varchar(16) NOT NULL,
  `CREATED_DATE` date NOT NULL,
  `MODIFY_BY` varchar(50) DEFAULT NULL,
  `MODIFY_DATE` date DEFAULT NULL,
  PRIMARY KEY (`REQUISITION_ID`)
) ENGINE=InnoDB DEFAULT CHARSET=utf8;

-- ----------------------------
-- Records of requisition
-- ----------------------------
INSERT INTO `requisition` VALUES ('0', '0', '189', null, null, '2013-10-21', null, '1', '2', '0', '0', '0', null, '19', null, '1', '0', 'g', 'g', '0', '2', null, '', null, '', '', '', null, null, null, null, null, '', null, '0', '18', '2013-10-21', null, null);
INSERT INTO `requisition` VALUES ('1', '2013000001', '1', null, null, '2013-09-08', null, '1', '2', '0', '0', '0', null, null, '7', '3', '0', 'aaaaaaaas', 'ssssss', '0', '2', null, '5', null, '', '', '', null, null, '2', null, null, 'dddddddd', null, '0', '18', '2013-09-08', null, null);
INSERT INTO `requisition` VALUES ('2', '2013000002', '1', null, null, '2013-09-09', null, '1', '2', '0', '0', '0', null, '19', null, '1', '0', '', '', '0', '2', null, '5', null, '', '', '', null, null, '2', null, null, '', null, '0', '18', '2013-09-09', null, null);
INSERT INTO `requisition` VALUES ('3', '2013000003', null, null, null, '2013-09-09', null, '1', '2', '0', '0', '0', null, '19', '7', '3', '0', '', '', '0', '2', null, '2', null, '', '', '', null, null, '2', null, null, '', null, '0', '18', '2013-09-09', null, null);
INSERT INTO `requisition` VALUES ('4', '2013000004', '4', null, null, '2013-09-09', null, '1', '2', '0', '0', '0', null, null, '7', '3', '0', 'sssssssss', 'jjjj', '0', '2', null, '5', null, '', '', '', null, null, '2', null, null, 'rrrrrrrrrrr', null, '0', '18', '2013-09-09', null, null);
INSERT INTO `requisition` VALUES ('5', '2013000005', '4', null, null, '2013-09-09', null, '1', '2', '0', '0', '0', null, '19', '7', '3', '0', 'sssssssss', 'jjjj', '0', '2', null, '2', null, '', '', '', null, null, '2', null, null, 'rrrrrrrrrrr', null, '0', '18', '2013-09-09', null, null);
INSERT INTO `requisition` VALUES ('6', '2013000006', '6', null, null, '2013-09-09', null, '1', '2', '0', '0', '0', null, '18', null, '1', '0', 's', 'j', '0', '2', null, '5', null, '', '', '', null, null, '2', null, null, 'r', null, '0', '18', '2013-09-09', null, null);
INSERT INTO `requisition` VALUES ('7', '2013000007', '6', null, null, '2013-09-09', null, '1', '2', '0', '0', '0', null, '19', '7', '3', '0', 's', 'j', '0', '2', null, '2', null, '', '', '', null, null, '2', null, null, 'r', null, '0', '18', '2013-09-09', null, null);
INSERT INTO `requisition` VALUES ('8', '2013000008', '8', null, null, '2013-09-09', null, '1', '2', '0', '0', '0', null, null, '7', '3', '0', '', '', '0', '2', null, '5', null, '', '', '', null, null, '2', null, null, '', null, '0', '18', '2013-09-09', null, null);
INSERT INTO `requisition` VALUES ('9', '2013000009', '8', null, null, '2013-09-09', null, '1', '2', '0', '0', '0', null, '19', '7', '3', '0', '', '', '0', '2', null, '2', null, '', '', '', null, null, '2', null, null, '', null, '0', '18', '2013-09-09', null, null);
INSERT INTO `requisition` VALUES ('10', '2013000010', '10', null, null, '2013-09-09', null, '1', '2', '0', '0', '0', null, null, '7', '3', '0', 'ss', 'jjj', '0', '2', null, '5', null, '', '', '', null, null, '2', null, null, 'rrrr', null, '0', '18', '2013-09-09', null, null);
INSERT INTO `requisition` VALUES ('11', '2013000011', '10', null, null, '2013-09-09', null, '1', '2', '0', '0', '0', null, '19', '7', '3', '0', 'ss', 'jjj', '0', '2', null, '2', null, '', '', '', null, null, '2', null, null, 'rrrr', null, '0', '18', '2013-09-09', null, null);
INSERT INTO `requisition` VALUES ('12', '2013000012', '12', null, null, '2013-09-10', null, '1', '2', '0', '0', '0', null, null, '7', '3', '0', 'a', 'a', '0', '2', null, '5', null, '', '', '', null, null, '2', null, null, 'a', null, '0', '18', '2013-09-10', null, null);
INSERT INTO `requisition` VALUES ('13', '2013000013', '13', null, null, '2013-09-10', null, '1', '2', '0', '0', '0', null, null, '7', '3', '0', '', '', '0', '2', null, '2', null, '', '', '', null, null, '2', null, null, '', null, '0', '18', '2013-09-10', null, null);
INSERT INTO `requisition` VALUES ('14', '2013000014', '14', null, null, '2013-09-10', null, '1', '2', '0', '0', '0', null, '20', null, '2', '0', '', '', '0', '2', null, '2', null, '', '', '', null, null, '2', null, null, '', null, '0', '18', '2013-09-10', null, null);
INSERT INTO `requisition` VALUES ('15', '2013000015', '15', null, null, '2013-09-10', null, '1', '2', '0', '0', '0', null, null, '7', '3', '0', '', '', '0', '2', null, '2', null, '', '', '', null, null, '2', null, null, '', null, '0', '18', '2013-09-10', null, null);
INSERT INTO `requisition` VALUES ('16', '2013000016', '16', null, null, '2013-09-10', null, '1', '2', '0', '0', '0', null, '19', null, '1', '0', '', '', '0', '2', null, '0', null, '', '', '', null, null, '2', null, null, '', null, '0', '18', '2013-09-10', null, null);
INSERT INTO `requisition` VALUES ('17', '2013000017', '17', null, null, '2013-09-10', null, '1', '2', '0', '0', '0', null, '19', null, '1', '0', '', '', '0', '2', null, '0', null, '', '', '', null, null, '2', null, null, '', null, '0', '18', '2013-09-10', null, null);
INSERT INTO `requisition` VALUES ('18', '2013000018', '18', null, null, '2013-09-10', null, '1', '2', '0', '0', '0', null, '19', null, '1', '0', '', '', '0', '2', null, '0', null, '', '', '', null, null, '2', null, null, '', null, '0', '18', '2013-09-10', null, null);
INSERT INTO `requisition` VALUES ('19', '2013000019', '19', null, null, '2013-09-10', null, '1', '2', '0', '0', '0', null, '19', null, '1', '0', 'sssssssssss', 'jjjjjjjj', '0', '2', null, '0', null, 'cc', 'xx', '', null, null, '2', null, null, 'rrrrrrrrrrr', null, '0', '18', '2013-09-10', null, null);
INSERT INTO `requisition` VALUES ('20', '2013000020', '19', null, null, '2013-09-10', null, '1', '2', '0', '0', '0', null, '19', null, '1', '0', 'sssssssssss', 'jjjjjjjj', '0', '2', null, '2', null, 'cc', 'xx', '', null, null, '2', null, null, 'rrrrrrrrrrr', null, '0', '18', '2013-09-10', null, null);
INSERT INTO `requisition` VALUES ('21', '2013000021', '19', null, null, '2013-09-10', null, '1', '2', '0', '0', '0', null, null, '7', '3', '0', 'sssssssssss', 'jjjjjjjj', '0', '2', null, '5', null, 'cc', 'xx', '', null, null, '2', null, null, 'rrrrrrrrrrr', null, '0', '18', '2013-09-10', null, null);
INSERT INTO `requisition` VALUES ('22', '2013000022', '22', null, null, '2013-09-10', null, '1', '2', '0', '0', '0', null, '19', null, '1', '0', '', '', '0', '2', null, '0', null, '', '', '', null, null, '2', null, null, '', null, '0', '18', '2013-09-10', null, null);
INSERT INTO `requisition` VALUES ('23', '2013000023', '23', null, null, '2013-09-10', null, '1', '2', '0', '0', '0', null, '19', null, '1', '0', '', '', '0', '2', null, '0', null, '', '', '', null, null, '2', null, null, '', null, '0', '18', '2013-09-10', null, null);
INSERT INTO `requisition` VALUES ('24', '2013000024', '24', null, null, '2013-09-10', null, '1', '2', '0', '0', '0', null, '19', null, '1', '0', '', '', '0', '2', null, '0', null, '', '', '', null, null, '2', null, null, '', null, '0', '18', '2013-09-10', null, null);
INSERT INTO `requisition` VALUES ('25', '2013000025', '25', null, null, '2013-09-10', null, '1', '2', '0', '0', '0', null, '19', null, '1', '0', '', '', '0', '2', null, '0', null, '', '', '', null, null, '2', null, null, '', null, '0', '18', '2013-09-10', null, null);
INSERT INTO `requisition` VALUES ('26', '2013000026', '26', null, null, '2013-09-10', null, '1', '2', '0', '0', '0', null, '19', null, '1', '0', '', '', '0', '2', null, '0', null, '', '', '', null, null, '2', null, null, '', null, '0', '18', '2013-09-10', null, null);
INSERT INTO `requisition` VALUES ('27', '2013000027', '27', null, null, '2013-09-10', null, '1', '2', '0', '0', '0', null, '19', null, '1', '0', '', '', '0', '2', null, '0', null, '', '', '', null, null, '2', null, null, '', null, '0', '18', '2013-09-10', null, null);
INSERT INTO `requisition` VALUES ('28', '2013000028', '28', null, null, '2013-09-10', null, '1', '2', '0', '0', '0', null, '19', null, '1', '0', '', '', '0', '2', null, '0', null, '', '', '', null, null, '2', null, null, '', null, '0', '18', '2013-09-10', null, null);
INSERT INTO `requisition` VALUES ('29', '2013000029', '29', null, null, '2013-09-10', null, '1', '2', '0', '0', '0', null, '19', null, '1', '0', '', '', '0', '2', null, '0', null, '', '', '', null, null, '2', null, null, '', null, '0', '18', '2013-09-10', null, null);
INSERT INTO `requisition` VALUES ('30', '2013000030', '30', null, null, '2013-09-10', null, '1', '2', '0', '0', '0', null, '19', null, '1', '0', '', '', '0', '2', null, '0', null, '', '', '', null, null, '2', null, null, '', null, '0', '18', '2013-09-10', null, null);
INSERT INTO `requisition` VALUES ('31', '2013000031', '31', null, null, '2013-09-10', null, '1', '2', '0', '0', '0', null, '19', null, '1', '0', '', '', '0', '2', null, '0', null, '', '', '', null, null, '2', null, null, '', null, '0', '18', '2013-09-10', null, null);
INSERT INTO `requisition` VALUES ('32', '2013000032', '32', null, null, '2013-09-10', null, '1', '2', '0', '0', '0', null, '19', null, '1', '0', '', '', '0', '2', null, '0', null, '', '', '', null, null, '2', null, null, '', null, '0', '18', '2013-09-10', null, null);
INSERT INTO `requisition` VALUES ('33', '2013000033', '33', null, null, '2013-09-10', null, '1', '2', '0', '0', '0', null, '19', null, '1', '0', '', '', '0', '2', null, '0', null, '', '', '', null, null, '2', null, null, '', null, '0', '18', '2013-09-10', null, null);
INSERT INTO `requisition` VALUES ('34', '2013000034', '34', null, null, '2013-09-10', null, '1', '2', '0', '0', '0', null, '19', null, '1', '0', '', '', '0', '2', null, '0', null, '', '', '', null, null, '2', null, null, '', null, '0', '18', '2013-09-10', null, null);
INSERT INTO `requisition` VALUES ('35', '2013000035', '35', null, null, '2013-09-10', null, '1', '2', '0', '0', '0', null, '19', null, '1', '0', '', '', '0', '2', null, '0', null, '', '', '', null, null, '2', null, null, '', null, '0', '18', '2013-09-10', null, null);
INSERT INTO `requisition` VALUES ('36', '2013000036', '36', null, null, '2013-09-10', null, '1', '2', '0', '0', '0', null, '19', null, '1', '0', '', '', '0', '2', null, '0', null, '', '', '', null, null, '2', null, null, '', null, '0', '18', '2013-09-10', null, null);
INSERT INTO `requisition` VALUES ('37', '2013000037', '37', null, null, '2013-09-10', null, '1', '2', '0', '0', '0', null, '19', null, '1', '0', '', '', '0', '2', null, '0', null, '', '', '', null, null, '2', null, null, '', null, '0', '18', '2013-09-10', null, null);
INSERT INTO `requisition` VALUES ('38', '2013000038', '38', null, null, '2013-09-10', null, '1', '2', '0', '0', '0', null, '19', null, '1', '0', '', '', '0', '2', null, '0', null, '', '', '', null, null, '2', null, null, '', null, '0', '18', '2013-09-10', null, null);
INSERT INTO `requisition` VALUES ('39', '2013000039', '39', null, null, '2013-09-10', null, '1', '2', '0', '0', '0', null, '19', null, '1', '0', '', '', '0', '2', null, '0', null, '', '', '', null, null, '2', null, null, '', null, '0', '18', '2013-09-10', null, null);
INSERT INTO `requisition` VALUES ('40', '2013000040', '40', null, null, '2013-09-10', null, '1', '2', '0', '0', '0', null, '19', null, '1', '0', '', '', '0', '2', null, '0', null, '', '', '', null, null, '2', null, null, '', null, '0', '18', '2013-09-10', null, null);
INSERT INTO `requisition` VALUES ('41', '2013000041', '41', null, null, '2013-09-10', null, '1', '2', '0', '0', '0', null, '19', null, '1', '0', '', '', '0', '2', null, '0', null, '', '', '', null, null, '2', null, null, '', null, '0', '18', '2013-09-10', null, null);
INSERT INTO `requisition` VALUES ('42', '2013000042', '42', null, null, '2013-09-10', null, '1', '2', '0', '0', '0', null, '19', null, '1', '0', '', '', '0', '2', null, '0', null, '', '', '', null, null, '2', null, null, '', null, '0', '18', '2013-09-10', null, null);
INSERT INTO `requisition` VALUES ('43', '2013000043', '43', null, null, '2013-09-10', null, '1', '2', '0', '0', '0', null, '19', null, '1', '0', '', '', '0', '2', null, '5', null, '', '', '', null, null, '2', null, null, '', null, '0', '18', '2013-09-10', null, null);
INSERT INTO `requisition` VALUES ('44', '2013000044', '43', null, null, '2013-09-10', null, '1', '2', '0', '0', '0', null, '19', null, '1', '0', '', '', '0', '2', null, '2', null, '', '', '', null, null, '2', null, null, '', null, '0', '18', '2013-09-10', null, null);
INSERT INTO `requisition` VALUES ('45', '2013000045', '45', null, null, '2013-09-10', null, '1', '2', '0', '0', '0', null, '19', null, '1', '0', '', '', '0', '2', null, '0', null, '', '', '', null, null, '2', null, null, '', null, '0', '18', '2013-09-10', null, null);
INSERT INTO `requisition` VALUES ('46', '2013000046', '45', null, null, '2013-09-10', null, '1', '2', '0', '0', '0', null, '19', null, '1', '0', '', '', '0', '2', null, '2', null, '', '', '', null, null, '2', null, null, '', null, '0', '18', '2013-09-10', null, null);
INSERT INTO `requisition` VALUES ('47', '2013000047', '47', null, null, '2013-09-10', null, '1', '2', '0', '0', '0', null, '19', null, '1', '0', '', '', '0', '2', null, '5', null, '', '', '', null, null, '2', null, null, '', null, '0', '18', '2013-09-10', null, null);
INSERT INTO `requisition` VALUES ('48', '2013000048', '47', null, null, '2013-09-10', null, '1', '2', '0', '0', '0', null, '19', null, '1', '0', '', '', '0', '2', null, '2', null, '', '', '', null, null, '2', null, null, '', null, '0', '18', '2013-09-10', null, null);
INSERT INTO `requisition` VALUES ('49', '2013000049', '49', null, null, '2013-09-10', null, '1', '2', '0', '0', '0', null, '19', null, '1', '0', '', '', '0', '2', null, '2', null, '', '', '', null, null, '2', null, null, '', null, '0', '18', '2013-09-10', null, null);
INSERT INTO `requisition` VALUES ('50', '2013000050', '49', null, null, '2013-09-10', null, '1', '2', '0', '0', '0', null, '19', null, '1', '0', '', '', '0', '2', null, '5', null, '', '', '', null, null, '2', null, null, '', null, '0', '18', '2013-09-10', null, null);
INSERT INTO `requisition` VALUES ('51', '2013000051', '51', null, null, '2013-09-10', null, '1', '2', '0', '0', '0', null, '19', null, '1', '0', '', '', '0', '2', null, '5', null, '', '', '', null, null, '2', null, null, '', null, '0', '18', '2013-09-10', null, null);
INSERT INTO `requisition` VALUES ('52', '2013000052', '52', null, null, '2013-09-10', null, '1', '2', '0', '0', '0', null, null, '7', '3', '0', '', '', '0', '2', null, '2', null, '', '', '', null, null, '2', null, null, '', null, '0', '18', '2013-09-10', null, null);
INSERT INTO `requisition` VALUES ('53', '2013000053', '52', null, null, '2013-09-10', null, '1', '2', '0', '0', '0', null, '19', null, '1', '0', '', '', '0', '2', null, '5', null, '', '', '', null, null, '2', null, null, '', null, '0', '18', '2013-09-10', null, null);
INSERT INTO `requisition` VALUES ('54', '2013000054', '54', null, null, '2013-09-10', null, '1', '2', '0', '0', '0', null, '19', null, '1', '0', 's', 'jj', '0', '2', null, '2', null, '', '', '', null, null, '1', null, null, 'rr', null, '0', '18', '2013-09-10', null, null);
INSERT INTO `requisition` VALUES ('55', '2013000055', '54', null, null, '2013-09-10', null, '1', '2', '0', '0', '0', null, null, '7', '3', '0', 's', 'jj', '0', '2', null, '5', null, '', '', '', null, null, '1', null, null, 'rr', null, '0', '18', '2013-09-10', null, null);
INSERT INTO `requisition` VALUES ('56', '2013000056', '56', null, null, '2013-09-11', null, '1', '2', '0', '0', '0', null, '19', null, '1', '0', '', '', '0', '2', null, '5', null, '', '', '', null, null, '2', null, null, '', null, '0', '18', '2013-09-11', null, null);
INSERT INTO `requisition` VALUES ('57', '2013000057', '57', null, null, '2013-09-11', null, '1', '2', '0', '0', '0', null, '19', null, '1', '0', '', '', '0', '2', null, '5', null, '', '', '', null, null, '2', null, null, '', null, '0', '18', '2013-09-11', null, null);
INSERT INTO `requisition` VALUES ('58', '2013000058', '58', null, null, '2013-09-11', null, '1', '2', '0', '0', '0', null, null, '7', '3', '0', '', '', '0', '2', null, '5', null, '', '', '', null, null, '2', null, null, '', null, '0', '18', '2013-09-11', null, null);
INSERT INTO `requisition` VALUES ('59', '2013000059', '58', null, null, '2013-09-11', null, '1', '2', '0', '0', '0', null, '19', null, '1', '0', '', '', '0', '2', null, '2', null, '', '', '', null, null, '2', null, null, '', null, '0', '18', '2013-09-11', null, null);
INSERT INTO `requisition` VALUES ('60', '2013000060', '60', null, null, '2013-09-12', null, '1', '2', '0', '0', '0', null, '19', null, '1', '0', '', '', '0', '2', null, '5', null, '', '', '', null, null, '2', null, null, '', null, '0', '18', '2013-09-12', null, null);
INSERT INTO `requisition` VALUES ('61', '2013000061', '60', null, null, '2013-09-12', null, '1', '2', '0', '0', '0', null, '19', null, '1', '0', '', '', '0', '2', null, '2', null, '', '', '', null, null, '2', null, null, '', null, '0', '18', '2013-09-12', null, null);
INSERT INTO `requisition` VALUES ('62', '2013000062', '62', null, null, '2013-09-12', null, '1', '2', '0', '0', '0', null, '19', null, '1', '0', 'k', 'l', '0', '2', null, '2', null, '', '', '', null, null, '1', null, null, 'j', null, '0', '18', '2013-09-12', null, null);
INSERT INTO `requisition` VALUES ('63', '2013000063', '63', null, null, '2013-09-12', null, '1', '2', '0', '0', '0', null, null, '7', '3', '0', 's', 'j', '0', '2', null, '2', null, '', '', '', null, null, '1', null, null, 'r', null, '0', '18', '2013-09-12', null, null);
INSERT INTO `requisition` VALUES ('64', '2013000064', '63', null, null, '2013-09-12', null, '1', '2', '0', '0', '0', null, '19', null, '1', '0', 's', 'j', '0', '2', null, '5', null, '', '', '', null, null, '1', null, null, 'r', null, '0', '18', '2013-09-12', null, null);
INSERT INTO `requisition` VALUES ('65', '2013000065', null, null, null, '2013-09-18', null, '1', '2', '0', '0', '0', null, '0', null, '0', '0', 'c', 'cccccccccc', '0', '1', null, null, null, null, null, '', null, null, null, null, null, 'ccccccccc', null, '0', '21', '2013-09-18', null, null);
INSERT INTO `requisition` VALUES ('66', '2013000066', null, null, null, '2013-09-18', null, '1', '2', '0', '0', '0', null, '0', null, '0', '0', 'c', 'cccccccccc', '0', '1', null, null, null, null, null, '', null, null, null, null, null, 'ccccccccc', null, '0', '21', '2013-09-18', null, null);
INSERT INTO `requisition` VALUES ('67', '2013000067', null, null, null, '2013-09-18', null, '1', '2', '0', '0', '0', null, '0', null, '0', '0', 'asa', 'sas', '0', '1', null, null, null, null, null, '', null, null, null, null, null, 'as', null, '0', '21', '2013-09-18', null, null);
INSERT INTO `requisition` VALUES ('68', '2013000068', null, null, null, '2013-09-18', null, '1', '2', '0', '0', '0', null, '0', null, '0', '0', 'sas', 'asa', '0', '1', null, null, null, null, null, '', null, null, null, null, null, 'sa', null, '0', '21', '2013-09-18', null, null);
INSERT INTO `requisition` VALUES ('69', '2013000069', null, null, null, '2013-09-18', null, '1', '2', '0', '0', '0', null, '0', null, '0', '0', 'sds', 'dasd', '0', '1', null, null, null, null, null, '', null, null, null, null, null, 'adsd', null, '0', '21', '2013-09-18', null, null);
INSERT INTO `requisition` VALUES ('70', '2013000070', null, null, null, '2013-09-18', null, '1', '2', '0', '0', '0', null, '0', null, '0', '0', 'sds', 'dasd', '0', '1', null, null, null, null, null, '', null, null, null, null, null, 'adsd', null, '0', '21', '2013-09-18', null, null);
INSERT INTO `requisition` VALUES ('71', '2013000071', null, null, null, '2013-09-18', null, '1', '2', '0', '0', '0', null, '0', null, '0', '0', 'sds', 'dasd', '0', '1', null, null, null, null, null, '', null, null, null, null, null, 'adsd', null, '0', '21', '2013-09-18', null, null);
INSERT INTO `requisition` VALUES ('72', '2013000072', null, null, null, '2013-09-18', null, '1', '2', '0', '0', '0', null, '0', null, '0', '0', 'aasas', 'asa', '0', '1', null, null, null, null, null, '', null, null, null, null, null, 'sss', null, '0', '21', '2013-09-18', null, null);
INSERT INTO `requisition` VALUES ('73', '2013000073', null, null, null, '2013-09-18', null, '1', '2', '0', '0', '0', null, '0', null, '0', '0', 'asa', 'sas', '0', '1', null, null, null, null, null, '', null, null, null, null, null, 'as', null, '0', '21', '2013-09-18', null, null);
INSERT INTO `requisition` VALUES ('74', '2013000074', null, null, null, '2013-09-18', null, '1', '2', '0', '0', '0', null, '0', null, '0', '0', 'ss', 'ss', '0', '1', null, null, null, null, null, '', null, null, null, null, null, 'sss', null, '0', '21', '2013-09-18', '04', '2013-09-18');
INSERT INTO `requisition` VALUES ('75', '2013000075', null, null, null, '2013-09-18', null, '1', '2', '0', '0', '0', null, '0', null, '1', '0', 'sds', 'dsd', '0', '1', null, null, null, null, null, '', null, null, null, null, null, 'asdsad', null, '0', '21', '2013-09-18', null, null);
INSERT INTO `requisition` VALUES ('76', '2013000076', null, null, null, '2013-09-18', null, '1', '2', '0', '0', '0', null, '0', null, '0', '0', 'fdfd', 'fdf', '0', '1', null, null, null, null, null, '', null, null, null, null, null, 'df', null, '0', '21', '2013-09-18', null, null);
INSERT INTO `requisition` VALUES ('77', '2013000077', null, null, null, '2013-09-18', null, '1', '2', '0', '0', '0', null, '0', null, '0', '0', 'rtr', 'trt', '0', '1', null, null, null, null, null, '', null, null, null, null, null, 'rtrt', null, '0', '21', '2013-09-18', null, null);
INSERT INTO `requisition` VALUES ('78', '2013000078', null, null, null, '2013-09-18', null, '1', '2', '0', '0', '0', null, '0', null, '1', '0', 'rtr', 'trt', '0', '1', null, null, null, null, null, '', null, null, null, null, null, 'rtrt', null, '0', '21', '2013-09-18', null, null);
INSERT INTO `requisition` VALUES ('79', '2013000079', null, null, null, '2013-09-18', null, '1', '2', '0', '0', '0', null, '0', null, '1', '0', 'a', 'a', '0', '1', null, null, null, null, null, '', null, null, null, null, null, 'a', null, '0', '21', '2013-09-18', null, null);
INSERT INTO `requisition` VALUES ('80', '2013000080', null, null, null, '2013-09-18', null, '1', '2', '0', '0', '0', null, '19', null, '1', '0', 'zx', 'xzx', '0', '1', null, null, null, null, null, '', null, null, null, null, null, 'zx', null, '0', '21', '2013-09-18', '04', '2013-09-18');
INSERT INTO `requisition` VALUES ('81', '2013000081', null, null, null, '2013-09-18', null, '1', '2', '0', '0', '0', null, '2', '10', '2', '0', 'erew', 'rer', '0', '1', null, null, null, null, null, '', null, null, null, null, null, 'ewrewr', null, '0', '21', '2013-09-18', null, null);
INSERT INTO `requisition` VALUES ('82', '2013000082', null, null, null, '2013-09-18', null, '1', '2', '0', '0', '0', null, '19', null, '1', '0', 's', 's', '0', '1', null, '2', null, null, null, '', null, null, null, null, null, 's', null, '0', '21', '2013-09-18', null, null);
INSERT INTO `requisition` VALUES ('83', '2013000083', null, null, null, '2013-09-18', null, '1', '2', '0', '0', '0', null, '19', null, '0', '0', 's', 's', '0', '1', null, '2', null, null, null, '', null, null, null, null, null, 's', null, '0', '21', '2013-09-18', null, null);
INSERT INTO `requisition` VALUES ('84', '2013000084', null, null, null, '2013-09-18', null, '1', '2', '0', '0', '0', null, '19', null, '0', '0', 'd', 'd', '0', '1', null, '3', null, null, null, '', null, null, null, null, null, 'd', null, '0', '21', '2013-09-18', null, null);
INSERT INTO `requisition` VALUES ('85', '2013000085', null, null, null, '2013-09-18', null, '1', '2', '0', '0', '0', null, '19', null, '0', '0', 'err', 'er', '0', '1', null, ',', null, null, null, '', null, null, null, null, null, 're', null, '0', '21', '2013-09-18', null, null);
INSERT INTO `requisition` VALUES ('86', '2013000086', null, null, null, '2013-09-18', null, '1', '2', '0', '0', '0', null, '19', null, '0', '0', 'd', 'd', '0', '1', null, '5', null, null, null, '', null, null, null, null, null, 'd', null, '0', '21', '2013-09-18', null, null);
INSERT INTO `requisition` VALUES ('87', '2013000087', null, null, null, '2013-09-18', null, '1', '2', '0', '0', '0', null, '19', null, '0', '0', 'd', 'd', '0', '1', null, '5', null, null, null, '', null, null, null, null, null, 'd', null, '0', '21', '2013-09-18', null, null);
INSERT INTO `requisition` VALUES ('88', '2013000088', null, null, null, '2013-09-18', null, '1', '2', '0', '0', '0', null, '19', null, '0', '0', 'd', 'd', '0', '1', null, '5', null, null, null, '', null, null, null, null, null, 'd', null, '0', '21', '2013-09-18', null, null);
INSERT INTO `requisition` VALUES ('89', '2013000089', null, null, null, '2013-09-18', null, '1', '2', '0', '0', '0', null, '19', null, '0', '0', 'd', 'd', '0', '1', null, '5', null, null, null, '', null, null, null, null, null, 'd', null, '0', '21', '2013-09-18', null, null);
INSERT INTO `requisition` VALUES ('90', '2013000090', null, null, null, '2013-09-18', null, '1', '2', '0', '0', '0', null, '19', null, '0', '0', 'd', 'd', '0', '1', null, '5', null, null, null, '', null, null, null, null, null, 'd', null, '0', '21', '2013-09-18', null, null);
INSERT INTO `requisition` VALUES ('91', '2013000091', null, null, null, '2013-09-18', null, '1', '2', '0', '0', '0', null, '19', null, '0', '0', 'e', 'e', '0', '1', null, '4', null, null, null, '', null, null, null, null, null, 'c', null, '0', '21', '2013-09-18', null, null);
INSERT INTO `requisition` VALUES ('92', '2013000092', null, null, null, '2013-09-18', null, '1', '2', '0', '0', '0', null, '19', null, '0', '0', 'e', 'e', '0', '1', null, '2,2,', null, null, null, '', null, null, null, null, null, 'c', null, '0', '21', '2013-09-18', null, null);
INSERT INTO `requisition` VALUES ('93', '2013000093', null, null, null, '2013-09-18', null, '1', '2', '0', '0', '0', null, '19', null, '0', '0', 'e', 'e', '0', '1', null, '2,2,3,', null, null, null, '', null, null, null, null, null, 'c', null, '0', '21', '2013-09-18', null, null);
INSERT INTO `requisition` VALUES ('94', '2013000094', null, null, null, '2013-09-18', null, '1', '2', '0', '0', '0', null, '19', null, '0', '0', 'e', 'e', '0', '1', null, ',', null, null, null, '', null, null, null, null, null, 'c', null, '0', '21', '2013-09-18', null, null);
INSERT INTO `requisition` VALUES ('95', '2013000095', null, null, null, '2013-09-18', null, '1', '2', '0', '0', '0', null, '19', null, '0', '0', 'e', 'e', '0', '1', null, 'Array', null, null, null, '', null, null, null, null, null, 'c', null, '0', '21', '2013-09-18', null, null);
INSERT INTO `requisition` VALUES ('96', '2013000096', null, null, null, '2013-09-18', null, '1', '2', '0', '0', '0', null, '19', null, '0', '0', 'e', 'e', '0', '1', null, 'Array', null, null, null, '', null, null, null, null, null, 'c', null, '0', '21', '2013-09-18', null, null);
INSERT INTO `requisition` VALUES ('97', '2013000097', null, null, null, '2013-09-18', null, '1', '2', '0', '0', '0', null, '19', null, '0', '0', 'e', 'e', '0', '1', null, 'Array', null, null, null, '', null, null, null, null, null, 'c', null, '0', '21', '2013-09-18', null, null);
INSERT INTO `requisition` VALUES ('98', '2013000098', null, null, null, '2013-09-18', null, '1', '2', '0', '0', '0', null, '19', null, '0', '0', 'a', 'a', '0', '1', null, 'Array', null, null, null, '', null, null, null, null, null, 'a', null, '0', '21', '2013-09-18', null, null);
INSERT INTO `requisition` VALUES ('99', '2013000099', null, null, null, '2013-09-18', null, '1', '2', '0', '0', '0', null, '19', null, '0', '0', 'a', 'a', '0', '1', null, 'Array', null, null, null, '', null, null, null, null, null, 'a', null, '0', '21', '2013-09-18', null, null);
INSERT INTO `requisition` VALUES ('100', '2013000100', null, null, null, '2013-09-18', null, '1', '2', '0', '0', '0', null, '19', null, '0', '0', 'aa', 'a', '0', '1', null, 'Array', null, null, null, '', null, null, null, null, null, 'a', null, '0', '21', '2013-09-18', null, null);
INSERT INTO `requisition` VALUES ('101', '2013000101', null, null, null, '2013-09-18', null, '1', '2', '0', '0', '0', null, '19', null, '0', '0', 'a', 'a', '0', '1', null, 'Array', null, null, null, '', null, null, null, null, null, 'a', null, '0', '21', '2013-09-18', null, null);
INSERT INTO `requisition` VALUES ('102', '2013000102', null, null, null, '2013-09-18', null, '1', '2', '0', '0', '0', null, '19', null, '0', '0', 'a', 'a', '0', '1', null, 'Array', null, null, null, '', null, null, null, null, null, 'a', null, '0', '21', '2013-09-18', null, null);
INSERT INTO `requisition` VALUES ('103', '2013000103', null, null, null, '2013-09-18', null, '1', '2', '0', '0', '0', null, '19', null, '0', '0', 'a', 'a', '0', '1', null, 'Array', null, null, null, '', null, null, null, null, null, 'a', null, '0', '21', '2013-09-18', null, null);
INSERT INTO `requisition` VALUES ('104', '2013000104', null, null, null, '2013-09-18', null, '1', '2', '0', '0', '0', null, '19', null, '0', '0', 'a', 'a', '0', '1', null, 'Array', null, null, null, '', null, null, null, null, null, 'a', null, '0', '21', '2013-09-18', null, null);
INSERT INTO `requisition` VALUES ('105', '2013000105', null, null, null, '2013-09-18', null, '1', '2', '0', '0', '0', null, '19', null, '0', '0', 'a', 'a', '0', '1', null, 'Array', null, null, null, '', null, null, null, null, null, 'a', null, '0', '21', '2013-09-18', null, null);
INSERT INTO `requisition` VALUES ('106', '2013000106', null, null, null, '2013-09-18', null, '1', '2', '0', '0', '0', null, '19', null, '0', '0', 's', 's', '0', '1', null, 'Array', null, null, null, '', null, null, null, null, null, 's', null, '0', '21', '2013-09-18', null, null);
INSERT INTO `requisition` VALUES ('107', '2013000107', null, null, null, '2013-09-18', null, '1', '2', '0', '0', '0', null, '19', null, '0', '0', 's', 's', '0', '1', null, 'Array', null, null, null, '', null, null, null, null, null, 's', null, '0', '21', '2013-09-18', null, null);
INSERT INTO `requisition` VALUES ('108', '2013000108', null, null, null, '2013-09-18', null, '1', '2', '0', '0', '0', null, '19', null, '0', '0', 's', 's', '0', '1', null, 'Array', null, null, null, '', null, null, null, null, null, 's', null, '0', '21', '2013-09-18', null, null);
INSERT INTO `requisition` VALUES ('109', '2013000109', null, null, null, '2013-09-18', null, '1', '2', '0', '0', '0', null, '19', null, '3', '0', 's', 's', '0', '1', null, '3,2', null, null, null, '', null, null, null, null, null, 's', null, '0', '21', '2013-09-18', null, null);
INSERT INTO `requisition` VALUES ('110', '2013000110', null, null, null, '2013-09-18', null, '1', '2', '0', '0', '0', null, '2', '10', '3', '0', 'ss', 'hjjj', '0', '1', null, '2,3', null, null, null, '', null, null, null, null, null, 'rr', null, '0', '21', '2013-09-18', null, null);
INSERT INTO `requisition` VALUES ('111', '2013000111', null, null, null, '2013-09-19', null, '1', '2', '0', '0', '0', null, '2', '10', '3', '0', 's', 's', '0', '1', null, '2', null, null, null, '', null, null, null, null, null, 's', null, '0', '21', '2013-09-19', null, null);
INSERT INTO `requisition` VALUES ('112', '2013000112', '112', null, null, '2013-09-19', null, '1', '2', '0', '0', '0', null, null, '7', '3', '0', 's', 'd', '0', '2', null, '2', null, '', '', '', null, null, '1', null, null, 'x', null, '0', '21', '2013-09-19', null, null);
INSERT INTO `requisition` VALUES ('113', '2013000113', '112', null, null, '2013-09-19', null, '1', '2', '0', '0', '0', null, '19', null, '1', '0', 's', 'd', '0', '2', null, '5', null, '', '', '', null, null, '1', null, null, 'x', null, '0', '21', '2013-09-19', null, null);
INSERT INTO `requisition` VALUES ('114', '2013000114', null, null, null, '2013-09-19', null, '1', '2', '0', '0', '0', null, '19', null, '1', '0', 's', 's', '0', '1', null, '2,3', null, null, null, '', null, null, null, null, null, 's', null, '0', '21', '2013-09-19', null, null);
INSERT INTO `requisition` VALUES ('115', '2013000115', null, null, null, '2013-09-19', null, '1', '2', '0', '0', '0', null, '2', '10', '3', '0', 's', 'ss', '0', '1', null, '2,3', null, null, null, '', null, null, null, null, null, 's', null, '0', '21', '2013-09-19', null, null);
INSERT INTO `requisition` VALUES ('116', '2013000116', null, null, null, '2013-09-19', null, '1', '2', '0', '0', '0', null, '2', '10', '3', '0', 'x', 'x', '0', '1', null, '2', null, null, null, '', null, null, null, null, null, 'x', null, '0', '21', '2013-09-19', null, null);
INSERT INTO `requisition` VALUES ('117', '2013000117', null, null, null, '2013-09-22', null, '1', '2', '0', '0', '0', null, '20', '10', '3', '0', 'sdsd', 'sdsdsd', '0', '1', null, '5,2', null, null, null, '', null, null, null, null, null, 'dd', null, '0', '21', '2013-09-22', null, null);
INSERT INTO `requisition` VALUES ('118', '2013000118', null, null, null, '2013-09-22', null, '1', '2', '0', '0', '0', null, '20', '10', '3', '0', 'sds', 'dsds', '0', '1', null, '5,2', null, null, null, '', null, null, null, null, null, 'd', null, '0', '21', '2013-09-22', null, null);
INSERT INTO `requisition` VALUES ('119', '2013000119', null, null, null, '2013-09-22', null, '1', '2', '0', '0', '0', null, '20', '10', '3', '0', 's', 's', '0', '1', null, '5', null, null, null, '', null, null, null, null, null, 's', null, '0', '21', '2013-09-22', null, null);
INSERT INTO `requisition` VALUES ('120', '2013000120', null, null, null, '2013-09-22', null, '1', '2', '0', '0', '0', null, '20', '10', '3', '0', 'ss', 'dsd', '0', '1', null, '5', null, null, null, '', null, null, null, null, null, 'sd', null, '0', '21', '2013-09-22', null, null);
INSERT INTO `requisition` VALUES ('121', '2013000121', null, null, null, '2013-09-22', null, '1', '2', '0', '0', '0', null, '20', '10', '3', '0', 'z', 'z', '0', '1', null, '5', null, null, null, '', null, null, null, null, null, 'z', null, '0', '21', '2013-09-22', null, null);
INSERT INTO `requisition` VALUES ('122', '2013000122', null, null, null, '2013-09-22', null, '1', '2', '0', '0', '0', null, '2', '10', '3', '0', 'a', 'a', '0', '1', null, '5', null, null, null, '', null, null, null, null, null, 'a', null, '0', '19', '2013-09-22', null, null);
INSERT INTO `requisition` VALUES ('123', '2013000123', null, null, null, '2013-09-22', null, '1', '2', '0', '0', '0', null, '20', '10', '3', '0', 'a', 'a', '0', '1', null, '5', null, null, null, '', null, null, null, null, null, 'a', null, '0', '21', '2013-09-22', null, null);
INSERT INTO `requisition` VALUES ('124', '2013000124', null, null, null, '2013-09-22', null, '1', '2', '0', '0', '0', null, '20', '10', '3', '0', 'x', 'x', '0', '1', null, '2', null, null, null, '', null, null, null, null, null, 'x', null, '0', '21', '2013-09-22', null, null);
INSERT INTO `requisition` VALUES ('125', '2013000125', null, null, null, '2013-09-22', null, '1', '2', '0', '0', '0', null, '20', '10', '3', '0', 'a', 'a', '0', '1', null, '5', null, null, null, '', null, null, null, null, null, 'a', null, '0', '21', '2013-09-22', null, null);
INSERT INTO `requisition` VALUES ('126', '2013000126', null, null, null, '2013-09-22', null, '1', '2', '0', '0', '0', null, '20', '10', '3', '0', 'a', 'a', '0', '1', null, '5', null, null, null, '', null, null, null, null, null, 'a', null, '0', '21', '2013-09-22', null, null);
INSERT INTO `requisition` VALUES ('127', '2013000127', null, null, null, '2013-09-22', null, '1', '2', '0', '0', '0', null, '20', '10', '3', '0', 'c', 'c', '0', '1', null, '5,2', null, null, null, '', null, null, null, null, null, 'c', null, '0', '21', '2013-09-22', null, null);
INSERT INTO `requisition` VALUES ('128', '2013000128', null, null, null, '2013-09-22', null, '1', '2', '0', '0', '0', null, null, '5', '3', '0', 'a', 'a', '0', '2', null, '5,2', null, null, null, '', null, null, null, null, null, 'a', null, '0', '21', '2013-09-22', null, null);
INSERT INTO `requisition` VALUES ('129', '2013000129', '129', null, null, '2013-09-22', null, '1', '2', '0', '0', '0', null, '19', null, '1', '0', 'x', 'x', '0', '2', null, '2', null, '', '', '', null, null, '2', null, null, 'x', null, '0', '21', '2013-09-22', null, null);
INSERT INTO `requisition` VALUES ('130', '2013000130', '130', null, null, '2013-09-22', null, '1', '2', '0', '0', '0', null, null, '7', '3', '0', 'z', 'z', '0', '2', null, '2', null, '', '', '', null, null, '2', null, null, 'z', null, '0', '21', '2013-09-22', null, null);
INSERT INTO `requisition` VALUES ('131', '2013000131', '130', null, null, '2013-09-22', null, '1', '2', '0', '0', '0', null, null, '7', '3', '0', 'z', 'z', '0', '2', null, '5', null, '', '', '', null, null, '2', null, null, 'z', null, '0', '21', '2013-09-22', null, null);
INSERT INTO `requisition` VALUES ('132', '2013000132', null, null, null, '2013-09-23', null, '1', '2', '0', '0', '0', null, '19', null, '0', '0', 's', 's', '0', '1', null, '5,2', null, null, null, '', null, null, null, null, null, 's', null, '0', '21', '2013-09-23', null, null);
INSERT INTO `requisition` VALUES ('133', '2013000133', null, null, null, '2013-09-23', null, '1', '2', '0', '0', '0', null, null, '5', '3', '0', 's', 's', '0', '2', null, '5,2', null, null, null, '', null, null, null, null, null, 's', null, '0', '21', '2013-09-23', null, null);
INSERT INTO `requisition` VALUES ('134', '2013000134', '134', null, null, '2013-09-23', null, '1', '2', '0', '0', '0', null, '19', null, '1', '0', '', '', '0', '2', null, '2', null, '', '', '', null, null, null, null, null, '', null, '0', '21', '2013-09-23', null, null);
INSERT INTO `requisition` VALUES ('135', '2013000135', '135', null, null, '2013-09-23', null, '1', '2', '0', '0', '0', null, null, '7', '3', '0', '', '', '0', '2', null, '2', null, '', '', '', null, null, null, null, null, '', null, '0', '21', '2013-09-23', null, null);
INSERT INTO `requisition` VALUES ('136', '2013000136', '136', null, null, '2013-09-23', null, '1', '2', '0', '0', '0', null, '19', null, '1', '0', 'x', 'x', '0', '2', null, '2', null, 'Management', '', '', null, null, null, null, null, 'x', null, '0', '21', '2013-09-23', null, null);
INSERT INTO `requisition` VALUES ('137', '2013000137', '137', null, null, '2013-09-23', null, '1', '2', '0', '0', '0', null, null, '7', '3', '0', 'a', 'a', '0', '2', null, '2', null, 'Board', '', '', null, null, null, null, null, 'a', null, '0', '21', '2013-09-23', null, null);
INSERT INTO `requisition` VALUES ('138', '2013000138', '137', null, null, '2013-09-23', null, '1', '2', '0', '0', '0', null, '19', null, '1', '0', 'a', 'a', '0', '2', null, '5', null, 'Board', '', '', null, null, null, null, null, 'a', null, '0', '21', '2013-09-23', null, null);
INSERT INTO `requisition` VALUES ('139', '2013000139', '139', null, null, '2013-09-23', null, '1', '2', '0', '0', '0', null, null, '7', '3', '0', 'a', 'a', '0', '2', null, '2', null, 'Board', '', '', null, null, null, null, null, 'a', null, '0', '21', '2013-09-23', null, null);
INSERT INTO `requisition` VALUES ('140', '2013000140', '139', null, null, '2013-09-23', null, '1', '2', '0', '0', '0', null, null, '7', '3', '0', 'a', 'a', '0', '2', null, '5', null, 'Board', '', '', null, null, null, null, null, 'a', null, '0', '21', '2013-09-23', null, null);
INSERT INTO `requisition` VALUES ('141', '2013000141', '141', null, null, '2013-09-23', null, '1', '2', '0', '0', '0', null, '19', null, '1', '0', '', '', '0', '2', null, '2', null, '', '', '', null, null, null, null, null, '', null, '0', '21', '2013-09-23', null, null);
INSERT INTO `requisition` VALUES ('142', '2013000142', '142', null, null, '2013-09-24', null, '1', '2', '0', '0', '0', null, '19', null, '1', '0', 'a', 'a', '0', '2', null, '2', null, 'Board', '', '', null, null, null, null, null, 'a', null, '0', '21', '2013-09-24', null, null);
INSERT INTO `requisition` VALUES ('143', '2013000143', '142', null, null, '2013-09-24', null, '1', '2', '0', '0', '0', null, '19', null, '1', '0', 'a', 'a', '0', '2', null, '5', null, 'Board', '', '', null, null, null, null, null, 'a', null, '0', '21', '2013-09-24', null, null);
INSERT INTO `requisition` VALUES ('144', '2013000144', '144', null, null, '2013-09-24', null, '1', '2', '0', '0', '0', null, '19', null, '1', '0', 'a', 'a', '0', '2', null, '2', null, 'Board', '', '', null, null, null, null, null, 'a', null, '0', '21', '2013-09-24', null, null);
INSERT INTO `requisition` VALUES ('145', '2013000145', '144', null, null, '2013-09-24', null, '1', '2', '0', '0', '0', null, null, '7', '3', '0', 'a', 'a', '0', '2', null, '5', null, 'Board', '', '', null, null, null, null, null, 'a', null, '0', '21', '2013-09-24', null, null);
INSERT INTO `requisition` VALUES ('146', '2013000146', '146', null, null, '2013-09-24', null, '1', '2', '0', '0', '0', null, null, '7', '3', '0', 'a', 'a', '0', '2', null, '2', null, 'Board', '', '', null, null, null, null, null, 'a', null, '0', '21', '2013-09-24', null, null);
INSERT INTO `requisition` VALUES ('147', '2013000147', '146', null, null, '2013-09-24', null, '1', '2', '0', '0', '0', null, null, '7', '3', '0', 'a', 'a', '0', '2', null, '5', null, 'Board', '', '', null, null, null, null, null, 'a', null, '0', '21', '2013-09-24', null, null);
INSERT INTO `requisition` VALUES ('148', '2013000148', '148', null, null, '2013-09-24', null, '1', '2', '0', '0', '0', null, null, '5', '3', '0', 'a', 'a', '0', '2', null, '2', null, '', '', '', null, null, null, null, null, 'a', null, '0', '21', '2013-09-24', null, null);
INSERT INTO `requisition` VALUES ('149', '2013000149', '148', null, null, '2013-09-24', null, '1', '2', '0', '0', '0', null, null, '5', '3', '0', 'a', 'a', '0', '2', null, '5', null, '', '', '', null, null, null, null, null, 'a', null, '0', '21', '2013-09-24', null, null);
INSERT INTO `requisition` VALUES ('150', '2013000150', '150', null, null, '2013-09-24', null, '1', '2', '0', '0', '0', null, null, '5', '3', '0', '', '', '0', '2', null, '5', null, '', '', '', null, null, null, null, null, '', null, '0', '21', '2013-09-24', null, null);
INSERT INTO `requisition` VALUES ('151', '2013000151', '150', null, null, '2013-09-24', null, '1', '2', '0', '0', '0', null, null, '5', '3', '0', '', '', '0', '2', null, '2', null, '', '', '', null, null, null, null, null, '', null, '0', '21', '2013-09-24', null, null);
INSERT INTO `requisition` VALUES ('152', '2013000152', '152', null, null, '2013-09-24', null, '1', '2', '0', '0', '0', null, null, '5', '3', '0', '', '', '0', '2', null, '2', null, '', '', '', null, null, null, null, null, '', null, '0', '21', '2013-09-24', null, null);
INSERT INTO `requisition` VALUES ('153', '2013000153', '152', null, null, '2013-09-24', null, '1', '2', '0', '0', '0', null, null, '5', '3', '0', '', '', '0', '2', null, '5', null, '', '', '', null, null, null, null, null, '', null, '0', '21', '2013-09-24', null, null);
INSERT INTO `requisition` VALUES ('154', '2013000154', '154', null, null, '2013-09-24', null, '1', '2', '0', '0', '0', null, null, '5', '3', '0', 'Lorem Ipsum is simply dummy text of the printing and typesetting industry. Lorem Ipsum has been the industry\'s standard dummy text ever since the 1500s, when an unknown printer took a galley of type and scrambled it to make a type specimen book. It has sur', 'Lorem Ipsum is simply dummy text of the printing and typesetting industry. Lorem Ipsum has been the industry\'s standard dummy text ever since the 1500s, when an unknown printer took a galley of type and scrambled it to make a type specimen book. It h', '0', '2', null, '2', null, 'Board', '', '', null, null, null, null, null, 'Lorem Ipsum is simply dummy text of the printing and typesetting industry. Lorem Ipsum has been the industry\'s standard dummy text ever since the 1500s, when an unknown printer took a galley of type and scrambled it to make a type specimen book. It has su', null, '0', '21', '2013-09-24', null, null);
INSERT INTO `requisition` VALUES ('155', '2013000155', '154', null, null, '2013-09-24', null, '1', '2', '0', '0', '0', null, null, '5', '3', '0', 'Lorem Ipsum is simply dummy text of the printing and typesetting industry. Lorem Ipsum has been the industry\'s standard dummy text ever since the 1500s, when an unknown printer took a galley of type and scrambled it to make a type specimen book. It has sur', 'Lorem Ipsum is simply dummy text of the printing and typesetting industry. Lorem Ipsum has been the industry\'s standard dummy text ever since the 1500s, when an unknown printer took a galley of type and scrambled it to make a type specimen book. It h', '0', '2', null, '5', null, 'Board', '', '', null, null, null, null, null, 'Lorem Ipsum is simply dummy text of the printing and typesetting industry. Lorem Ipsum has been the industry\'s standard dummy text ever since the 1500s, when an unknown printer took a galley of type and scrambled it to make a type specimen book. It has su', null, '0', '21', '2013-09-24', null, null);
INSERT INTO `requisition` VALUES ('156', '2013000156', '156', null, null, '2013-09-25', null, '1', '2', '0', '0', '0', null, '19', null, '1', '0', 'a', 'a', '0', '2', null, '2', null, 'Board', '', '', null, null, null, null, null, 'a', null, '0', '21', '2013-09-25', null, null);
INSERT INTO `requisition` VALUES ('157', '2013000157', '156', null, null, '2013-09-25', null, '1', '2', '0', '0', '0', null, null, '7', '3', '0', 'a', 'a', '0', '2', null, '5', null, 'Board', '', '', null, null, null, null, null, 'a', null, '0', '21', '2013-09-25', null, null);
INSERT INTO `requisition` VALUES ('158', '2013000158', '158', null, null, '2013-09-25', null, '1', '2', '0', '0', '0', null, null, '5', '3', '0', 's', 'j', '0', '2', null, '2', null, 'Board', '', '', null, null, null, null, null, '', null, '0', '21', '2013-09-25', null, null);
INSERT INTO `requisition` VALUES ('159', '2013000159', '158', null, null, '2013-09-25', null, '1', '2', '0', '0', '0', null, null, '5', '3', '0', 's', 'j', '0', '2', null, '5', null, 'Board', '', '', null, null, null, null, null, '', null, '0', '21', '2013-09-25', null, null);
INSERT INTO `requisition` VALUES ('160', '2013000160', '160', null, null, '2013-09-25', null, '1', '2', '0', '0', '0', null, '19', null, '1', '0', '', '', '0', '2', null, '5', null, '', '', '', null, null, null, null, null, '', null, '0', '21', '2013-09-25', null, null);
INSERT INTO `requisition` VALUES ('161', '2013000161', '161', null, null, '2013-09-25', null, '1', '2', '0', '0', '0', null, '19', null, '1', '0', '', '', '0', '2', null, '5', null, 'Board', '../documents/PR/nature402252.jpg', '', null, null, null, null, null, '', null, '0', '21', '2013-09-25', null, null);
INSERT INTO `requisition` VALUES ('162', '2013000162', '161', null, null, '2013-09-25', null, '1', '2', '0', '0', '0', null, '19', null, '1', '0', '', '', '0', '2', null, '2', null, 'Board', '../documents/PR/nature802825.jpg', '', null, null, null, null, null, '', null, '0', '21', '2013-09-25', null, null);
INSERT INTO `requisition` VALUES ('163', '2013000163', '163', null, null, '2013-09-25', null, '1', '2', '0', '0', '0', null, '19', null, '1', '0', '', '', '0', '2', null, '5', null, 'Board', '../documents/PR/nature81817.jpg', '', null, null, null, null, null, '', null, '0', '21', '2013-09-25', null, null);
INSERT INTO `requisition` VALUES ('164', '2013000164', '163', null, null, '2013-09-25', null, '1', '2', '0', '0', '0', null, '19', null, '1', '0', '', '', '0', '2', null, '2', null, 'Board', '../documents/PR/nature344696.jpg', '', null, null, null, null, null, '', null, '0', '21', '2013-09-25', null, null);
INSERT INTO `requisition` VALUES ('165', '2013000165', '165', null, null, '2013-09-25', null, '1', '2', '0', '0', '0', null, '19', null, '1', '0', '', '', '0', '2', null, '5', null, 'Board', '../documents/PR/nature717163.jpg', '', null, null, null, null, null, '', null, '0', '21', '2013-09-25', null, null);
INSERT INTO `requisition` VALUES ('166', '2013000166', '165', null, null, '2013-09-25', null, '1', '2', '0', '0', '0', null, null, '5', '3', '0', '', '', '0', '2', null, '2', null, 'Board', '../documents/PR/nature915344.jpg', '', null, null, null, null, null, '', null, '0', '21', '2013-09-25', null, null);
INSERT INTO `requisition` VALUES ('167', '2013000167', '167', null, null, '2013-09-25', null, '1', '2', '0', '0', '0', null, '19', null, '1', '0', 'a', 'a', '0', '2', null, '2', null, '', '', '', null, null, null, null, null, '', null, '0', '21', '2013-09-25', null, null);
INSERT INTO `requisition` VALUES ('168', '2013000168', '168', null, null, '2013-09-26', null, '1', '2', '0', '0', '0', null, null, '5', '3', '0', 'a', 'a', '0', '2', null, '2', null, 'Management', '../documents/PR/DigitalArtSyntheticNature665679.jpg', '', null, null, null, null, null, 'a', null, '0', '21', '2013-09-26', null, null);
INSERT INTO `requisition` VALUES ('169', '2013000169', '168', null, null, '2013-09-26', null, '1', '2', '0', '0', '0', null, null, '5', '3', '0', 'a', 'a', '0', '2', null, '5', null, 'Management', '../documents/PR/DigitalArtSyntheticNature837738.jpg', '', null, null, null, null, null, 'a', null, '0', '21', '2013-09-26', null, null);
INSERT INTO `requisition` VALUES ('170', '2013000170', '170', null, null, '2013-09-28', null, '1', '2', '0', '0', '0', null, '19', null, '1', '0', 'aa', 'aa', '0', '2', null, '5', null, '', '', '', null, null, null, null, null, '', null, '0', '21', '2013-09-28', null, null);
INSERT INTO `requisition` VALUES ('171', '2013000171', '170', null, null, '2013-09-28', null, '1', '2', '0', '0', '0', null, null, '7', '3', '0', 'aa', 'aa', '0', '2', null, '2', null, '', '', '', null, null, null, null, null, '', null, '0', '21', '2013-09-28', null, null);
INSERT INTO `requisition` VALUES ('172', '2013000172', '172', null, null, '2013-09-28', null, '1', '2', '0', '0', '0', null, null, '5', '3', '0', 'a', 'a', '0', '2', null, '5', null, '', '', '', null, null, null, null, null, '', null, '0', '21', '2013-09-28', null, null);
INSERT INTO `requisition` VALUES ('173', '2013000173', '173', null, null, '2013-09-28', null, '1', '2', '0', '0', '0', null, '0', '5', '2', '0', 'a', 'a', '0', '2', null, '5', null, '', '', '', null, null, null, null, null, 'a', null, '0', '21', '2013-09-28', null, null);
INSERT INTO `requisition` VALUES ('174', '2013000174', '174', null, null, '2013-09-28', null, '1', '2', '0', '0', '0', null, null, '5', '3', '0', 'a', 'a', '0', '2', null, '5', null, '', '', '', null, null, null, null, null, '', null, '0', '21', '2013-09-28', null, null);
INSERT INTO `requisition` VALUES ('175', '2013000175', '175', null, null, '2013-09-28', null, '1', '2', '0', '0', '0', null, '19', null, '1', '0', 'aaa', 'aaaaaa', '0', '2', null, '2', null, 'Board', '../documents/PR/1stGradeWordLists830261.pdf', '', null, null, null, null, null, 'aaaa', null, '0', '21', '2013-09-28', null, null);
INSERT INTO `requisition` VALUES ('176', '2013000176', '175', null, null, '2013-09-28', null, '1', '2', '0', '0', '0', null, '19', null, '1', '0', 'aaa', 'aaaaaa', '0', '2', null, '5', null, 'Board', '../documents/PR/1stGradeWordLists571899.pdf', '', null, null, null, null, null, 'aaaa', null, '0', '21', '2013-09-28', null, null);
INSERT INTO `requisition` VALUES ('177', '2013000177', '177', null, null, '2013-09-28', null, '1', '2', '0', '0', '0', null, '19', null, '1', '0', 'a', 'a', '0', '2', null, '5', null, 'Board', '../documents/PR/1stGradeWordLists956604.pdf', '', null, null, null, null, null, 'a', null, '0', '21', '2013-09-28', null, null);
INSERT INTO `requisition` VALUES ('178', '2013000178', '178', null, null, '2013-09-28', null, '1', '2', '0', '0', '0', null, null, '5', '3', '0', 'ssssssssssssssss', 'jjjjjjjjjjjjjjjjjjjjjj', '0', '2', null, '5', null, 'Board', '../documents/PR/1stGradeWordLists511627.pdf', '', null, null, null, null, null, '', null, '0', '21', '2013-09-28', null, null);
INSERT INTO `requisition` VALUES ('179', '2013000179', '178', null, null, '2013-09-28', null, '1', '2', '0', '0', '0', null, '19', null, '1', '0', 'ssssssssssssssss', 'jjjjjjjjjjjjjjjjjjjjjj', '0', '2', null, '2', null, 'Board', '../documents/PR/1stGradeWordLists287200.pdf', '', null, null, null, null, null, '', null, '0', '21', '2013-09-28', null, null);
INSERT INTO `requisition` VALUES ('180', '2013000180', '180', null, null, '2013-09-29', null, '1', '2', '0', '0', '0', null, null, '5', '3', '0', 's', 'j', '0', '2', null, '5', null, 'Board', '../documents/PR/1stGradeWordLists391510.pdf', '', null, null, null, null, null, '', null, '0', '21', '2013-09-29', null, null);
INSERT INTO `requisition` VALUES ('181', '2013000181', '180', null, null, '2013-09-29', null, '1', '2', '0', '0', '0', null, '19', null, '1', '0', 's', 'j', '0', '2', null, '2', null, 'Board', '../documents/PR/1stGradeWordLists768554.pdf', '', null, null, null, null, null, '', null, '0', '21', '2013-09-29', null, null);
INSERT INTO `requisition` VALUES ('182', '2013000182', '182', null, null, '2013-10-05', null, '1', '2', '0', '0', '0', null, null, '5', '3', '0', 'fw', 'fwfw', '0', '2', null, '2', null, 'Board', '../documents/PR/nature430084.jpg', '', null, null, null, null, null, 'fwf', null, '0', '21', '2013-10-05', null, null);
INSERT INTO `requisition` VALUES ('183', '2013000183', '182', null, null, '2013-10-05', null, '1', '2', '0', '0', '0', null, null, '5', '3', '0', 'fw', 'fwfw', '0', '2', null, '5', null, 'Board', '../documents/PR/nature975189.jpg', '', null, null, null, null, null, 'fwf', null, '0', '21', '2013-10-05', null, null);
INSERT INTO `requisition` VALUES ('184', '2013000184', '184', null, null, '2013-10-05', null, '1', '2', '0', '0', '0', null, '20', null, '1', '0', 'e', 'e', '0', '2', null, '2', null, '', '', '', null, null, null, null, null, '', null, '0', '19', '2013-10-05', null, null);
INSERT INTO `requisition` VALUES ('185', '2013000185', '185', null, null, '2013-10-21', null, '1', '2', '0', '0', '0', null, '19', null, '1', '0', 'x', 'x', '0', '2', null, '2', null, '', '', '', null, null, null, null, null, '', null, '0', '18', '2013-10-21', null, null);
INSERT INTO `requisition` VALUES ('186', '2013000186', '186', null, null, '2013-10-21', null, '1', '2', '0', '0', '0', null, '19', null, '1', '0', 'x', 'x', '0', '2', null, '2', null, '', '', '', null, null, null, null, null, '', null, '0', '18', '2013-10-21', null, null);
INSERT INTO `requisition` VALUES ('187', '2013000187', '187', null, null, '2013-10-21', null, '1', '2', '0', '0', '0', null, '19', null, '1', '0', 'x', 'x', '0', '2', null, '2', null, '', '', '', null, null, null, null, null, '', null, '0', '18', '2013-10-21', null, null);
INSERT INTO `requisition` VALUES ('188', '2013000188', '188', null, null, '2013-10-21', null, '1', '2', '0', '0', '0', null, '19', null, '1', '0', 'x', 'x', '0', '2', null, '2', null, '', '', '', null, null, null, null, null, '', null, '0', '18', '2013-10-21', null, null);
INSERT INTO `requisition` VALUES ('189', '2013000189', '189', null, null, '2013-10-21', null, '1', '2', '0', '0', '0', null, '19', null, '1', '0', 'x', 'x', '0', '2', null, '2', null, '', '', '', null, null, null, null, null, '', null, '0', '18', '2013-10-21', null, null);
INSERT INTO `requisition` VALUES ('190', '2013000190', '190', null, null, '2013-10-21', null, '1', '2', '0', '0', '0', null, '19', null, '1', '0', 'w', 'w', '0', '2', null, '', null, '', '', '', null, null, null, null, null, '', null, '0', '18', '2013-10-21', null, null);
INSERT INTO `requisition` VALUES ('191', '2013000191', '191', null, null, '2013-10-21', null, '1', '2', '0', '0', '0', null, '19', null, '1', '0', 'w', 'w', '0', '2', null, '', null, '', '', '', null, null, null, null, null, '', null, '0', '18', '2013-10-21', null, null);
INSERT INTO `requisition` VALUES ('192', '2013000192', '192', null, null, '2013-10-21', null, '1', '2', '0', '0', '0', null, '19', null, '1', '0', 'r', 'r', '0', '2', null, '', null, '', '', '', null, null, null, null, null, '', null, '0', '18', '2013-10-21', null, null);
INSERT INTO `requisition` VALUES ('193', '2013000193', '193', null, null, '2013-10-21', null, '1', '2', '0', '0', '0', null, '19', null, '1', '0', 'g', 'g', '0', '2', null, '1', null, '', '', '', null, null, null, null, null, '', null, '0', '18', '2013-10-21', null, null);
INSERT INTO `requisition` VALUES ('194', '2013000194', '194', null, null, '2013-10-21', null, '1', '2', '0', '0', '0', null, '19', null, '1', '0', 'x', 'x', '0', '2', null, '3', null, '', '', '', null, null, null, null, null, '', null, '0', '18', '2013-10-21', null, null);
INSERT INTO `requisition` VALUES ('195', '2013000195', '195', null, null, '2013-10-21', null, '1', '2', '0', '0', '0', null, '19', null, '1', '0', 'as', 'as', '0', '2', null, '', null, '', '', '', null, null, null, null, null, '', null, '0', '18', '2013-10-21', null, null);
INSERT INTO `requisition` VALUES ('196', '2013000196', '196', null, null, '2013-10-21', null, '1', '2', '0', '0', '0', null, '19', null, '1', '0', 's', 'j', '0', '2', null, '1', null, 'Board', '', '', null, null, null, null, null, 're', null, '0', '18', '2013-10-21', null, null);
INSERT INTO `requisition` VALUES ('197', '2013000197', '197', null, null, '2013-10-22', null, '1', '2', '0', '0', '0', null, null, '5', '3', '0', 'l', 'g', '0', '2', null, '1', null, 'Board', '', '', null, null, null, null, null, 'r', null, '0', '18', '2013-10-22', null, null);
INSERT INTO `requisition` VALUES ('198', '2013000198', '198', null, null, '2013-10-24', null, '1', '2', '0', '0', '0', null, null, '7', '3', '0', 'dfdf', 'df', '0', '2', null, '5', null, 'Board', '../documents/PR/imaages328674.jpg', '', null, null, null, null, null, '', null, '0', '19', '2013-10-24', null, null);
INSERT INTO `requisition` VALUES ('199', '2013000199', '198', null, null, '2013-10-24', null, '1', '2', '0', '0', '0', null, '20', null, '1', '0', 'dfdf', 'df', '0', '2', null, '2', null, 'Board', '../documents/PR/imaages342773.jpg', '', null, null, null, null, null, '', null, '0', '19', '2013-10-24', null, null);

-- ----------------------------
-- Table structure for `requisition_approval`
-- ----------------------------
DROP TABLE IF EXISTS `requisition_approval`;
CREATE TABLE `requisition_approval` (
  `APPROVAL_NOTE_ID` int(11) NOT NULL AUTO_INCREMENT,
  `CS_ID` int(11) DEFAULT NULL,
  `REF` varchar(255) DEFAULT NULL,
  `DATE` date DEFAULT NULL,
  `CC` varchar(255) DEFAULT NULL,
  `SUBJECT` varchar(255) DEFAULT NULL,
  `BODY` text,
  `APPROVED` int(2) DEFAULT NULL,
  `PRESENT_LOCATION_ID` int(11) DEFAULT NULL,
  `USER_LEVEL_ID` int(3) DEFAULT NULL,
  `STATUS` int(2) DEFAULT NULL,
  `FOOTER` varchar(255) DEFAULT NULL,
  `CREATED_BY` varchar(50) CHARACTER SET utf8 DEFAULT NULL,
  `CREATED_DATE` date DEFAULT NULL,
  `MODIFY_DATE` date NOT NULL,
  `MODIFY_BY` varchar(50) CHARACTER SET utf8 NOT NULL COMMENT 'Modify By,,Y,,,20,',
  PRIMARY KEY (`APPROVAL_NOTE_ID`)
) ENGINE=InnoDB AUTO_INCREMENT=36 DEFAULT CHARSET=latin1;

-- ----------------------------
-- Records of requisition_approval
-- ----------------------------
INSERT INTO `requisition_approval` VALUES ('4', '4', null, null, null, null, null, null, null, '17', '3', null, null, null, '0000-00-00', '');
INSERT INTO `requisition_approval` VALUES ('5', '6', 'sdsadasd', '2013-08-21', '<br>', 'Subject: Limit of Cash ', 'Dear Sir, ', null, null, '0', '10', 'Your Replay............. ', '21', '2013-09-12', '0000-00-00', '');
INSERT INTO `requisition_approval` VALUES ('6', '6', '', '0000-00-00', '<br>', 'Subject: Limit of Cash ', 'Dear Sir, ', null, null, '0', '10', 'Your Replay............. ', '21', '2013-09-12', '0000-00-00', '');
INSERT INTO `requisition_approval` VALUES ('7', '6', '', '0000-00-00', '<br>', 'Subject: Limit of Cash ', 'Dear Sir, ', null, null, '0', '10', 'Your Replay............. ', '21', '2013-09-12', '0000-00-00', '');
INSERT INTO `requisition_approval` VALUES ('8', '5', 'sdasdasdsad', '2013-09-04', 'ssssssssssssssssssss fffffffffffff vvvvvvvvvvvvv<br>ggggggggggggggggg<br>hhhhhhhhhhhhhhhhhh<br>jjjjjjjjjjjjjjj<br>', 'Subject: Limit of Cashvvvvvvvvvvvvv<br>ddddddddddddddddddddddddd<br>eeeeeeeeeeeeeeeeeeee<br>ttttttttttt<br>', 'Dear Sir,<br>ggggggggggggg<br>ttttttttttttttttttt<br>eeeeeeeeeeeeee<br>wwwwwwwwwwww<br>', null, null, '0', '10', 'Your Replay.............dddddddddddddddddddddd<br>ggggggggggggggggggggggggggggggggggggggggggggggggggg<br>', '21', '2013-09-12', '0000-00-00', '');
INSERT INTO `requisition_approval` VALUES ('9', '7', 'cccc', '2013-09-19', 'ccccccccccc<br>', 'Subject: Limit of Cashcc', 'Dear Sir, ', null, null, '0', '3', 'Your Replay............. ', '21', '2013-09-19', '0000-00-00', '');
INSERT INTO `requisition_approval` VALUES ('10', '8', 'asasas', '2013-09-18', 'asasa<br>', 'Subject: Limit of Cashsasa', 'Dear Sir,sasa', null, null, '2', '3', 'Your Replay.............asasa', '21', '2013-09-22', '0000-00-00', '');
INSERT INTO `requisition_approval` VALUES ('11', '9', 'zxZX', '2013-09-23', 'xxxxxxxxxxxxxxxxx<br>', 'Subject: Limit of Cashccccccccccccccccccc', 'Dear Sir,vvvvvvvvvvvvvvvvvvvvvvvv', null, null, '0', '10', 'Your Replay............. ', '21', '2013-09-23', '0000-00-00', '');
INSERT INTO `requisition_approval` VALUES ('12', '10', 'qqqqqqqqqqqq', '2013-09-16', 'ssssssssssssssss<br>', 'Subject: Limit of Cashdddddddddddddddddd', 'Dear Sir,dvvvvvvvvvvvvvvvvv', null, null, '2', '3', 'Your Replay............. ', '21', '2013-09-23', '0000-00-00', '');
INSERT INTO `requisition_approval` VALUES ('13', '11', '', '0000-00-00', '<br>', 'Subject: Limit of Cash ', 'Dear Sir, ', null, null, '2', '3', 'Your Replay............. ', '22', '2013-09-23', '0000-00-00', '');
INSERT INTO `requisition_approval` VALUES ('14', '12', 'ref', '2013-09-10', 'to<br>', 'sub', 'body', null, null, '0', '10', 'bottom', '626', '2013-09-24', '0000-00-00', '');
INSERT INTO `requisition_approval` VALUES ('15', '13', 'ss', '2013-09-10', '<BR>as', 'Subject: Limit of Cash sas', 'Dear Sir, asas', null, null, '0', '10', 'Your Replay............. asas', '627', '2013-09-24', '0000-00-00', '');
INSERT INTO `requisition_approval` VALUES ('16', '14', 'ref', '2013-09-24', 'to<BR>', 'Subject: Limit of Cash ', 'Dear Sir, ', null, null, '0', '10', 'Your Replay............. ', '626', '2013-09-24', '0000-00-00', '');
INSERT INTO `requisition_approval` VALUES ('17', '15', 'Memo#123/12', '2013-09-25', '<P>Mr. Faruk Ahmed</P>\r\n<P>Apsis Solutions Ltd<BR></P>dsadsadsadsadasdsad', 'Subject: Limit of Cash ', '<P>Dear Sir, </P>\r\n<P>&nbsp;</P>\r\n<P>jkfhkjhdsfjh jsdhkfjhdsjhfjhsdjk hasdkjhfkjhjsdhkjfh shdfjkhjsdjfsdhafkjdagkjshdjkh hjhjgjhsgdhfghg jhajfhadjghjadfhg</P>\r\n<P>adfjhjhfdjhgjhfdjag</P>\r\n<P>jfhghajfdhjghjfhdjhjghfdjjjjjjhvvvvvvvvvvvvvvvvvvvvvvvvvvvvvvvvvvfgggggggggggggggggggggggggjjjjjjjjjjjjjjjjjjjgvbxv</P>\r\n<P>xcxhgzcghgh ghsdagchgsahgdj ahgsjdhg</P>', null, null, '0', '10', 'Your Replay............. ', '626', '2013-09-25', '0000-00-00', '');
INSERT INTO `requisition_approval` VALUES ('18', '16', '', '0000-00-00', 'sdsdasdasdasdasdasdasdsad', 'Subject: Limit of Cash ', 'Dear Sir, ', null, null, '17', '1', 'Your Replay............. ', '626', '2013-09-25', '0000-00-00', '');
INSERT INTO `requisition_approval` VALUES ('19', '16', 'dgfgg', '2013-09-25', '<br>', 'Subject: Limit of Cash ', 'Dear Sir, ', null, null, '17', '1', 'Your Replay............. ', '626', '2013-09-25', '0000-00-00', '');
INSERT INTO `requisition_approval` VALUES ('20', '17', 'fffffffff', '2013-09-18', 'adasdsadasd', 'Subject: Limit of Cash ', 'Dear Sir, ', null, null, '17', '1', 'Your Replay............. ', '627', '2013-09-25', '0000-00-00', '');
INSERT INTO `requisition_approval` VALUES ('21', '18', '', '0000-00-00', '<br>', 'Subject: Limit of Cash ', 'Dear Sir, ', null, null, '17', '1', 'Your Replay............. ', '627', '2013-09-25', '0000-00-00', '');
INSERT INTO `requisition_approval` VALUES ('22', '18', '', '0000-00-00', '<br>', 'Subject: Limit of Cash ', 'Dear Sir, ', null, null, '17', '1', 'Your Replay............. ', '628', '2013-09-26', '0000-00-00', '');
INSERT INTO `requisition_approval` VALUES ('23', '19', 'ref', '2013-09-26', '<h5 class=\" print-only\">The government has decided to lay the foundation\r\n of the coal-based Rampal Thermal Power Plant in Bagherhat, near the \r\nSundarbans, on Oct 22 despite vehement and widespread opposition by \r\nenvironmental activists and other social', 'The Prime Ministers \r\nEnergy Adviser Tawfiq-E-Elahi Chowdhury made the announcement at a press \r\nconference held at Bidyut Bhaban in the capital on Wednesday.<br><br>He said it \r\nwas not yet final whether Prime Minister Sheikh Hasina would herself lay ', 'Environmentalists, political activists, and \r\nthe local people of Bagherhats Rampal fear the plant will endanger the very \r\nexistence of the worlds largest mangrove forest.<br><br>Members of the National \r\nCommittee on Protection of Oil, Gas, Mineral Resources, and Power-Port are \r\nheading for the plant site, barely 14km off the Sundarbans, in a Long-march in a \r\nbid to stall the project.<br><br>The government has been claiming that the \r\nenvironment would not be harmed, as there would be enough checks to prevent \r\npollution.<br><br>Regarding the opposition and widespread fear of environmental \r\nharm, Chowdhury said, The matter has to be understood with a scientific \r\noutlook, not emotion.<br><br>Their criticism is not based on information and \r\ntechnological knowledge. Our decision is based on real terms, and not emotions, \r\nhe said.<br><br>Power Secretary Monowar Islam argued that coal was used to \r\nproduce 41 percent of the world\'s electricity. It accounted for 68 percent of \r\nIndia\'s power generation, while its share in Bangladesh\'s electricity production \r\nwas less than one percent.', null, null, '17', '1', 'Bangladesh singed an \r\nagreement with India in January last year to set up the 1,320MW facility named \r\nBangladesh-India Friendship Power Company Limited. The neighbouring countries \r\nwill be equal partners in it.', '627', '2013-09-26', '0000-00-00', '');
INSERT INTO `requisition_approval` VALUES ('24', '21', 'City/Memo-203', '2013-09-26', 'Bangladesh singed an \r\nagreement with India in January last year to set up the 1,320MW facility named \r\nBangladesh-India Friendship Power Company Limited. The neighbouring countries \r\nwill be equal partners in it.', 'Environmentalists, political activists, and \r\nthe local people of Bagherhats Rampal fear the plant will endanger the very \r\nexistence of the worlds largest mangrove forest.<br><br>Members of the National \r\nCommittee on Protection of Oil, Gas, Minera', 'The government has been claiming that the \r\nenvironment would not be harmed, as there would be enough checks to prevent \r\npollution.<br><br>Regarding the opposition and widespread fear of environmental \r\nharm, Chowdhury said, The matter has to be understood with a scientific \r\noutlook, not emotion.<br><br>Their criticism is not based on information and \r\ntechnological knowledge. Our decision is based on real terms, and not emotions, \r\nhe said.<br><br>Power Secretary Monowar Islam argued that coal was used to \r\nproduce 41 percent of the world\'s electricity. It accounted for 68 percent of \r\nIndia\'s power generation, while its share in Bangladesh\'s electricity production \r\nwas less than one percent.<br><br>The government plans to raise the daily power \r\nproduction to 24,000MW by 2021 and to 40,000MW by 2030', null, null, '0', '10', 'Your Replay............. ', '626', '2013-09-26', '0000-00-00', '');
INSERT INTO `requisition_approval` VALUES ('25', '22', '11111111', '2013-09-10', 'aaaaaaaaaaa<BR>', 'Subject: Limit of Cash ccccccccccccccccccc', 'Dear Sir, ccccccccccccccccccccccc', null, null, '0', '10', 'Your Replay............. sssssssssssssssss', '626', '2013-09-28', '0000-00-00', '');
INSERT INTO `requisition_approval` VALUES ('26', '23', 'City-201/A6', '2013-09-28', 'xxxxxxxxxxxx', 'Subject: Limit of Cashxxxxxxxxxx', 'Dear Sir,xxxxxxxxxxx', null, null, '17', '1', 'Your Replay.............zxxxxxxxxxxxxx', '626', '2013-09-28', '0000-00-00', '');
INSERT INTO `requisition_approval` VALUES ('29', '24', 'City-201/A6', '2013-09-28', '<br>', 'Subject: Limit of Cash ', 'Dear Sir, ', null, null, '0', '3', 'Your Replay............. ', '626', '2013-09-28', '0000-00-00', '');
INSERT INTO `requisition_approval` VALUES ('30', '25', 'cirt/2004', '2013-09-12', 'ccccccccccc<br>', 'Subject: Limit of Cashd2', 'Dear Sir,asds<br>adsa<br>d<br>sadsa<br>dsa<br>d<br>sadsadsad<br>sdasdsadsad<br>sad<br>sad<br>asd<br>', null, null, '17', '3', 'Your Replay.............sdsadsadsad', '626', '2013-09-28', '0000-00-00', '');
INSERT INTO `requisition_approval` VALUES ('31', '26', 'City-201/A6', '2013-09-30', 'Head Of It', 'Subject: Limit of Cash ', 'Dear Sir, ', null, null, '2', '3', 'Your Replay............. ', '626', '2013-09-29', '0000-00-00', '');
INSERT INTO `requisition_approval` VALUES ('32', '27', '', '2013-10-31', 'c z', 'Subject: Limit of Cashcxc x', 'Dear Sir,x z&nbsp;', null, null, '7', '3', 'Your Replay.............zx zx z', '22', '2013-10-05', '0000-00-00', '');
INSERT INTO `requisition_approval` VALUES ('33', '28', 'City-201/A6', '2013-10-31', 'c', 'Subject: Limit of Cashc', 'Dear Sir,cccccccccccccccccccccccccccccccc', null, null, '1', '3', 'Your Replay............. ', '634', '2013-10-22', '0000-00-00', '');
INSERT INTO `requisition_approval` VALUES ('34', '29', 'cbl/13/430', '2013-10-31', 'Yasha &amp; Daniela have been dancing together since they were three \r\nyears old! See if their moves set to Pitbull and Tina Turner tunes get \r\nthem to Las Vegas.<br><br>Subscribe Now for More AGT: <a href=\"http://full.sc/IlBBvK\" target=\"_blank\" title=\"ht', 'Subject: Limit of CaYasha &amp; Daniela have been dancing together since they were three \r\nyears old! See if their moves set to Pitbull and Tina Turner tunes get \r\nthem to Las Vegas.<br><br>Subscribe Now for More AGT: <a href=\"http://full.sc/IlBBvK\" targe', 'Dear Sir, Yasha &amp; Daniela have been dancing together since they were three \r\nyears old! See if their moves set to Pitbull and Tina Turner tunes get \r\nthem to Las Vegas.<br><br>Subscribe Now for More AGT: <a href=\"http://full.sc/IlBBvK\" target=\"_blank\" title=\"http://full.sc/IlBBvK\" rel=\"nofollow\" dir=\"ltr\" class=\"yt-uix-redirect-link\">http://full.sc/IlBBvK</a><br><br>Get more America\'s Got Talent: <br><a href=\"http://www.nbc.com/americas-got-talent/\" target=\"_blank\" title=\"http://www.nbc.com/americas-got-talent/\" rel=\"nofollow\" dir=\"ltr\" class=\"yt-uix-redirect-link\">http://www.nbc.com/americas-got-talent/</a><br>Full Episodes: <a href=\"http://www.nbc.com/americas-got-talent/video/\" target=\"_blank\" title=\"http://www.nbc.com/americas-got-talent/video/\" rel=\"nofollow\" dir=\"ltr\" class=\"yt-uix-redirect-link\">http://www.nbc.com/americas-got-talen...</a><br><br>Like AGT: <a href=\"https://www.facebook.com/nbcagt\" target=\"_blank\" title=\"https://www.facebook.com/nbcagt\" rel=\"nofollow\" dir=\"ltr\" class=\"yt-uix-redirect-link\">https://www.facebook.com/nbcagt</a><br>Follow AGT: <a href=\"https://twitter.com/nbcagt\" target=\"_blank\" title=\"https://twitter.com/nbcagt\" rel=\"nofollow\" dir=\"ltr\" class=\"yt-uix-redirect-link\">https://twitter.com/nbcagt</a><br>AGT Tumblr: <a href=\"http://nbcagt.tumblr.com/\" target=\"_blank\" title=\"http://nbcagt.tumblr.com/\" rel=\"nofollow\" dir=\"ltr\" class=\"yt-uix-redirect-link\">http://nbcagt.tumblr.com/</a><br>AGT Google+: <a href=\"https://plus.google.com/+nbcagt/posts\" target=\"_blank\" title=\"https://plus.google.com/+nbcagt/posts\" rel=\"nofollow\" dir=\"ltr\" class=\"yt-uix-redirect-link\">https://plus.google.com/+nbcagt/posts</a><br>AGT on Pinterest: <a href=\"http://full.sc/LMUw0U\" target=\"_blank\" title=\"http://full.sc/LMUw0U\" rel=\"nofollow\" dir=\"ltr\" class=\"yt-uix-redirect-link\">http://full.sc/LMUw0U</a><br>AGT Instagram: <a href=\"http://instagram.com/nbcagt\" target=\"_blank\" title=\"http://instagram.com/nbcagt\" rel=\"nofollow\" dir=\"ltr\" class=\"yt-uix-redirect-link\">http://instagram.com/nbcagt</a><br>', null, '0', '10', '10', 'Your Replay............. Yasha &amp; Daniela have been dancing together since they were three \r\nyears old! See if their moves set to Pitbull and Tina Turner tunes get \r\nthem to Las Vegas.<br><br>Subscribe Now for More AGT: <a href=\"http://full.sc/IlBBvK\" ', '22', '2013-10-24', '0000-00-00', '');
INSERT INTO `requisition_approval` VALUES ('35', '30', 'CBL/2013/266', '2013-10-31', 'Contrary to popular belief, Lorem Ipsum is not simply random text. It \r\nhas roots in a piece of classical Latin literature from 45 BC, making it\r\n over 2000 years old. Richard McClintock, a Latin professor at \r\nHampden-Sydney College in Virginia, looked u', 'Subject: Limit of Cash Contrary to popular belief, Lorem Ipsum is not simply random text. It \r\nhas roots in a piece of classical Latin literature from 45 BC, making it\r\n over 2000 years old. Richard McClintock, a Latin professor at \r\nHampden-Sydney Colleg', 'Dear Sir, Contrary to popular belief, Lorem Ipsum is not simply random text. It \r\nhas roots in a piece of classical Latin literature from 45 BC, making it\r\n over 2000 years old. Richard McClintock, a Latin professor at \r\nHampden-Sydney College in Virginia, looked up one of the more obscure \r\nLatin words, consectetur, from a Lorem Ipsum passage, and going through \r\nthe cites of the word in classical literature, discovered the \r\nundoubtable source. Lorem Ipsum comes from sections 1.10.32 and 1.10.33 \r\nof \"de Finibus Bonorum et Malorum\" (The Extremes of Good and Evil) by \r\nCicero, written in 45 BC. This book is a treatise on the theory of \r\nethics, very popular during the Renaissance. The first line of Lorem \r\nIpsum, \"Lorem ipsum dolor sit amet..\", comes from a line in section \r\n1.10.32.Contrary to popular belief, Lorem Ipsum is not simply random text. It \r\nhas roots in a piece of classical Latin literature from 45 BC, making it\r\n over 2000 years old. Richard McClintock, a Latin professor at \r\nHampden-Sydney College in Virginia, looked up one of the more obscure \r\nLatin words, consectetur, from a Lorem Ipsum passage, and going through \r\nthe cites of the word in classical literature, discovered the \r\nundoubtable source. Lorem Ipsum comes from sections 1.10.32 and 1.10.33 \r\nof \"de Finibus Bonorum et Malorum\" (The Extremes of Good and Evil) by \r\nCicero, written in 45 BC. This book is a treatise on the theory of \r\nethics, very popular during the Renaissance. The first line of Lorem \r\nIpsum, \"Lorem ipsum dolor sit amet..\", comes from a line in section \r\n1.10.32.', null, '0', '10', '10', 'Your Replay............. Contrary to popular belief, Lorem Ipsum is not simply random text. It \r\nhas roots in a piece of classical Latin literature from 45 BC, making it\r\n over 2000 years old. Richard McClintock, a Latin professor at \r\nHampden-Sydney Coll', '22', '2013-10-24', '0000-00-00', '');

-- ----------------------------
-- Table structure for `requisition_cc_list`
-- ----------------------------
DROP TABLE IF EXISTS `requisition_cc_list`;
CREATE TABLE `requisition_cc_list` (
  `REQUISITION_CC_LIST_ID` int(11) NOT NULL AUTO_INCREMENT,
  `REQUISITION_ID` int(11) DEFAULT NULL,
  `PRODUCT_ID` int(11) DEFAULT NULL,
  `REQUISITION_CC_ID` int(3) DEFAULT NULL,
  `CC_PERCENT` decimal(15,2) DEFAULT NULL,
  `CC_AMOUNT` decimal(15,4) DEFAULT NULL,
  `SOL_ID` int(4) DEFAULT NULL,
  `CREATED_DATE` datetime DEFAULT NULL,
  `MODIFY_BY` varchar(50) DEFAULT NULL,
  `MODIFY_DATE` datetime DEFAULT NULL,
  `BUDGET` int(20) DEFAULT NULL,
  `CREATED_BY` varchar(50) DEFAULT NULL,
  PRIMARY KEY (`REQUISITION_CC_LIST_ID`)
) ENGINE=InnoDB AUTO_INCREMENT=210 DEFAULT CHARSET=latin1;

-- ----------------------------
-- Records of requisition_cc_list
-- ----------------------------
INSERT INTO `requisition_cc_list` VALUES ('74', '145', '2562', '32', '1.00', '22.0000', '0', '2013-09-24 10:38:33', null, null, null, '19');
INSERT INTO `requisition_cc_list` VALUES ('89', '144', '1221', '65', '2.00', '45.0000', '0', '2013-09-24 12:37:43', null, null, null, '19');
INSERT INTO `requisition_cc_list` VALUES ('90', '144', '1221', '47', '2.00', '2323.0000', '0', '2013-09-24 12:37:51', null, null, null, '19');
INSERT INTO `requisition_cc_list` VALUES ('92', '146', '1221', '76', null, '100.0000', '0', '2013-09-24 12:50:46', null, null, null, '21');
INSERT INTO `requisition_cc_list` VALUES ('93', '147', '2562', '70', '3.00', '100.0000', '0', '2013-09-24 12:50:56', null, null, null, '21');
INSERT INTO `requisition_cc_list` VALUES ('94', '148', '1221', '61', '33.00', '100.0000', '0', '2013-09-24 14:05:00', null, null, null, '21');
INSERT INTO `requisition_cc_list` VALUES ('95', '149', '2562', '76', '4.00', '100.0000', '0', '2013-09-24 14:05:10', null, null, null, '21');
INSERT INTO `requisition_cc_list` VALUES ('97', '150', '2562', '20', '4.00', '45.0000', '0', '2013-09-24 14:49:15', null, null, null, '626');
INSERT INTO `requisition_cc_list` VALUES ('98', '152', '1221', '76', '4.00', '20.0000', '0', '2013-09-24 16:07:13', null, null, null, '21');
INSERT INTO `requisition_cc_list` VALUES ('99', '152', '1221', '28', '44.00', '100.0000', '0', '2013-09-24 16:13:02', null, null, null, '627');
INSERT INTO `requisition_cc_list` VALUES ('100', '155', '2562', '38', '5.00', '100.0000', '0', '2013-09-24 16:31:14', null, null, null, '21');
INSERT INTO `requisition_cc_list` VALUES ('101', '154', '1221', '50', '5.00', '30.0000', '0', '2013-09-24 16:31:27', null, null, null, '21');
INSERT INTO `requisition_cc_list` VALUES ('102', '154', '1221', '47', '5.00', '30.0000', '0', '2013-09-24 16:31:45', null, null, null, '21');
INSERT INTO `requisition_cc_list` VALUES ('103', '154', '1221', '66', '5.00', '40.0000', '0', '2013-09-24 16:31:59', null, null, null, '21');
INSERT INTO `requisition_cc_list` VALUES ('104', '154', '1014', '21', '5.00', '100.0000', '0', '2013-09-24 16:32:23', null, null, null, '21');
INSERT INTO `requisition_cc_list` VALUES ('105', '154', '1002', '38', '5.00', '50.0000', '0', '2013-09-24 16:32:33', null, null, null, '21');
INSERT INTO `requisition_cc_list` VALUES ('106', '154', '1002', '91', '5.00', '50.0000', '0', '2013-09-24 16:32:43', null, null, null, '21');
INSERT INTO `requisition_cc_list` VALUES ('107', '155', '2562', '50', '5.00', '100.0000', '0', '2013-09-24 16:46:09', null, null, null, '626');
INSERT INTO `requisition_cc_list` VALUES ('108', '157', '2562', '91', '5.00', '100.0000', '0', '2013-09-25 10:14:17', null, null, null, '21');
INSERT INTO `requisition_cc_list` VALUES ('109', '156', '1221', '47', '5.00', '50.0000', '0', '2013-09-25 10:14:36', null, null, null, '21');
INSERT INTO `requisition_cc_list` VALUES ('110', '156', '1221', '28', '5.00', '50.0000', '0', '2013-09-25 10:14:59', null, null, null, '21');
INSERT INTO `requisition_cc_list` VALUES ('111', '156', '1014', '43', '5.00', '100.0000', '0', '2013-09-25 10:16:25', null, null, null, '21');
INSERT INTO `requisition_cc_list` VALUES ('112', '158', '1014', '20', '5.00', '50.0000', '0', '2013-09-25 10:27:25', null, null, null, '21');
INSERT INTO `requisition_cc_list` VALUES ('113', '158', '1014', '50', '5.00', '50.0000', '0', '2013-09-25 10:27:39', null, null, null, '21');
INSERT INTO `requisition_cc_list` VALUES ('118', '158', '1165', '47', '5.00', '30.0000', '0', '2013-09-25 10:30:13', null, null, null, '21');
INSERT INTO `requisition_cc_list` VALUES ('119', '158', '1165', '28', '5.00', '30.0000', '0', '2013-09-25 10:30:24', null, null, null, '21');
INSERT INTO `requisition_cc_list` VALUES ('120', '158', '1165', '47', '5.00', '40.0000', '0', '2013-09-25 10:30:34', null, null, null, '21');
INSERT INTO `requisition_cc_list` VALUES ('121', '159', '2562', '28', '55.00', '30.0000', '0', '2013-09-25 10:30:54', null, null, null, '21');
INSERT INTO `requisition_cc_list` VALUES ('122', '159', '2562', '18', '5.00', '30.0000', '0', '2013-09-25 10:31:03', null, null, null, '21');
INSERT INTO `requisition_cc_list` VALUES ('123', '159', '2562', '70', '5.00', '40.0000', '0', '2013-09-25 10:31:13', null, null, null, '21');
INSERT INTO `requisition_cc_list` VALUES ('127', '166', '1221', '21', '5.00', '5.0000', '1', '2013-09-25 13:56:55', null, null, null, '21');
INSERT INTO `requisition_cc_list` VALUES ('128', '167', '1165', '43', '5.00', '666.0000', '4', '2013-09-25 13:57:24', null, null, null, '21');
INSERT INTO `requisition_cc_list` VALUES ('129', '167', '1165', '65', '5.00', '555.0000', '3', '2013-09-25 14:03:02', null, null, null, '21');
INSERT INTO `requisition_cc_list` VALUES ('130', '167', '1165', '28', '5.00', '5.0000', '4', '2013-09-25 14:03:54', null, null, null, '21');
INSERT INTO `requisition_cc_list` VALUES ('131', '167', '1165', '47', '5.00', '77.0000', '3', '2013-09-25 14:04:06', null, null, null, '21');
INSERT INTO `requisition_cc_list` VALUES ('132', '168', '1221', '21', '50.00', null, '1', '2013-09-26 13:00:15', null, null, null, '21');
INSERT INTO `requisition_cc_list` VALUES ('133', '168', '1221', '61', '50.00', null, '3', '2013-09-26 13:01:19', null, null, null, '21');
INSERT INTO `requisition_cc_list` VALUES ('134', '169', '2562', '35', '100.00', null, '4', '2013-09-26 13:01:31', null, null, null, '21');
INSERT INTO `requisition_cc_list` VALUES ('135', '172', '2562', '76', '100.00', null, '2', '2013-09-28 11:14:01', null, null, null, '21');
INSERT INTO `requisition_cc_list` VALUES ('136', '174', '2562', '21', '100.00', null, '0', '2013-09-28 14:27:21', null, null, null, '626');
INSERT INTO `requisition_cc_list` VALUES ('137', '173', '2562', '76', '100.00', null, '0', '2013-09-28 14:34:47', null, null, null, '626');
INSERT INTO `requisition_cc_list` VALUES ('138', '176', '2562', '61', '50.00', null, '2', '2013-09-28 17:55:31', null, null, null, '21');
INSERT INTO `requisition_cc_list` VALUES ('139', '176', '2562', '76', '50.00', null, '4', '2013-09-28 17:55:43', null, null, null, '21');
INSERT INTO `requisition_cc_list` VALUES ('140', '175', '1221', '76', '50.00', null, '2', '2013-09-28 17:56:04', null, null, null, '21');
INSERT INTO `requisition_cc_list` VALUES ('141', '175', '1221', '50', '25.00', null, '2', '2013-09-28 17:56:15', null, null, null, '21');
INSERT INTO `requisition_cc_list` VALUES ('142', '175', '1221', '65', '25.00', null, '4', '2013-09-28 17:56:27', null, null, null, '21');
INSERT INTO `requisition_cc_list` VALUES ('143', '175', '1007', '21', '100.00', null, '2', '2013-09-28 17:57:00', null, null, null, '21');
INSERT INTO `requisition_cc_list` VALUES ('144', '177', '2562', '21', '100.00', null, '2', '2013-09-28 18:07:32', null, null, null, '21');
INSERT INTO `requisition_cc_list` VALUES ('145', '178', '2562', '61', '50.00', null, '2', '2013-09-28 18:13:23', null, null, null, '21');
INSERT INTO `requisition_cc_list` VALUES ('146', '178', '2562', '76', '25.00', null, '2', '2013-09-28 18:13:35', null, null, null, '21');
INSERT INTO `requisition_cc_list` VALUES ('147', '178', '2562', '21', '25.00', null, '3', '2013-09-28 18:13:49', null, null, null, '21');
INSERT INTO `requisition_cc_list` VALUES ('148', '179', '1221', '76', '30.00', null, '1', '2013-09-28 18:14:11', null, null, null, '21');
INSERT INTO `requisition_cc_list` VALUES ('149', '179', '1221', '21', '30.00', null, '2', '2013-09-28 18:14:27', null, null, null, '21');
INSERT INTO `requisition_cc_list` VALUES ('150', '179', '1221', '50', '40.00', null, '4', '2013-09-28 18:14:41', null, null, null, '21');
INSERT INTO `requisition_cc_list` VALUES ('151', '179', '1007', '61', '50.00', null, '1', '2013-09-28 18:14:57', null, null, null, '21');
INSERT INTO `requisition_cc_list` VALUES ('152', '179', '1007', '47', '50.00', null, '2', '2013-09-28 18:15:09', null, null, null, '21');
INSERT INTO `requisition_cc_list` VALUES ('153', '0', '0', '21', '11.00', null, '0', '2013-09-29 10:14:30', null, null, null, '626');
INSERT INTO `requisition_cc_list` VALUES ('154', '0', '0', '65', '22.00', null, '0', '2013-09-29 10:14:43', null, null, null, '626');
INSERT INTO `requisition_cc_list` VALUES ('155', '0', '0', '76', '1.00', null, '0', '2013-09-29 10:16:21', null, null, null, '626');
INSERT INTO `requisition_cc_list` VALUES ('156', '0', '0', '61', '111.00', null, '0', '2013-09-29 10:16:29', null, null, null, '626');
INSERT INTO `requisition_cc_list` VALUES ('157', '0', '0', '61', '1.00', null, '0', '2013-09-29 10:18:11', null, null, null, '626');
INSERT INTO `requisition_cc_list` VALUES ('158', '0', '0', '76', '1.00', null, '0', '2013-09-29 10:19:11', null, null, null, '626');
INSERT INTO `requisition_cc_list` VALUES ('159', '0', '0', '21', '11.00', null, '0', '2013-09-29 10:19:18', null, null, null, '626');
INSERT INTO `requisition_cc_list` VALUES ('160', '0', '0', '21', '22.00', null, '0', '2013-09-29 10:20:36', null, null, null, '626');
INSERT INTO `requisition_cc_list` VALUES ('161', '0', '0', '61', '1.00', null, '0', '2013-09-29 10:22:05', null, null, null, '626');
INSERT INTO `requisition_cc_list` VALUES ('162', '0', '0', '61', '1.00', null, '0', '2013-09-29 10:22:34', null, null, null, '626');
INSERT INTO `requisition_cc_list` VALUES ('163', '0', '0', '76', '222.00', null, '0', '2013-09-29 10:23:23', null, null, null, '626');
INSERT INTO `requisition_cc_list` VALUES ('164', '0', '0', '61', '11.00', null, '0', '2013-09-29 10:25:47', null, null, null, '626');
INSERT INTO `requisition_cc_list` VALUES ('165', '0', '0', '61', '1.00', null, '0', '2013-09-29 10:27:14', null, null, null, '626');
INSERT INTO `requisition_cc_list` VALUES ('166', '0', '0', '76', '11.00', null, '0', '2013-09-29 10:27:36', null, null, null, '626');
INSERT INTO `requisition_cc_list` VALUES ('167', '0', '0', '0', '0.00', null, '0', '2013-09-29 10:27:56', null, null, null, '626');
INSERT INTO `requisition_cc_list` VALUES ('168', '0', '0', '0', '0.00', null, '0', '2013-09-29 10:28:18', null, null, null, '626');
INSERT INTO `requisition_cc_list` VALUES ('169', '0', '0', '61', '11.00', null, '0', '2013-09-29 10:29:10', null, null, null, '626');
INSERT INTO `requisition_cc_list` VALUES ('170', '0', '0', '61', '11.00', null, '0', '2013-09-29 10:29:25', null, null, null, '626');
INSERT INTO `requisition_cc_list` VALUES ('171', '0', '0', '61', '11.00', null, '0', '2013-09-29 10:29:31', null, null, null, '626');
INSERT INTO `requisition_cc_list` VALUES ('172', '0', '0', '0', '0.00', null, '0', '2013-09-29 10:35:12', null, null, null, '626');
INSERT INTO `requisition_cc_list` VALUES ('173', '0', '0', '0', '0.00', null, '0', '2013-09-29 10:35:15', null, null, null, '626');
INSERT INTO `requisition_cc_list` VALUES ('174', '0', '0', '0', '0.00', null, '0', '2013-09-29 10:36:46', null, null, null, '626');
INSERT INTO `requisition_cc_list` VALUES ('175', '0', '0', '0', '0.00', null, '0', '2013-09-29 10:36:49', null, null, null, '626');
INSERT INTO `requisition_cc_list` VALUES ('176', '0', '0', '0', '0.00', null, '0', '2013-09-29 10:37:19', null, null, null, '626');
INSERT INTO `requisition_cc_list` VALUES ('177', '0', '0', '61', '11.00', null, '0', '2013-09-29 10:38:50', null, null, null, '626');
INSERT INTO `requisition_cc_list` VALUES ('178', '0', '0', '50', '111.00', null, '0', '2013-09-29 10:38:56', null, null, null, '626');
INSERT INTO `requisition_cc_list` VALUES ('179', '0', '0', '91', '22.00', null, '0', '2013-09-29 11:25:46', null, null, null, '626');
INSERT INTO `requisition_cc_list` VALUES ('180', '0', '0', '38', '33.00', null, '0', '2013-09-29 11:25:53', null, null, null, '626');
INSERT INTO `requisition_cc_list` VALUES ('181', '0', '0', '61', '11.00', null, '0', '2013-09-29 11:37:38', null, null, null, '626');
INSERT INTO `requisition_cc_list` VALUES ('182', '0', '0', '76', '89.00', null, '0', '2013-09-29 11:38:05', null, null, null, '626');
INSERT INTO `requisition_cc_list` VALUES ('183', '0', '0', '76', '55.00', null, '0', '2013-09-29 11:39:36', null, null, null, '626');
INSERT INTO `requisition_cc_list` VALUES ('184', '149', '0', '61', '11.00', null, '0', '2013-09-29 11:40:56', null, null, null, '626');
INSERT INTO `requisition_cc_list` VALUES ('185', '149', '0', '76', '11.00', null, '0', '2013-09-29 11:41:16', null, null, null, '626');
INSERT INTO `requisition_cc_list` VALUES ('186', '149', '0', '32', '111.00', null, '0', '2013-09-29 11:42:06', null, null, null, '626');
INSERT INTO `requisition_cc_list` VALUES ('187', '149', '0', '76', '111.00', null, '0', '2013-09-29 11:42:21', null, null, null, '626');
INSERT INTO `requisition_cc_list` VALUES ('188', '149', '2562', '76', '22.00', null, '0', '2013-09-29 11:44:34', null, null, null, '626');
INSERT INTO `requisition_cc_list` VALUES ('189', '149', '2562', '43', '222.00', null, '0', '2013-09-29 11:45:10', null, null, null, '626');
INSERT INTO `requisition_cc_list` VALUES ('190', '180', '2562', '76', '100.00', null, '1', '2013-09-29 15:43:26', null, null, null, '21');
INSERT INTO `requisition_cc_list` VALUES ('191', '183', '2562', '76', '50.00', null, '1', '2013-10-05 18:16:02', null, null, null, '21');
INSERT INTO `requisition_cc_list` VALUES ('192', '183', '2562', '32', '50.00', null, '4', '2013-10-05 18:16:14', null, null, null, '21');
INSERT INTO `requisition_cc_list` VALUES ('193', '182', '1221', '20', '100.00', null, '3', '2013-10-05 18:16:29', null, null, null, '21');
INSERT INTO `requisition_cc_list` VALUES ('194', '194', '2776', '32', '2.00', null, '4', '2013-10-21 12:31:37', null, null, null, '18');
INSERT INTO `requisition_cc_list` VALUES ('195', '194', '2776', '21', '3.00', null, '2', '2013-10-21 12:32:48', null, null, null, '18');
INSERT INTO `requisition_cc_list` VALUES ('196', '194', '2776', '66', '3.00', null, '2', '2013-10-21 12:32:55', null, null, null, '18');
INSERT INTO `requisition_cc_list` VALUES ('197', '194', '2776', '66', '3.00', null, '2', '2013-10-21 12:36:14', null, null, null, '18');
INSERT INTO `requisition_cc_list` VALUES ('198', '194', '2776', '66', '3.00', null, '2', '2013-10-21 12:36:18', null, null, null, '18');
INSERT INTO `requisition_cc_list` VALUES ('199', '194', '2776', '76', '3.00', null, '1', '2013-10-21 12:36:41', null, null, null, '18');
INSERT INTO `requisition_cc_list` VALUES ('200', '194', '2776', '32', '5.00', null, '3', '2013-10-21 12:37:18', null, null, null, '18');
INSERT INTO `requisition_cc_list` VALUES ('201', '194', '2776', '32', '2.00', null, '2', '2013-10-21 12:38:19', null, null, null, '18');
INSERT INTO `requisition_cc_list` VALUES ('202', '194', '2776', '47', '2.00', null, '3', '2013-10-21 12:38:27', null, null, null, '18');
INSERT INTO `requisition_cc_list` VALUES ('203', '194', '2776', '20', '2.00', null, '4', '2013-10-21 12:38:39', null, null, null, '18');
INSERT INTO `requisition_cc_list` VALUES ('204', '194', '2776', '21', '2.00', null, '2', '2013-10-21 12:40:57', null, null, null, '18');
INSERT INTO `requisition_cc_list` VALUES ('205', '194', '2776', '40', '2.00', null, '3', '2013-10-21 12:41:04', null, null, null, '18');
INSERT INTO `requisition_cc_list` VALUES ('206', '196', '2778', '50', '50.00', null, '2', '2013-10-21 14:12:43', null, null, null, '18');
INSERT INTO `requisition_cc_list` VALUES ('207', '196', '2778', '76', '50.00', null, '3', '2013-10-21 14:12:54', null, null, null, '18');
INSERT INTO `requisition_cc_list` VALUES ('208', '197', '2779', '76', '100.00', null, '2', '2013-10-22 10:07:35', null, null, null, '18');
INSERT INTO `requisition_cc_list` VALUES ('209', '198', '2562', '21', '100.00', null, '2', '2013-10-24 11:31:48', null, null, null, '19');

-- ----------------------------
-- Table structure for `requisition_details`
-- ----------------------------
DROP TABLE IF EXISTS `requisition_details`;
CREATE TABLE `requisition_details` (
  `REQUISITION_DETAILS_ID` int(11) NOT NULL AUTO_INCREMENT,
  `REQUISITION_ID` int(10) unsigned NOT NULL,
  `PRODUCT_ID` int(11) NOT NULL,
  `DELIVERED_QTY` decimal(20,2) DEFAULT NULL,
  `CS_QTY` decimal(20,2) DEFAULT NULL,
  `QTY` decimal(20,2) NOT NULL DEFAULT '0.00',
  `APPROVE_QTY` decimal(10,2) DEFAULT NULL,
  `UNIT_PRICE` decimal(10,2) NOT NULL,
  `PROCESS_DEPT_ID` int(2) DEFAULT NULL,
  `SOL_ID` int(11) DEFAULT NULL,
  `SUPPLIER_ID` int(11) DEFAULT NULL,
  `BILL_NO` varchar(255) DEFAULT NULL,
  `REF_DATE` date DEFAULT NULL,
  `COST_CENTER_ID` int(11) DEFAULT NULL,
  `SL` int(5) NOT NULL,
  `LAST_PURCHASE_DATE` decimal(20,2) DEFAULT NULL,
  `USER_COMMENT` varchar(80) DEFAULT NULL,
  `DETAILS_STATUS` int(1) DEFAULT '0',
  `LINE_BUDGET` varchar(30) NOT NULL,
  `STATUS_APP_LEVEL` int(2) DEFAULT NULL,
  `BILL_STATUS` int(2) DEFAULT NULL,
  PRIMARY KEY (`REQUISITION_DETAILS_ID`),
  KEY `requisition_details_ibfk_2` (`PRODUCT_ID`),
  KEY `requisition_details_ibfk_1` (`REQUISITION_ID`)
) ENGINE=InnoDB AUTO_INCREMENT=314 DEFAULT CHARSET=utf8;

-- ----------------------------
-- Records of requisition_details
-- ----------------------------
INSERT INTO `requisition_details` VALUES ('1', '1', '1487', null, null, '1.00', null, '0.00', null, null, null, null, null, null, '0', null, '', '0', '', null, null);
INSERT INTO `requisition_details` VALUES ('2', '2', '1487', null, null, '1.00', null, '0.00', null, null, null, null, null, null, '0', null, '', '0', '', null, null);
INSERT INTO `requisition_details` VALUES ('3', '1', '1014', null, null, '1.00', null, '0.00', null, null, null, null, null, null, '0', null, '', '0', '', null, null);
INSERT INTO `requisition_details` VALUES ('4', '4', '1487', null, null, '10.00', null, '456.00', null, null, null, null, null, null, '0', null, 'r', '0', '', null, null);
INSERT INTO `requisition_details` VALUES ('5', '5', '1014', null, null, '100.00', null, '0.00', null, null, null, null, null, null, '0', null, 'r', '0', '', null, null);
INSERT INTO `requisition_details` VALUES ('6', '6', '1487', null, null, '1.00', null, '0.00', null, null, null, null, null, null, '0', null, 'r', '0', '', null, null);
INSERT INTO `requisition_details` VALUES ('7', '7', '1014', null, null, '1.00', null, '0.00', null, null, null, null, null, null, '0', null, '', '0', '', null, null);
INSERT INTO `requisition_details` VALUES ('8', '8', '1487', null, null, '1.00', null, '88.00', null, null, null, null, null, null, '0', null, '', '0', '', null, null);
INSERT INTO `requisition_details` VALUES ('9', '9', '1014', null, '5.00', '1.00', '0.00', '0.00', null, null, null, null, null, null, '0', null, '', '5', '', '1', null);
INSERT INTO `requisition_details` VALUES ('10', '10', '1487', null, null, '10.00', null, '0.00', null, null, null, null, null, null, '0', null, 'r', '0', '', null, null);
INSERT INTO `requisition_details` VALUES ('11', '11', '1014', null, '4.00', '20.00', '0.00', '0.00', null, null, null, null, null, null, '0', null, 'r', '5', '', '1', null);
INSERT INTO `requisition_details` VALUES ('12', '12', '1487', null, '2.00', '1.00', null, '0.00', null, null, null, null, null, null, '0', null, 'a', '3', '', '1', null);
INSERT INTO `requisition_details` VALUES ('13', '12', '1487', null, '2.00', '1.00', null, '0.00', null, null, null, null, null, null, '0', null, '', '3', '', '1', null);
INSERT INTO `requisition_details` VALUES ('14', '13', '1014', null, null, '1.00', null, '0.00', null, null, null, null, null, null, '0', null, '', '0', '', null, null);
INSERT INTO `requisition_details` VALUES ('15', '14', '1014', null, null, '1.00', null, '0.00', null, null, null, null, null, null, '0', null, '', '0', '', null, null);
INSERT INTO `requisition_details` VALUES ('16', '15', '1014', null, null, '300.00', null, '0.00', null, null, null, null, null, null, '0', null, '', '0', '', null, null);
INSERT INTO `requisition_details` VALUES ('17', '16', '2755', null, null, '1.00', null, '0.00', null, null, null, null, null, null, '0', null, '', '0', '', null, null);
INSERT INTO `requisition_details` VALUES ('18', '17', '2756', null, null, '1.00', null, '0.00', null, null, null, null, null, null, '0', null, '', '0', '', null, null);
INSERT INTO `requisition_details` VALUES ('19', '18', '2757', null, null, '1.00', null, '0.00', null, null, null, null, null, null, '0', null, '', '0', '', null, null);
INSERT INTO `requisition_details` VALUES ('20', '19', '2758', null, null, '10.00', null, '0.00', null, null, null, null, null, null, '0', null, 'r', '0', '', null, null);
INSERT INTO `requisition_details` VALUES ('21', '20', '2759', null, null, '30.00', null, '0.00', null, null, null, null, null, null, '0', null, 'r', '0', '', null, null);
INSERT INTO `requisition_details` VALUES ('22', '21', '2760', null, null, '23.00', null, '0.00', null, null, null, null, null, null, '0', null, 'r', '0', '', null, null);
INSERT INTO `requisition_details` VALUES ('23', '42', '1014', null, null, '50.00', null, '900.00', null, null, null, null, null, null, '0', null, '', '0', '', null, null);
INSERT INTO `requisition_details` VALUES ('24', '43', '1014', null, null, '10.00', null, '30.00', null, null, null, null, null, null, '0', null, '', '0', '', null, null);
INSERT INTO `requisition_details` VALUES ('25', '44', '1014', null, null, '1.00', null, '80.00', null, null, null, null, null, null, '0', null, '', '0', '', null, null);
INSERT INTO `requisition_details` VALUES ('26', '45', '1014', null, null, '20.00', null, '30.00', null, null, null, null, null, null, '0', null, '', '0', '', null, null);
INSERT INTO `requisition_details` VALUES ('27', '46', '1014', null, null, '1.00', null, '0.00', null, null, null, null, null, null, '0', null, '', '0', '', null, null);
INSERT INTO `requisition_details` VALUES ('28', '47', '2761', null, null, '10.00', null, '300.00', null, null, null, null, null, null, '0', null, '', '0', '', null, null);
INSERT INTO `requisition_details` VALUES ('29', '48', '1230', null, null, '9.00', null, '900.00', null, null, null, null, null, null, '0', null, '', '0', '', null, null);
INSERT INTO `requisition_details` VALUES ('30', '48', '1002', null, null, '1.00', null, '0.00', null, null, null, null, null, null, '0', null, '', '0', '', null, null);
INSERT INTO `requisition_details` VALUES ('31', '47', '2762', null, null, '1.00', null, '0.00', null, null, null, null, null, null, '0', null, '', '0', '', null, null);
INSERT INTO `requisition_details` VALUES ('32', '49', '1002', null, null, '1.00', null, '0.00', null, null, null, null, null, null, '0', null, '', '0', '', null, null);
INSERT INTO `requisition_details` VALUES ('33', '50', '2762', null, null, '1.00', null, '0.00', null, null, null, null, null, null, '0', null, '', '0', '', null, null);
INSERT INTO `requisition_details` VALUES ('34', '51', '2762', null, null, '1.00', null, '0.00', null, null, null, null, null, null, '0', null, '', '0', '', null, null);
INSERT INTO `requisition_details` VALUES ('35', '51', '2761', null, null, '1.00', null, '0.00', null, null, null, null, null, null, '0', null, '', '0', '', null, null);
INSERT INTO `requisition_details` VALUES ('36', '52', '1002', null, '3.00', '1.00', '0.00', '30.00', null, null, null, null, null, null, '0', null, '', '5', '', '1', null);
INSERT INTO `requisition_details` VALUES ('37', '53', '2761', null, null, '1.00', null, '20.00', null, null, null, null, null, null, '0', null, '', '0', '', null, null);
INSERT INTO `requisition_details` VALUES ('38', '53', '2762', null, null, '1.00', null, '0.00', null, null, null, null, null, null, '0', null, '', '0', '', null, null);
INSERT INTO `requisition_details` VALUES ('39', '52', '1206', null, '3.00', '1.00', '0.00', '0.00', null, null, null, null, null, null, '0', null, '', '5', '', '1', null);
INSERT INTO `requisition_details` VALUES ('40', '54', '1206', null, null, '20.00', null, '40.00', null, null, null, null, null, null, '0', null, 'r', '0', '', null, null);
INSERT INTO `requisition_details` VALUES ('41', '54', '1002', null, null, '10.00', null, '0.00', null, null, null, null, null, null, '0', null, 'r', '0', '', null, null);
INSERT INTO `requisition_details` VALUES ('42', '55', '2762', null, '15.00', '17.00', null, '0.00', null, null, null, null, null, null, '0', null, '', '3', '', '1', null);
INSERT INTO `requisition_details` VALUES ('43', '56', '1487', null, null, '1.00', null, '0.00', null, null, null, null, null, null, '0', null, '', '0', '', null, null);
INSERT INTO `requisition_details` VALUES ('44', '57', '1487', null, null, '1.00', null, '0.00', null, null, null, null, null, null, '0', null, '', '0', '', null, null);
INSERT INTO `requisition_details` VALUES ('45', '57', '2762', null, null, '1.00', null, '0.00', null, null, null, null, null, null, '0', null, '', '0', '', null, null);
INSERT INTO `requisition_details` VALUES ('46', '57', '2762', null, null, '1.00', null, '0.00', null, null, null, null, null, null, '0', null, '', '0', '', null, null);
INSERT INTO `requisition_details` VALUES ('47', '58', '1487', '0.00', '5.00', '1.00', '0.00', '0.00', null, '0', '0', '', '0000-00-00', '0', '0', null, '', '4', '', '1', null);
INSERT INTO `requisition_details` VALUES ('48', '58', '2761', '0.00', '5.00', '1.00', '0.00', '0.00', null, '0', '0', '', '0000-00-00', '0', '0', null, '', '4', '', '1', null);
INSERT INTO `requisition_details` VALUES ('49', '58', '2762', null, '5.00', '1.00', null, '0.00', null, null, null, null, null, null, '0', null, '', '3', '', '1', null);
INSERT INTO `requisition_details` VALUES ('50', '59', '1230', null, null, '1.00', null, '0.00', null, null, null, null, null, null, '0', null, '', '0', '', null, null);
INSERT INTO `requisition_details` VALUES ('51', '60', '1487', null, null, '1.00', null, '0.00', null, null, null, null, null, null, '0', null, '', '0', '', null, null);
INSERT INTO `requisition_details` VALUES ('52', '61', '1014', null, null, '1.00', null, '0.00', null, null, null, null, null, null, '0', null, '', '0', '', null, null);
INSERT INTO `requisition_details` VALUES ('53', '62', '1014', null, null, '1.00', null, '0.00', null, null, null, null, null, null, '0', null, 'j', '0', '', null, null);
INSERT INTO `requisition_details` VALUES ('54', '63', '1014', null, null, '1.00', null, '0.00', null, null, null, null, null, null, '0', null, 'r', '0', '', null, null);
INSERT INTO `requisition_details` VALUES ('55', '64', '1487', null, null, '1.00', null, '0.00', null, null, null, null, null, null, '0', null, '', '0', '', null, null);
INSERT INTO `requisition_details` VALUES ('56', '64', '2761', null, null, '1.00', null, '0.00', null, null, null, null, null, null, '0', null, '', '0', '', null, null);
INSERT INTO `requisition_details` VALUES ('57', '63', '1230', null, null, '1.00', null, '0.00', null, null, null, null, null, null, '0', null, '', '0', '', null, null);
INSERT INTO `requisition_details` VALUES ('58', '73', '0', null, null, '1.00', null, '0.00', '0', null, null, null, null, null, '0', null, 'a', '0', '', null, null);
INSERT INTO `requisition_details` VALUES ('59', '74', '2599', null, null, '1.00', null, '0.00', '3', null, null, null, null, null, '0', null, 's', '0', '', null, null);
INSERT INTO `requisition_details` VALUES ('60', '74', '2519', null, null, '1.00', null, '0.00', '3', null, null, null, null, null, '0', null, 's', '0', '', null, null);
INSERT INTO `requisition_details` VALUES ('61', '74', '2672', null, null, '1.00', null, '0.00', '3', null, null, null, null, null, '0', null, 's', '0', '', null, null);
INSERT INTO `requisition_details` VALUES ('62', '75', '1221', null, null, '1.00', null, '70.00', '2', null, null, null, null, null, '0', null, 'a', '0', '', null, null);
INSERT INTO `requisition_details` VALUES ('63', '75', '1486', null, null, '1.00', null, '70.00', '3', null, null, null, null, null, '0', null, 's', '0', '', null, null);
INSERT INTO `requisition_details` VALUES ('64', '77', '2582', null, null, '187.00', null, '0.00', '3', null, null, null, null, null, '0', null, 'r', '0', '', null, null);
INSERT INTO `requisition_details` VALUES ('65', '77', '2326', null, null, '17.00', null, '0.00', '3', null, null, null, null, null, '0', null, 't', '0', '', null, null);
INSERT INTO `requisition_details` VALUES ('66', '77', '2572', null, null, '16.00', null, '0.00', '3', null, null, null, null, null, '0', null, 'r', '0', '', null, null);
INSERT INTO `requisition_details` VALUES ('67', '77', '1766', null, null, '14.00', null, '0.00', '3', null, null, null, null, null, '0', null, 't', '0', '', null, null);
INSERT INTO `requisition_details` VALUES ('68', '78', '2582', null, null, '187.00', null, '0.00', '3', null, null, null, null, null, '0', null, 'r', '0', '', null, null);
INSERT INTO `requisition_details` VALUES ('69', '78', '2326', null, null, '17.00', null, '0.00', '3', null, null, null, null, null, '0', null, 't', '0', '', null, null);
INSERT INTO `requisition_details` VALUES ('70', '78', '2572', null, null, '16.00', null, '0.00', '3', null, null, null, null, null, '0', null, 'r', '0', '', null, null);
INSERT INTO `requisition_details` VALUES ('71', '78', '1766', null, null, '14.00', null, '0.00', '3', null, null, null, null, null, '0', null, 't', '0', '', null, null);
INSERT INTO `requisition_details` VALUES ('72', '79', '1221', null, null, '1.00', null, '70.00', '2', null, null, null, null, null, '0', null, 'a', '0', '', null, null);
INSERT INTO `requisition_details` VALUES ('73', '80', '1221', null, null, '1.00', null, '70.00', '2', null, null, null, null, null, '0', null, 'z', '0', '', null, null);
INSERT INTO `requisition_details` VALUES ('74', '81', '2216', null, null, '1.00', null, '0.00', '3', null, null, null, null, null, '0', null, 'e', '1', '', '-1', null);
INSERT INTO `requisition_details` VALUES ('75', '81', '1399', null, null, '1.00', null, '0.00', '2', null, null, null, null, null, '0', null, 'w', '1', '', '-1', null);
INSERT INTO `requisition_details` VALUES ('76', '81', '1429', null, null, '1.00', null, '0.00', '2', null, null, null, null, null, '0', null, 'r', '1', '', '-1', null);
INSERT INTO `requisition_details` VALUES ('77', '82', '2643', null, null, '1.00', null, '0.00', '3', null, null, null, null, null, '0', null, 's', '0', '', null, null);
INSERT INTO `requisition_details` VALUES ('78', '82', '1020', null, null, '1.00', null, '70.00', '2', null, null, null, null, null, '0', null, '', '0', '', null, null);
INSERT INTO `requisition_details` VALUES ('79', '83', '1243', '1.00', null, '1.00', null, '70.00', '2', null, null, null, null, null, '0', null, 's', '3', '', '1', null);
INSERT INTO `requisition_details` VALUES ('80', '83', '1020', '1.00', null, '1.00', null, '70.00', '2', null, null, null, null, null, '0', null, '', '3', '', '1', null);
INSERT INTO `requisition_details` VALUES ('81', '83', '2204', null, null, '1.00', null, '0.00', '3', null, null, null, null, null, '0', null, '', '0', '', null, null);
INSERT INTO `requisition_details` VALUES ('82', '83', '1609', null, null, '1.00', null, '0.00', '3', null, null, null, null, null, '0', null, '', '0', '', null, null);
INSERT INTO `requisition_details` VALUES ('83', '83', '1013', '1.00', null, '1.00', null, '70.00', '2', null, null, null, null, null, '0', null, '', '3', '', '1', null);
INSERT INTO `requisition_details` VALUES ('84', '84', '1013', null, null, '1.00', null, '70.00', '2', null, null, null, null, null, '0', null, 'd', '0', '', null, null);
INSERT INTO `requisition_details` VALUES ('85', '84', '1253', null, null, '1.00', null, '70.00', '2', null, null, null, null, null, '0', null, '', '0', '', null, null);
INSERT INTO `requisition_details` VALUES ('86', '84', '2710', null, null, '1.00', null, '0.00', '3', null, null, null, null, null, '0', null, '', '0', '', null, null);
INSERT INTO `requisition_details` VALUES ('87', '85', '1020', null, null, '1.00', null, '70.00', '2', null, null, null, null, null, '0', null, 'r', '0', '', null, null);
INSERT INTO `requisition_details` VALUES ('88', '85', '1252', null, null, '1.00', null, '70.00', '2', null, null, null, null, null, '0', null, 'e', '0', '', null, null);
INSERT INTO `requisition_details` VALUES ('89', '86', '1020', null, null, '1.00', null, '70.00', '2', null, null, null, null, null, '0', null, 'd', '0', '', null, null);
INSERT INTO `requisition_details` VALUES ('90', '86', '2583', null, null, '1.00', null, '0.00', '3', null, null, null, null, null, '0', null, '', '0', '', null, null);
INSERT INTO `requisition_details` VALUES ('91', '87', '1020', null, null, '1.00', null, '70.00', '2', null, null, null, null, null, '0', null, 'd', '0', '', null, null);
INSERT INTO `requisition_details` VALUES ('92', '87', '2583', null, null, '1.00', null, '0.00', '3', null, null, null, null, null, '0', null, '', '0', '', null, null);
INSERT INTO `requisition_details` VALUES ('93', '88', '1020', null, null, '1.00', null, '70.00', '2', null, null, null, null, null, '0', null, 'd', '0', '', null, null);
INSERT INTO `requisition_details` VALUES ('94', '88', '2583', null, null, '1.00', null, '0.00', '3', null, null, null, null, null, '0', null, '', '0', '', null, null);
INSERT INTO `requisition_details` VALUES ('95', '89', '1020', null, null, '1.00', null, '70.00', '2', null, null, null, null, null, '0', null, 'd', '0', '', null, null);
INSERT INTO `requisition_details` VALUES ('96', '89', '2583', null, null, '1.00', null, '0.00', '3', null, null, null, null, null, '0', null, '', '0', '', null, null);
INSERT INTO `requisition_details` VALUES ('97', '90', '1020', null, null, '1.00', null, '70.00', '2', null, null, null, null, null, '0', null, 'd', '0', '', null, null);
INSERT INTO `requisition_details` VALUES ('98', '90', '2583', null, null, '1.00', null, '0.00', '3', null, null, null, null, null, '0', null, '', '0', '', null, null);
INSERT INTO `requisition_details` VALUES ('99', '91', '1020', null, null, '1.00', null, '70.00', '2', null, null, null, null, null, '0', null, 'c', '0', '', null, null);
INSERT INTO `requisition_details` VALUES ('100', '91', '1319', null, null, '1.00', null, '0.00', '2', null, null, null, null, null, '0', null, '', '0', '', null, null);
INSERT INTO `requisition_details` VALUES ('101', '92', '1020', null, null, '1.00', null, '70.00', '2', null, null, null, null, null, '0', null, 'c', '0', '', null, null);
INSERT INTO `requisition_details` VALUES ('102', '92', '1319', null, null, '1.00', null, '0.00', '2', null, null, null, null, null, '0', null, '', '0', '', null, null);
INSERT INTO `requisition_details` VALUES ('103', '93', '1020', null, null, '1.00', null, '70.00', '2', null, null, null, null, null, '0', null, 'c', '0', '', null, null);
INSERT INTO `requisition_details` VALUES ('104', '93', '1319', null, null, '1.00', null, '0.00', '2', null, null, null, null, null, '0', null, '', '0', '', null, null);
INSERT INTO `requisition_details` VALUES ('105', '93', '2519', null, null, '1.00', null, '0.00', '3', null, null, null, null, null, '0', null, '', '0', '', null, null);
INSERT INTO `requisition_details` VALUES ('106', '94', '1020', null, null, '1.00', null, '70.00', '2', null, null, null, null, null, '0', null, 'c', '0', '', null, null);
INSERT INTO `requisition_details` VALUES ('107', '94', '1319', null, null, '1.00', null, '0.00', '2', null, null, null, null, null, '0', null, '', '0', '', null, null);
INSERT INTO `requisition_details` VALUES ('108', '94', '2519', null, null, '1.00', null, '0.00', '3', null, null, null, null, null, '0', null, '', '0', '', null, null);
INSERT INTO `requisition_details` VALUES ('109', '95', '1020', null, null, '1.00', null, '70.00', '2', null, null, null, null, null, '0', null, 'c', '0', '', null, null);
INSERT INTO `requisition_details` VALUES ('110', '95', '1319', null, null, '1.00', null, '0.00', '2', null, null, null, null, null, '0', null, '', '0', '', null, null);
INSERT INTO `requisition_details` VALUES ('111', '95', '2519', null, null, '1.00', null, '0.00', '3', null, null, null, null, null, '0', null, '', '0', '', null, null);
INSERT INTO `requisition_details` VALUES ('112', '96', '1020', null, null, '1.00', null, '70.00', '2', null, null, null, null, null, '0', null, 'c', '0', '', null, null);
INSERT INTO `requisition_details` VALUES ('113', '96', '1319', null, null, '1.00', null, '0.00', '2', null, null, null, null, null, '0', null, '', '0', '', null, null);
INSERT INTO `requisition_details` VALUES ('114', '96', '2519', null, null, '1.00', null, '0.00', '3', null, null, null, null, null, '0', null, '', '0', '', null, null);
INSERT INTO `requisition_details` VALUES ('115', '96', '2548', null, null, '1.00', null, '0.00', '3', null, null, null, null, null, '0', null, '', '0', '', null, null);
INSERT INTO `requisition_details` VALUES ('116', '97', '1020', null, null, '1.00', null, '70.00', '2', null, null, null, null, null, '0', null, 'c', '0', '', null, null);
INSERT INTO `requisition_details` VALUES ('117', '97', '1319', null, null, '1.00', null, '0.00', '2', null, null, null, null, null, '0', null, '', '0', '', null, null);
INSERT INTO `requisition_details` VALUES ('118', '97', '2519', null, null, '1.00', null, '0.00', '3', null, null, null, null, null, '0', null, '', '0', '', null, null);
INSERT INTO `requisition_details` VALUES ('119', '97', '2548', null, null, '1.00', null, '0.00', '3', null, null, null, null, null, '0', null, '', '0', '', null, null);
INSERT INTO `requisition_details` VALUES ('120', '97', '2599', null, null, '1.00', null, '0.00', '3', null, null, null, null, null, '0', null, '', '0', '', null, null);
INSERT INTO `requisition_details` VALUES ('121', '98', '2599', null, null, '1.00', null, '0.00', '3', null, null, null, null, null, '0', null, 'a', '0', '', null, null);
INSERT INTO `requisition_details` VALUES ('122', '98', '1020', null, null, '1.00', null, '70.00', '2', null, null, null, null, null, '0', null, '', '0', '', null, null);
INSERT INTO `requisition_details` VALUES ('123', '99', '2599', null, null, '1.00', null, '0.00', '3', null, null, null, null, null, '0', null, 'a', '0', '', null, null);
INSERT INTO `requisition_details` VALUES ('124', '99', '1020', null, null, '1.00', null, '70.00', '2', null, null, null, null, null, '0', null, '', '0', '', null, null);
INSERT INTO `requisition_details` VALUES ('125', '99', '2442', null, null, '1.00', null, '0.00', '3', null, null, null, null, null, '0', null, '', '0', '', null, null);
INSERT INTO `requisition_details` VALUES ('126', '100', '2670', null, null, '1.00', null, '0.00', '3', null, null, null, null, null, '0', null, 'a', '0', '', null, null);
INSERT INTO `requisition_details` VALUES ('127', '100', '2603', null, null, '1.00', null, '0.00', '3', null, null, null, null, null, '0', null, '', '0', '', null, null);
INSERT INTO `requisition_details` VALUES ('128', '100', '1183', null, null, '1.00', null, '70.00', '2', null, null, null, null, null, '0', null, '', '0', '', null, null);
INSERT INTO `requisition_details` VALUES ('129', '101', '2543', null, null, '1.00', null, '0.00', '3', null, null, null, null, null, '0', null, 'a', '0', '', null, null);
INSERT INTO `requisition_details` VALUES ('130', '101', '1309', null, null, '1.00', null, '0.00', '2', null, null, null, null, null, '0', null, '', '0', '', null, null);
INSERT INTO `requisition_details` VALUES ('131', '101', '2651', null, null, '1.00', null, '0.00', '3', null, null, null, null, null, '0', null, '', '0', '', null, null);
INSERT INTO `requisition_details` VALUES ('132', '102', '2543', null, null, '1.00', null, '0.00', '3', null, null, null, null, null, '0', null, 'a', '0', '', null, null);
INSERT INTO `requisition_details` VALUES ('133', '102', '1309', null, null, '1.00', null, '0.00', '2', null, null, null, null, null, '0', null, '', '0', '', null, null);
INSERT INTO `requisition_details` VALUES ('134', '102', '2651', null, null, '1.00', null, '0.00', '3', null, null, null, null, null, '0', null, '', '0', '', null, null);
INSERT INTO `requisition_details` VALUES ('135', '103', '2543', null, null, '1.00', null, '0.00', '3', null, null, null, null, null, '0', null, 'a', '0', '', null, null);
INSERT INTO `requisition_details` VALUES ('136', '103', '1309', null, null, '1.00', null, '0.00', '2', null, null, null, null, null, '0', null, '', '0', '', null, null);
INSERT INTO `requisition_details` VALUES ('137', '103', '2651', null, null, '1.00', null, '0.00', '3', null, null, null, null, null, '0', null, '', '0', '', null, null);
INSERT INTO `requisition_details` VALUES ('138', '104', '2543', null, null, '1.00', null, '0.00', '3', null, null, null, null, null, '0', null, 'a', '0', '', null, null);
INSERT INTO `requisition_details` VALUES ('139', '104', '1309', null, null, '1.00', null, '0.00', '2', null, null, null, null, null, '0', null, '', '0', '', null, null);
INSERT INTO `requisition_details` VALUES ('140', '104', '2651', null, null, '1.00', null, '0.00', '3', null, null, null, null, null, '0', null, '', '0', '', null, null);
INSERT INTO `requisition_details` VALUES ('141', '105', '2543', null, null, '1.00', null, '0.00', '3', null, null, null, null, null, '0', null, 'a', '0', '', null, null);
INSERT INTO `requisition_details` VALUES ('142', '105', '1309', null, null, '1.00', null, '0.00', '2', null, null, null, null, null, '0', null, '', '0', '', null, null);
INSERT INTO `requisition_details` VALUES ('143', '105', '2651', null, null, '1.00', null, '0.00', '3', null, null, null, null, null, '0', null, '', '0', '', null, null);
INSERT INTO `requisition_details` VALUES ('144', '106', '2568', null, null, '1.00', null, '0.00', '3', null, null, null, null, null, '0', null, 's', '0', '', null, null);
INSERT INTO `requisition_details` VALUES ('145', '106', '1020', null, null, '1.00', null, '70.00', '2', null, null, null, null, null, '0', null, '', '0', '', null, null);
INSERT INTO `requisition_details` VALUES ('146', '106', '2208', null, null, '1.00', null, '0.00', '3', null, null, null, null, null, '0', null, '', '0', '', null, null);
INSERT INTO `requisition_details` VALUES ('147', '107', '2568', null, null, '1.00', null, '0.00', '3', null, null, null, null, null, '0', null, 's', '0', '', null, null);
INSERT INTO `requisition_details` VALUES ('148', '107', '1020', null, null, '1.00', null, '70.00', '2', null, null, null, null, null, '0', null, '', '0', '', null, null);
INSERT INTO `requisition_details` VALUES ('149', '107', '2208', null, null, '1.00', null, '0.00', '3', null, null, null, null, null, '0', null, '', '0', '', null, null);
INSERT INTO `requisition_details` VALUES ('150', '108', '2568', null, null, '1.00', null, '0.00', '3', null, null, null, null, null, '0', null, 's', '0', '', null, null);
INSERT INTO `requisition_details` VALUES ('151', '108', '1020', null, null, '1.00', null, '70.00', '2', null, null, null, null, null, '0', null, '', '0', '', null, null);
INSERT INTO `requisition_details` VALUES ('152', '108', '2208', null, null, '1.00', null, '0.00', '3', null, null, null, null, null, '0', null, '', '0', '', null, null);
INSERT INTO `requisition_details` VALUES ('153', '109', '2568', null, null, '1.00', null, '0.00', '3', null, null, null, null, null, '0', null, 's', '0', '', null, null);
INSERT INTO `requisition_details` VALUES ('154', '109', '1020', null, null, '1.00', null, '70.00', '2', null, null, null, null, null, '0', null, '', '0', '', null, null);
INSERT INTO `requisition_details` VALUES ('155', '109', '2208', null, null, '1.00', null, '0.00', '3', null, null, null, null, null, '0', null, '', '0', '', null, null);
INSERT INTO `requisition_details` VALUES ('156', '110', '1020', null, null, '10.00', null, '70.00', '2', null, null, null, null, null, '0', null, 'r', '1', '', '1', null);
INSERT INTO `requisition_details` VALUES ('157', '110', '1253', null, null, '10.00', null, '70.00', '2', null, null, null, null, null, '0', null, 'r', '1', '', '1', null);
INSERT INTO `requisition_details` VALUES ('158', '110', '2267', null, null, '10.00', null, '10.64', '3', null, null, null, null, null, '0', null, '', '1', '', '1', null);
INSERT INTO `requisition_details` VALUES ('159', '111', '1020', null, null, '1.00', null, '70.00', '2', null, null, null, null, null, '0', null, 's', '2', '', '1', null);
INSERT INTO `requisition_details` VALUES ('160', '111', '1284', null, null, '1.00', null, '70.00', '2', null, null, null, null, null, '0', null, '', '2', '', '1', null);
INSERT INTO `requisition_details` VALUES ('161', '111', '1320', null, null, '1.00', null, '0.00', '2', null, null, null, null, null, '0', null, '', '2', '', '1', null);
INSERT INTO `requisition_details` VALUES ('162', '112', '1002', '8.00', '30.00', '10.00', null, '100.00', null, null, null, null, null, null, '0', null, 'x', '2', '', '1', null);
INSERT INTO `requisition_details` VALUES ('163', '113', '2761', null, null, '2.00', null, '3.00', null, null, null, null, null, null, '0', null, '', '2', '', null, null);
INSERT INTO `requisition_details` VALUES ('164', '112', '1165', '5.00', '3.00', '1.00', null, '0.00', null, null, null, null, null, null, '0', null, '', '2', '', '1', null);
INSERT INTO `requisition_details` VALUES ('165', '114', '1207', null, null, '10.00', null, '140000.00', '2', null, null, null, null, null, '0', null, 's', '0', '', null, null);
INSERT INTO `requisition_details` VALUES ('166', '114', '2110', null, null, '13.00', null, '0.00', '3', null, null, null, null, null, '0', null, '', '0', '', null, null);
INSERT INTO `requisition_details` VALUES ('167', '114', '2672', null, null, '14.00', null, '0.00', '3', null, null, null, null, null, '0', null, '', '1', '', null, null);
INSERT INTO `requisition_details` VALUES ('168', '115', '1207', null, null, '11.00', '11.00', '140000.00', '2', null, null, null, null, null, '0', null, 's', '5', '', '1', null);
INSERT INTO `requisition_details` VALUES ('169', '115', '2110', null, null, '12.00', null, '0.00', '3', null, null, null, null, null, '0', null, '', '1', '', '-1', null);
INSERT INTO `requisition_details` VALUES ('170', '115', '1253', null, null, '13.00', '13.00', '70.00', '2', null, null, null, null, null, '0', null, '', '5', '', '1', null);
INSERT INTO `requisition_details` VALUES ('171', '0', '0', null, null, '0.00', null, '0.00', null, null, null, null, null, null, '0', null, null, '1', '', null, null);
INSERT INTO `requisition_details` VALUES ('172', '116', '1020', null, null, '1.00', '1.00', '70.00', '2', null, null, null, null, null, '0', null, 'x', '3', '', '1', null);
INSERT INTO `requisition_details` VALUES ('173', '116', '1253', null, null, '1.00', null, '70.00', '1', null, null, null, null, null, '0', null, '', '1', '', '-1', null);
INSERT INTO `requisition_details` VALUES ('174', '0', '0', null, null, '0.00', null, '0.00', null, null, null, null, null, null, '0', null, null, '1', '', null, null);
INSERT INTO `requisition_details` VALUES ('175', '117', '2743', '1.00', null, '1.00', '1.00', '2.00', '5', null, null, null, null, null, '0', null, 'd', '7', '', '1', null);
INSERT INTO `requisition_details` VALUES ('176', '117', '2755', null, null, '1.00', '1.00', '20.00', '5', null, null, null, null, null, '0', null, 'd', '3', '', '1', null);
INSERT INTO `requisition_details` VALUES ('177', '117', '1210', null, null, '1.00', null, '0.00', '2', null, null, null, null, null, '0', null, '', '1', '', '-1', null);
INSERT INTO `requisition_details` VALUES ('178', '117', '1317', null, null, '1.00', null, '0.00', '2', null, null, null, null, null, '0', null, '', '1', '', '-1', null);
INSERT INTO `requisition_details` VALUES ('179', '118', '1487', '10.00', null, '10.00', '10.00', '70.00', '5', null, null, null, null, null, '0', null, 'd', '7', '', '1', null);
INSERT INTO `requisition_details` VALUES ('180', '118', '2743', '20.00', null, '20.00', '20.00', '2.00', '5', null, null, null, null, null, '0', null, '', '7', '', '1', null);
INSERT INTO `requisition_details` VALUES ('181', '118', '2762', '100.00', null, '100.00', '100.00', '0.00', '5', '0', '0', '', '0000-00-00', '0', '0', null, '', '5', '', '1', null);
INSERT INTO `requisition_details` VALUES ('182', '118', '1210', null, null, '10.00', null, '0.00', '2', null, null, null, null, null, '0', null, '', '1', '', '-1', null);
INSERT INTO `requisition_details` VALUES ('183', '118', '1317', null, null, '1000.00', null, '0.00', '2', null, null, null, null, null, '0', null, '', '1', '', '-1', null);
INSERT INTO `requisition_details` VALUES ('184', '119', '2755', '1.00', null, '1.00', '1.00', '20.00', '5', '0', '0', '', '0000-00-00', '0', '0', null, 's', '7', '', '1', null);
INSERT INTO `requisition_details` VALUES ('185', '119', '2743', '1.00', null, '1.00', '1.00', '2.00', '5', '3', '3', 'aaaaaaaa', '2013-09-11', '0', '0', null, '', '5', '', '1', null);
INSERT INTO `requisition_details` VALUES ('186', '120', '2743', '1.00', null, '10.00', '1.00', '2.00', '5', '2', '6', 'wqe', '2013-09-19', '0', '0', null, 's', '5', '', '1', null);
INSERT INTO `requisition_details` VALUES ('187', '120', '2755', '1.00', null, '100.00', '1.00', '20.00', '5', '2', '4', 'wqewqew', '2013-09-18', '0', '0', null, 'd', '5', '', '1', null);
INSERT INTO `requisition_details` VALUES ('188', '121', '2761', '100.00', null, '100.00', '100.00', '0.00', '5', '3', '4', 'wewq', '2013-09-03', '0', '0', null, 'z', '5', '', '1', null);
INSERT INTO `requisition_details` VALUES ('189', '121', '2743', '120.00', null, '120.00', '120.00', '2.00', '5', '2', '3', 'wsadadasd', '2013-09-11', '0', '0', null, '', '5', '', '1', null);
INSERT INTO `requisition_details` VALUES ('190', '122', '1487', null, null, '10.00', '10.00', '70.00', '5', null, null, null, null, null, '0', null, 'a', '2', '', '1', null);
INSERT INTO `requisition_details` VALUES ('191', '122', '2755', null, null, '8.00', '8.00', '20.00', '5', null, null, null, null, null, '0', null, '', '2', '', '1', null);
INSERT INTO `requisition_details` VALUES ('192', '123', '1487', '1.00', null, '1.00', '1.00', '70.00', '5', '3', '4', 'asdsa', '2013-09-11', '0', '0', null, 'a', '5', '', '1', null);
INSERT INTO `requisition_details` VALUES ('193', '123', '2743', '1.00', null, '1.00', '1.00', '2.00', '5', '4', '5', '', '2013-09-04', '0', '0', null, '', '5', '', '1', null);
INSERT INTO `requisition_details` VALUES ('194', '124', '1210', null, null, '90.00', '90.00', '0.00', '2', null, null, null, null, null, '0', null, 'x', '3', '', '1', null);
INSERT INTO `requisition_details` VALUES ('195', '124', '1182', null, null, '10.00', '10.00', '0.00', '2', null, null, null, null, null, '0', null, '', '3', '', '1', null);
INSERT INTO `requisition_details` VALUES ('196', '125', '2755', '10.00', null, '10.00', '10.00', '20.00', '5', '0', '0', '', '0000-00-00', '0', '0', null, 'a', '4', '', '1', null);
INSERT INTO `requisition_details` VALUES ('197', '125', '2743', '19.00', null, '19.00', '19.00', '2.00', '5', '0', '0', '', '0000-00-00', '0', '0', null, '', '4', '', '1', null);
INSERT INTO `requisition_details` VALUES ('198', '126', '2755', '111.00', null, '111.00', '111.00', '20.00', '5', '0', '0', '', '0000-00-00', '0', '0', null, 'a', '5', '', '1', null);
INSERT INTO `requisition_details` VALUES ('199', '126', '2743', '111.00', null, '111.00', '111.00', '2.00', '5', '0', '0', '', '0000-00-00', '0', '0', null, '', '5', '', '1', null);
INSERT INTO `requisition_details` VALUES ('200', '127', '2755', null, null, '11.00', null, '20.00', '5', null, null, null, null, null, '0', null, 'c', '1', '', '-1', null);
INSERT INTO `requisition_details` VALUES ('201', '127', '2743', null, null, '22.00', null, '2.00', '5', null, null, null, null, null, '0', null, '', '1', '', '-1', null);
INSERT INTO `requisition_details` VALUES ('202', '127', '1210', null, null, '13.00', '13.00', '0.00', '2', null, null, null, null, null, '0', null, '', '3', '', '1', null);
INSERT INTO `requisition_details` VALUES ('203', '127', '1317', null, null, '100.00', null, '0.00', '2', null, null, null, null, null, '0', null, '', '1', '', '-1', null);
INSERT INTO `requisition_details` VALUES ('204', '128', '2743', '5.00', null, '5.00', '5.00', '2.00', '5', '4', '3', 'sdsdsd', '2013-08-28', '0', '0', null, 'a', '5', '', '1', null);
INSERT INTO `requisition_details` VALUES ('205', '128', '2762', '1.00', null, '1.00', '1.00', '0.00', '5', '0', '0', '', '0000-00-00', '0', '0', null, '', '5', '', '1', null);
INSERT INTO `requisition_details` VALUES ('206', '128', '1317', null, null, '100.00', '100.00', '0.00', '2', null, null, null, null, null, '0', null, '', '5', '', '1', null);
INSERT INTO `requisition_details` VALUES ('207', '128', '1210', null, null, '1.00', '1.00', '0.00', '2', null, null, null, null, null, '0', null, '', '5', '', '1', null);
INSERT INTO `requisition_details` VALUES ('208', '129', '1230', null, null, '10.00', null, '0.00', null, null, null, null, null, null, '0', null, 'x', '0', '', null, null);
INSERT INTO `requisition_details` VALUES ('209', '129', '1014', null, null, '10.00', null, '0.00', null, null, null, null, null, null, '0', null, '', '0', '', null, null);
INSERT INTO `requisition_details` VALUES ('210', '129', '1019', null, null, '10.00', null, '0.00', null, null, null, null, null, null, '0', null, '', '0', '', null, null);
INSERT INTO `requisition_details` VALUES ('211', '129', '1221', null, null, '18.00', null, '0.00', null, null, null, null, null, null, '0', null, '', '0', '', null, null);
INSERT INTO `requisition_details` VALUES ('212', '130', '1221', null, '42.00', '14.00', null, '0.00', null, null, null, null, null, null, '0', null, 'z', '3', '', '1', null);
INSERT INTO `requisition_details` VALUES ('213', '131', '1174', null, null, '15.00', null, '0.00', null, null, null, null, null, null, '0', null, '', '0', '', null, null);
INSERT INTO `requisition_details` VALUES ('214', '132', '1487', null, null, '10.00', null, '70.00', '5', null, null, null, null, null, '0', null, 's', '0', '', null, null);
INSERT INTO `requisition_details` VALUES ('215', '132', '2743', null, null, '8.00', null, '2.00', '5', null, null, null, null, null, '0', null, '', '0', '', null, null);
INSERT INTO `requisition_details` VALUES ('216', '132', '1317', null, null, '7.00', null, '0.00', '2', null, null, null, null, null, '0', null, '', '0', '', null, null);
INSERT INTO `requisition_details` VALUES ('217', '132', '1210', null, null, '6.00', null, '0.00', '2', null, null, null, null, null, '0', null, '', '0', '', null, null);
INSERT INTO `requisition_details` VALUES ('218', '133', '1487', '10.00', null, '10.00', '10.00', '70.00', '5', '5', '7', 'sdsd', '2013-09-11', '0', '0', null, 's', '5', '', '1', null);
INSERT INTO `requisition_details` VALUES ('219', '133', '2743', '8.00', null, '8.00', '8.00', '2.00', '5', '4', '5', 'ccccccc', '2013-09-10', '0', '0', null, '', '5', '', '1', null);
INSERT INTO `requisition_details` VALUES ('220', '133', '1317', null, null, '7.00', '7.00', '0.00', '2', null, null, null, null, null, '0', null, '', '5', '', '1', null);
INSERT INTO `requisition_details` VALUES ('221', '133', '1210', null, null, '6.00', '6.00', '0.00', '2', null, null, null, null, null, '0', null, '', '5', '', '1', null);
INSERT INTO `requisition_details` VALUES ('222', '134', '1221', null, null, '1.00', null, '0.00', null, null, null, null, null, null, '0', null, 'd', '0', '', null, null);
INSERT INTO `requisition_details` VALUES ('223', '134', '1014', null, null, '1.00', null, '0.00', null, null, null, null, null, null, '0', null, 's', '0', '', null, null);
INSERT INTO `requisition_details` VALUES ('224', '134', '1014', null, null, '19.00', null, '2.00', null, null, null, null, null, null, '0', null, 's', '0', '', null, null);
INSERT INTO `requisition_details` VALUES ('225', '134', '1204', null, null, '18.00', null, '3.00', null, null, null, null, null, null, '0', null, 'd', '0', '', null, null);
INSERT INTO `requisition_details` VALUES ('226', '134', '1219', null, null, '17.00', null, '4.00', null, null, null, null, null, null, '0', null, 's', '0', '', null, null);
INSERT INTO `requisition_details` VALUES ('227', '134', '1221', null, null, '1.00', null, '0.00', null, null, null, null, null, null, '0', null, 'd', '0', '', null, null);
INSERT INTO `requisition_details` VALUES ('228', '134', '1221', null, null, '1.00', null, '0.00', null, null, null, null, null, null, '0', null, '', '0', '', null, null);
INSERT INTO `requisition_details` VALUES ('229', '135', '1221', null, '3.00', '1.00', null, '0.00', null, null, null, null, null, null, '0', null, '', '3', '', '1', null);
INSERT INTO `requisition_details` VALUES ('230', '136', '1221', null, null, '11.00', null, '0.00', null, null, null, null, null, null, '0', null, 'x', '0', '', null, null);
INSERT INTO `requisition_details` VALUES ('231', '136', '1014', null, null, '12.00', null, '0.00', null, null, null, null, null, null, '0', null, '', '0', '', null, null);
INSERT INTO `requisition_details` VALUES ('232', '137', '1221', null, '39.00', '13.00', null, '0.00', null, null, null, null, null, null, '0', null, 'a', '3', '', '1', null);
INSERT INTO `requisition_details` VALUES ('233', '137', '1169', null, '42.00', '14.00', null, '0.00', null, null, null, null, null, null, '0', null, '', '3', '', '1', null);
INSERT INTO `requisition_details` VALUES ('234', '138', '2562', null, null, '15.00', null, '0.00', null, null, null, null, null, null, '0', null, '', '0', '', null, null);
INSERT INTO `requisition_details` VALUES ('235', '137', '1007', null, '48.00', '16.00', null, '0.00', null, null, null, null, null, null, '0', null, '', '3', '', '1', null);
INSERT INTO `requisition_details` VALUES ('236', '139', '1221', null, null, '10.00', null, '0.00', null, null, null, null, null, null, '0', null, 'a', '0', '', null, null);
INSERT INTO `requisition_details` VALUES ('237', '140', '2562', null, '14.00', '7.00', null, '0.00', null, null, null, null, null, null, '0', null, '', '3', '', '1', null);
INSERT INTO `requisition_details` VALUES ('238', '139', '1014', null, null, '8.00', null, '0.00', null, null, null, null, null, null, '0', null, '', '0', '', null, null);
INSERT INTO `requisition_details` VALUES ('239', '141', '1221', null, null, '1.00', null, '0.00', null, null, null, null, null, null, '0', null, '', '0', '', null, null);
INSERT INTO `requisition_details` VALUES ('240', '142', '1221', null, null, '1.00', null, '0.00', null, null, null, null, null, null, '0', null, 'a', '0', '', null, null);
INSERT INTO `requisition_details` VALUES ('241', '143', '2562', null, null, '1.00', null, '0.00', null, null, null, null, null, null, '0', null, '', '0', '', null, null);
INSERT INTO `requisition_details` VALUES ('242', '144', '1221', null, null, '1.00', null, '0.00', null, null, null, null, null, null, '0', null, 'a', '0', '', null, null);
INSERT INTO `requisition_details` VALUES ('243', '145', '2562', null, null, '1.00', null, '0.00', null, null, null, null, null, null, '0', null, '', '0', '', null, null);
INSERT INTO `requisition_details` VALUES ('244', '146', '1221', null, null, '1.00', null, '0.00', null, null, null, null, null, null, '0', null, 'a', '0', '', null, null);
INSERT INTO `requisition_details` VALUES ('245', '147', '2562', null, '7.00', '1.00', null, '0.00', null, null, null, null, null, null, '0', null, '', '3', '', '1', null);
INSERT INTO `requisition_details` VALUES ('246', '148', '1221', null, null, '1.00', null, '0.00', null, null, null, null, null, null, '0', null, 'a', '0', '', null, null);
INSERT INTO `requisition_details` VALUES ('247', '149', '2562', null, '4.00', '1.00', null, '0.00', null, null, null, null, null, null, '0', null, '', '3', '', '1', null);
INSERT INTO `requisition_details` VALUES ('248', '150', '2562', null, '2.00', '1.00', null, '200.00', null, null, null, null, null, null, '0', null, '', '3', '', '1', null);
INSERT INTO `requisition_details` VALUES ('249', '151', '1221', null, '8.00', '1.00', null, '0.00', null, null, null, null, null, null, '0', null, '', '3', '', '1', null);
INSERT INTO `requisition_details` VALUES ('250', '152', '1221', null, '3.00', '1.00', null, '200.00', null, null, null, null, null, null, '0', null, '', '3', '', '1', null);
INSERT INTO `requisition_details` VALUES ('251', '153', '2562', null, '4.00', '1.00', null, '0.00', null, null, null, null, null, null, '0', null, '', '3', '', '1', null);
INSERT INTO `requisition_details` VALUES ('252', '154', '1221', null, '80.00', '10.00', null, '0.00', null, null, null, null, null, null, '0', null, 'L', '3', '', '1', null);
INSERT INTO `requisition_details` VALUES ('253', '155', '2562', null, '40.00', '20.00', null, '20000.00', null, null, null, null, null, null, '0', null, 'o', '3', '', '1', null);
INSERT INTO `requisition_details` VALUES ('254', '154', '1014', null, '88.00', '11.00', null, '0.00', null, null, null, null, null, null, '0', null, 'r', '3', '', '1', null);
INSERT INTO `requisition_details` VALUES ('255', '154', '1002', null, '96.00', '12.00', null, '0.00', null, null, null, null, null, null, '0', null, 'e', '3', '', '1', null);
INSERT INTO `requisition_details` VALUES ('256', '156', '1221', null, null, '10.00', null, '0.00', null, null, null, null, null, null, '0', null, 'a', '0', '', null, null);
INSERT INTO `requisition_details` VALUES ('257', '157', '2562', null, '70.00', '10.00', null, '0.00', null, null, null, null, null, null, '0', null, '', '3', '', '1', null);
INSERT INTO `requisition_details` VALUES ('258', '156', '1014', null, null, '11.00', null, '0.00', null, null, null, null, null, null, '0', null, '', '0', '', null, null);
INSERT INTO `requisition_details` VALUES ('259', '158', '1014', null, null, '10.00', null, '0.00', null, null, null, null, null, null, '0', null, '', '0', '', null, null);
INSERT INTO `requisition_details` VALUES ('260', '159', '2562', null, '48.00', '12.00', null, '600.00', null, null, null, null, null, null, '0', null, '', '3', '', '1', null);
INSERT INTO `requisition_details` VALUES ('261', '158', '1165', null, null, '13.00', null, '0.00', null, null, null, null, null, null, '0', null, '', '0', '', null, null);
INSERT INTO `requisition_details` VALUES ('262', '160', '2562', null, null, '11.00', null, '0.00', null, null, null, null, null, null, '0', null, '', '0', '', null, null);
INSERT INTO `requisition_details` VALUES ('263', '161', '2562', null, null, '15.00', null, '0.00', null, null, null, null, null, null, '0', null, '', '0', '', null, null);
INSERT INTO `requisition_details` VALUES ('264', '162', '1221', null, null, '14.00', null, '0.00', null, null, null, null, null, null, '0', null, '', '0', '', null, null);
INSERT INTO `requisition_details` VALUES ('265', '163', '2562', null, null, '15.00', null, '0.00', null, null, null, null, null, null, '0', null, '', '0', '', null, null);
INSERT INTO `requisition_details` VALUES ('266', '164', '1221', null, null, '14.00', null, '0.00', null, null, null, null, null, null, '0', null, '', '0', '', null, null);
INSERT INTO `requisition_details` VALUES ('267', '165', '2562', null, null, '15.00', null, '0.00', null, null, null, null, null, null, '0', null, '', '0', '', null, null);
INSERT INTO `requisition_details` VALUES ('268', '166', '1221', null, '42.00', '14.00', null, '0.00', null, null, null, null, null, null, '0', null, '', '3', '', '1', null);
INSERT INTO `requisition_details` VALUES ('269', '167', '1165', null, null, '1.00', null, '0.00', null, null, null, null, null, null, '0', null, '', '0', '', null, null);
INSERT INTO `requisition_details` VALUES ('270', '168', '1221', null, null, '15.00', null, '0.00', null, null, null, null, null, null, '0', null, 'a', '0', '', null, null);
INSERT INTO `requisition_details` VALUES ('271', '169', '2562', null, '64.00', '16.00', null, '0.00', null, null, null, null, null, null, '0', null, '', '3', '', '1', null);
INSERT INTO `requisition_details` VALUES ('272', '170', '2562', null, null, '10.00', null, '0.00', null, null, null, null, null, null, '0', null, '', '0', '', null, null);
INSERT INTO `requisition_details` VALUES ('273', '171', '1007', null, null, '19.00', null, '0.00', null, null, null, null, null, null, '0', null, '', '0', '', null, null);
INSERT INTO `requisition_details` VALUES ('274', '172', '2562', null, '44.00', '11.00', null, '0.00', null, null, null, null, null, null, '0', null, '', '3', '', '1', null);
INSERT INTO `requisition_details` VALUES ('275', '173', '2562', null, '44.00', '11.00', null, '0.00', null, null, null, null, null, null, '0', null, 'a', '3', '', '1', null);
INSERT INTO `requisition_details` VALUES ('276', '174', '2562', null, '44.00', '11.00', null, '0.00', null, null, null, null, null, null, '0', null, '', '3', '', '1', null);
INSERT INTO `requisition_details` VALUES ('277', '175', '1221', null, null, '10.00', null, '0.00', null, null, null, null, null, null, '0', null, 'a', '0', '', null, null);
INSERT INTO `requisition_details` VALUES ('278', '176', '2562', null, null, '23.00', null, '0.00', null, null, null, null, null, null, '0', null, 'a', '0', '', null, null);
INSERT INTO `requisition_details` VALUES ('279', '175', '1007', null, null, '3.00', null, '0.00', null, null, null, null, null, null, '0', null, 'a', '0', '', null, null);
INSERT INTO `requisition_details` VALUES ('280', '177', '2562', null, null, '1.00', null, '0.00', null, null, null, null, null, null, '0', null, 'a', '0', '', null, null);
INSERT INTO `requisition_details` VALUES ('281', '178', '2562', null, '100.00', '20.00', null, '0.00', null, null, null, null, null, null, '0', null, '', '3', '', '1', null);
INSERT INTO `requisition_details` VALUES ('282', '179', '1221', null, null, '12.00', null, '0.00', null, null, null, null, null, null, '0', null, '', '0', '', null, null);
INSERT INTO `requisition_details` VALUES ('283', '179', '1007', null, null, '13.00', null, '0.00', null, null, null, null, null, null, '0', null, '', '0', '', null, null);
INSERT INTO `requisition_details` VALUES ('284', '180', '2562', null, '630.00', '90.00', null, '0.00', null, null, null, null, null, null, '0', null, '', '3', '', '1', null);
INSERT INTO `requisition_details` VALUES ('285', '181', '1221', null, null, '30.00', null, '0.00', null, null, null, null, null, null, '0', null, '', '0', '', null, null);
INSERT INTO `requisition_details` VALUES ('286', '181', '1007', null, null, '6.00', null, '0.00', null, null, null, null, null, null, '0', null, '', '0', '', null, null);
INSERT INTO `requisition_details` VALUES ('287', '182', '1221', null, null, '15.00', null, '0.00', null, null, null, null, null, null, '0', null, 'f', '0', '', null, null);
INSERT INTO `requisition_details` VALUES ('288', '183', '2562', null, '10.00', '5.00', null, '0.00', null, null, null, null, null, null, '0', null, 'w', '3', '', '1', null);
INSERT INTO `requisition_details` VALUES ('289', '184', '1002', null, null, '1.00', null, '0.00', null, null, null, null, null, null, '0', null, '', '0', '', null, null);
INSERT INTO `requisition_details` VALUES ('290', '184', '1206', null, null, '1.00', null, '0.00', null, null, null, null, null, null, '0', null, '', '0', '', null, null);
INSERT INTO `requisition_details` VALUES ('291', '185', '1206', null, null, '1.00', null, '0.00', null, null, null, null, null, null, '0', null, '', '0', '', null, null);
INSERT INTO `requisition_details` VALUES ('292', '186', '1206', null, null, '1.00', null, '0.00', null, null, null, null, null, null, '0', null, '', '0', '', null, null);
INSERT INTO `requisition_details` VALUES ('293', '187', '1206', null, null, '1.00', null, '0.00', null, null, null, null, null, null, '0', null, '', '0', '', null, null);
INSERT INTO `requisition_details` VALUES ('294', '188', '1206', null, null, '1.00', null, '0.00', null, null, null, null, null, null, '0', null, '', '0', '', null, null);
INSERT INTO `requisition_details` VALUES ('295', '0', '2763', null, null, '1.00', null, '0.00', null, null, null, null, null, null, '0', null, '', '0', '', null, null);
INSERT INTO `requisition_details` VALUES ('296', '0', '2764', null, null, '1.00', null, '0.00', null, null, null, null, null, null, '0', null, '', '0', '', null, null);
INSERT INTO `requisition_details` VALUES ('297', '0', '2765', null, null, '1.00', null, '0.00', null, null, null, null, null, null, '0', null, '', '0', '', null, null);
INSERT INTO `requisition_details` VALUES ('298', '0', '2767', null, null, '1.00', null, '0.00', null, null, null, null, null, null, '0', null, '', '0', '', null, null);
INSERT INTO `requisition_details` VALUES ('299', '189', '1206', null, null, '1.00', null, '0.00', null, null, null, null, null, null, '0', null, '', '0', '', null, null);
INSERT INTO `requisition_details` VALUES ('300', '0', '2768', null, null, '1.00', null, '0.00', null, null, null, null, null, null, '0', null, '', '0', '', null, null);
INSERT INTO `requisition_details` VALUES ('301', '0', '2769', null, null, '1.00', null, '0.00', null, null, null, null, null, null, '0', null, '', '0', '', null, null);
INSERT INTO `requisition_details` VALUES ('302', '0', '2770', null, null, '1.00', null, '0.00', null, null, null, null, null, null, '0', null, '', '0', '', null, null);
INSERT INTO `requisition_details` VALUES ('303', '0', '2771', null, null, '1.00', null, '0.00', null, null, null, null, null, null, '0', null, '', '0', '', null, null);
INSERT INTO `requisition_details` VALUES ('304', '0', '2772', null, null, '1.00', null, '0.00', null, null, null, null, null, null, '0', null, '', '0', '', null, null);
INSERT INTO `requisition_details` VALUES ('305', '0', '2773', null, null, '1.00', null, '0.00', null, null, null, null, null, null, '0', null, '', '0', '', null, null);
INSERT INTO `requisition_details` VALUES ('306', '192', '2774', null, null, '1.00', null, '0.00', null, null, null, null, null, null, '0', null, '', '0', '', null, null);
INSERT INTO `requisition_details` VALUES ('307', '193', '2775', null, null, '1.00', null, '0.00', null, null, null, null, null, null, '0', null, '', '0', '', null, null);
INSERT INTO `requisition_details` VALUES ('308', '194', '2776', null, null, '1.00', null, '0.00', null, null, null, null, null, null, '0', null, '', '0', '', null, null);
INSERT INTO `requisition_details` VALUES ('309', '195', '2777', null, null, '1.00', null, '0.00', null, null, null, null, null, null, '0', null, '', '0', '', null, null);
INSERT INTO `requisition_details` VALUES ('310', '196', '2778', null, null, '100.00', null, '0.00', null, null, null, null, null, null, '0', null, 'r', '0', '', null, null);
INSERT INTO `requisition_details` VALUES ('311', '197', '2779', null, '200.00', '100.00', null, '0.00', null, null, null, null, null, null, '0', null, 'r', '3', '', '1', null);
INSERT INTO `requisition_details` VALUES ('312', '198', '2562', null, '84.00', '12.00', null, '0.00', null, null, null, null, null, null, '0', null, '', '3', '', '1', null);
INSERT INTO `requisition_details` VALUES ('313', '199', '1007', null, null, '14.00', null, '0.00', null, null, null, null, null, null, '0', null, '', '0', '', null, null);

-- ----------------------------
-- Table structure for `requisition_flow_list`
-- ----------------------------
DROP TABLE IF EXISTS `requisition_flow_list`;
CREATE TABLE `requisition_flow_list` (
  `GP_REQUISITION_FLOW_LIST_ID` int(11) NOT NULL,
  `REQUISITION_ID` int(11) DEFAULT NULL,
  `EMPLOYEE_ID` int(11) DEFAULT NULL,
  `DESIGNATION_ID` int(11) DEFAULT NULL,
  `WORKFLOW_PROCESS_TYPE_ID` int(2) DEFAULT NULL,
  `SL` int(2) DEFAULT NULL,
  `APPROVE_STATUS` int(1) DEFAULT NULL,
  `CREATED_BY` varchar(255) NOT NULL,
  `MODIFY_DATE` datetime DEFAULT NULL,
  `CREATED_DATE` datetime NOT NULL,
  `MODIFY_BY` varchar(255) DEFAULT NULL,
  PRIMARY KEY (`GP_REQUISITION_FLOW_LIST_ID`)
) ENGINE=InnoDB DEFAULT CHARSET=latin1;

-- ----------------------------
-- Records of requisition_flow_list
-- ----------------------------

-- ----------------------------
-- Table structure for `requisition_flow_list_history`
-- ----------------------------
DROP TABLE IF EXISTS `requisition_flow_list_history`;
CREATE TABLE `requisition_flow_list_history` (
  `GP_REQUISITION_FLOW_LIST_ID` int(11) NOT NULL,
  `APPROVAL_COMMENT` varchar(255) DEFAULT NULL,
  `CREATED_BY` varchar(255) DEFAULT NULL,
  `CREATED_DATE` datetime DEFAULT NULL
) ENGINE=InnoDB DEFAULT CHARSET=latin1;

-- ----------------------------
-- Records of requisition_flow_list_history
-- ----------------------------

-- ----------------------------
-- Table structure for `requisition_for_contact`
-- ----------------------------
DROP TABLE IF EXISTS `requisition_for_contact`;
CREATE TABLE `requisition_for_contact` (
  `GP_REQUISITION_FOR_CONTACT_ID` int(11) NOT NULL,
  `REQUISITION_ID` int(11) NOT NULL,
  `CARDNO` varchar(40) DEFAULT NULL,
  `CONTACTNUMBEREMAIL` varchar(40) DEFAULT NULL,
  PRIMARY KEY (`GP_REQUISITION_FOR_CONTACT_ID`)
) ENGINE=InnoDB DEFAULT CHARSET=latin1;

-- ----------------------------
-- Records of requisition_for_contact
-- ----------------------------

-- ----------------------------
-- Table structure for `requisition_for_details`
-- ----------------------------
DROP TABLE IF EXISTS `requisition_for_details`;
CREATE TABLE `requisition_for_details` (
  `GP_REQUISITION_FOR_DETAILS_ID` int(11) NOT NULL,
  `REQUISITION_ID` int(11) NOT NULL,
  `REQUISITION_FOR` varchar(10) DEFAULT NULL,
  `BRANCH_ID` int(10) DEFAULT NULL,
  `DIVISION_ID` int(10) DEFAULT NULL,
  `ISPARTIAL` int(1) DEFAULT NULL,
  `CONTACT_NAME` varchar(40) DEFAULT NULL,
  `CONTACTNUMBEREMAIL` varchar(40) DEFAULT NULL,
  PRIMARY KEY (`GP_REQUISITION_FOR_DETAILS_ID`)
) ENGINE=InnoDB DEFAULT CHARSET=latin1;

-- ----------------------------
-- Records of requisition_for_details
-- ----------------------------

-- ----------------------------
-- Table structure for `requisition_route`
-- ----------------------------
DROP TABLE IF EXISTS `requisition_route`;
CREATE TABLE `requisition_route` (
  `REQUISITION_ROUTE_ID` int(11) NOT NULL,
  `ROUTE_NAME` varchar(100) COLLATE latin1_general_ci NOT NULL,
  `PROCESSING_TYPE_ID` int(2) NOT NULL,
  `CREATED_BY` varchar(50) CHARACTER SET latin1 NOT NULL,
  `CREATED_DATE` date NOT NULL,
  `MODIFY_BY` varchar(50) CHARACTER SET latin1 DEFAULT NULL,
  `MODIFY_DATE` date DEFAULT NULL,
  PRIMARY KEY (`REQUISITION_ROUTE_ID`)
) ENGINE=MyISAM AUTO_INCREMENT=10 DEFAULT CHARSET=latin1 COLLATE=latin1_general_ci ROW_FORMAT=DYNAMIC;

-- ----------------------------
-- Records of requisition_route
-- ----------------------------
INSERT INTO `requisition_route` VALUES ('2', 'Procurement Department', '2', '', '0000-00-00', null, null);
INSERT INTO `requisition_route` VALUES ('5', 'IT Department', '2', '', '0000-00-00', null, null);
INSERT INTO `requisition_route` VALUES ('7', 'Brand', '2', '', '0000-00-00', null, null);
INSERT INTO `requisition_route` VALUES ('9', 'GAD', '2', '', '0000-00-00', null, null);

-- ----------------------------
-- Table structure for `requisition_status`
-- ----------------------------
DROP TABLE IF EXISTS `requisition_status`;
CREATE TABLE `requisition_status` (
  `REQUISITION_STATUS_ID` int(11) NOT NULL,
  `STATUS_NAME` varchar(255) DEFAULT NULL,
  `CREATED_DATE` datetime NOT NULL,
  `MODIFY_BY` varchar(50) CHARACTER SET utf8 DEFAULT NULL,
  `MODIFY_DATE` date DEFAULT NULL,
  `CREATED_BY` varchar(50) CHARACTER SET utf8 NOT NULL,
  PRIMARY KEY (`REQUISITION_STATUS_ID`)
) ENGINE=InnoDB DEFAULT CHARSET=latin1;

-- ----------------------------
-- Records of requisition_status
-- ----------------------------
INSERT INTO `requisition_status` VALUES ('0', 'Draft', '0000-00-00 00:00:00', null, null, '');
INSERT INTO `requisition_status` VALUES ('1', 'New', '0000-00-00 00:00:00', null, null, '');
INSERT INTO `requisition_status` VALUES ('2', 'Waiting for Review', '0000-00-00 00:00:00', null, null, '');
INSERT INTO `requisition_status` VALUES ('3', 'Processing', '0000-00-00 00:00:00', null, null, '');
INSERT INTO `requisition_status` VALUES ('4', 'Waiting for received', '0000-00-00 00:00:00', null, null, '');
INSERT INTO `requisition_status` VALUES ('5', 'Partial Received', '0000-00-00 00:00:00', null, null, '');
INSERT INTO `requisition_status` VALUES ('6', 'Goods Received', '0000-00-00 00:00:00', null, null, '');
INSERT INTO `requisition_status` VALUES ('7', 'Cancelled', '0000-00-00 00:00:00', null, null, '');
INSERT INTO `requisition_status` VALUES ('10', 'Approved', '0000-00-00 00:00:00', null, null, '');
INSERT INTO `requisition_status` VALUES ('11', 'Sent To Supplier', '0000-00-00 00:00:00', null, null, '');
INSERT INTO `requisition_status` VALUES ('12', 'Complete', '0000-00-00 00:00:00', null, null, '');

-- ----------------------------
-- Table structure for `requisition_type`
-- ----------------------------
DROP TABLE IF EXISTS `requisition_type`;
CREATE TABLE `requisition_type` (
  `REQUISITION_TYPE_ID` int(11) NOT NULL AUTO_INCREMENT,
  `REQUISITION_TYPE_NAME` varchar(255) DEFAULT NULL,
  `CREATED_BY` varchar(16) CHARACTER SET utf8 NOT NULL,
  `CREATED_DATE` date NOT NULL,
  `MODIFY_BY` varchar(50) CHARACTER SET utf8 DEFAULT NULL,
  `MODIFY_DATE` date DEFAULT NULL,
  PRIMARY KEY (`REQUISITION_TYPE_ID`)
) ENGINE=InnoDB AUTO_INCREMENT=6 DEFAULT CHARSET=latin1;

-- ----------------------------
-- Records of requisition_type
-- ----------------------------
INSERT INTO `requisition_type` VALUES ('1', 'Store/ IT Accessories', '', '0000-00-00', null, null);
INSERT INTO `requisition_type` VALUES ('2', 'Purchase', '', '0000-00-00', null, null);
INSERT INTO `requisition_type` VALUES ('3', 'New', '', '0000-00-00', null, null);
INSERT INTO `requisition_type` VALUES ('4', 'Repair', '', '0000-00-00', null, null);
INSERT INTO `requisition_type` VALUES ('5', 'Civil', '', '0000-00-00', null, null);

-- ----------------------------
-- Table structure for `sol`
-- ----------------------------
DROP TABLE IF EXISTS `sol`;
CREATE TABLE `sol` (
  `SOL_ID` int(11) NOT NULL DEFAULT '0',
  `SOL_CODE` varchar(50) DEFAULT NULL,
  `SOL_NAME` varchar(255) DEFAULT NULL,
  `DIVISION_ID` int(4) DEFAULT NULL,
  `DEPARTMENT_ID` int(4) DEFAULT NULL,
  `BRANCH_ID` int(4) DEFAULT NULL,
  `OFFICE_TYPE_ID` int(4) DEFAULT NULL,
  `CREATED_BY` varchar(50) DEFAULT NULL,
  `CREATED_DATE` date DEFAULT NULL,
  `MODIFY_BY` varchar(50) DEFAULT NULL,
  `MODIFY_DATE` date DEFAULT NULL,
  PRIMARY KEY (`SOL_ID`)
) ENGINE=InnoDB DEFAULT CHARSET=latin1;

-- ----------------------------
-- Records of sol
-- ----------------------------
INSERT INTO `sol` VALUES ('1', '102', 'Sol-1', '1', '1', '1', '1', null, null, null, null);
INSERT INTO `sol` VALUES ('2', '103', 'Sol-2', '1', '37', '1', '1', '', '2013-03-14', null, null);
INSERT INTO `sol` VALUES ('3', '104', 'Sol-3', '1', '37', '1', '1', '', '2013-03-14', null, null);
INSERT INTO `sol` VALUES ('4', '105', 'Sol-4', '2', '39', '1', '2', '', '2013-03-17', null, null);
INSERT INTO `sol` VALUES ('5', '106', 'Sol-5', '8', '41', '0', '1', '', '2013-03-18', null, null);

-- ----------------------------
-- Table structure for `stack_holder`
-- ----------------------------
DROP TABLE IF EXISTS `stack_holder`;
CREATE TABLE `stack_holder` (
  `STACK_HOLDER_ID` int(11) NOT NULL DEFAULT '0',
  `SL` int(11) DEFAULT NULL,
  `STACK_HOLDER_TYPE_ID` int(11) DEFAULT NULL,
  `REQUISITION_ID` int(11) DEFAULT NULL,
  `MODULE` varchar(200) DEFAULT NULL,
  `EMPLOYEE_ID` int(30) DEFAULT NULL,
  `CREATED_DATE` date NOT NULL,
  `MODIFY_BY` varchar(50) CHARACTER SET utf8 DEFAULT NULL,
  `MODIFY_DATE` date DEFAULT NULL,
  `CREATED_BY` varchar(50) CHARACTER SET utf8 NOT NULL,
  PRIMARY KEY (`STACK_HOLDER_ID`)
) ENGINE=InnoDB DEFAULT CHARSET=latin1;

-- ----------------------------
-- Records of stack_holder
-- ----------------------------
INSERT INTO `stack_holder` VALUES ('0', '0', '0', '0', '$MODULE', '0', '2013-09-11', null, null, '$user_name');
INSERT INTO `stack_holder` VALUES ('1', '1', '2', '1', 'civil', '2', '2013-09-02', null, null, '6');
INSERT INTO `stack_holder` VALUES ('2', '2', '3', '1', 'civil', '3', '2013-09-02', null, null, '6');
INSERT INTO `stack_holder` VALUES ('3', '3', '1', '1', 'civil', '4', '2013-09-02', null, null, '6');
INSERT INTO `stack_holder` VALUES ('4', '1', '3', '3', 'civil', '4', '2013-09-02', null, null, '6');
INSERT INTO `stack_holder` VALUES ('5', '1', '2', '1', 'civil', '18', '2013-09-02', null, null, '29');
INSERT INTO `stack_holder` VALUES ('6', '1', '2', '3', 'civil', '2', '2013-09-02', null, null, '623');
INSERT INTO `stack_holder` VALUES ('7', '1', '2', '2', 'civil', '4', '2013-09-03', null, null, '29');
INSERT INTO `stack_holder` VALUES ('8', '1', '2', '20', 'civil', '2', '2013-09-03', null, null, '623');
INSERT INTO `stack_holder` VALUES ('9', '1', '3', '21', 'civil', '4', '2013-09-03', null, null, '623');
INSERT INTO `stack_holder` VALUES ('10', '1', '2', '50', 'civil', '4', '2013-09-04', null, null, '663');

-- ----------------------------
-- Table structure for `stack_holder_type`
-- ----------------------------
DROP TABLE IF EXISTS `stack_holder_type`;
CREATE TABLE `stack_holder_type` (
  `STACK_HOLDER_TYPE_ID` int(10) NOT NULL AUTO_INCREMENT,
  `STACK_HOLDER_TYPE_NAME` varchar(200) DEFAULT NULL COMMENT 'Stack Holder Name,y,Y,,,20,1',
  `CREATED_DATE` date NOT NULL,
  `MODIFY_BY` varchar(50) DEFAULT NULL,
  `MODIFY_DATE` date DEFAULT NULL,
  `CREATED_BY` varchar(50) NOT NULL,
  PRIMARY KEY (`STACK_HOLDER_TYPE_ID`)
) ENGINE=MyISAM AUTO_INCREMENT=5 DEFAULT CHARSET=utf8;

-- ----------------------------
-- Records of stack_holder_type
-- ----------------------------
INSERT INTO `stack_holder_type` VALUES ('1', 'Supervisor', '2013-08-25', null, null, 'admin');
INSERT INTO `stack_holder_type` VALUES ('2', 'First Approval', '2013-08-25', '2013-08-25', null, 'admin');
INSERT INTO `stack_holder_type` VALUES ('3', 'Second Approval', '2013-08-25', null, null, 'admin');

-- ----------------------------
-- Table structure for `stockmove`
-- ----------------------------
DROP TABLE IF EXISTS `stockmove`;
CREATE TABLE `stockmove` (
  `STOCK_MOVE_ID` int(10) NOT NULL AUTO_INCREMENT,
  `PRODUCT_ID` int(5) NOT NULL,
  `QTY` int(11) NOT NULL,
  `narrative` varchar(80) DEFAULT NULL,
  `TRANSACTION_TYPE_ID` int(10) unsigned DEFAULT NULL,
  `salesorderid` int(10) unsigned DEFAULT NULL,
  `purchaseorderid` int(10) unsigned DEFAULT NULL,
  `no` smallint(5) unsigned DEFAULT NULL,
  `createdby` varchar(16) DEFAULT NULL,
  `productionorderid` int(10) unsigned DEFAULT NULL,
  `locationid` int(10) unsigned NOT NULL DEFAULT '1',
  `STOCK_MOVE_DATE` datetime DEFAULT NULL,
  `createdtime` date NOT NULL,
  `deliverd` int(1) DEFAULT '0',
  `challanno` int(11) DEFAULT '0',
  `CREATED_DATE` datetime NOT NULL,
  `MODIFY_BY` varchar(50) DEFAULT NULL,
  `MODIFY_DATE` date DEFAULT NULL,
  `CREATED_BY` varchar(50) NOT NULL,
  PRIMARY KEY (`STOCK_MOVE_ID`),
  KEY `PRODUCT_ID` (`PRODUCT_ID`)
) ENGINE=InnoDB AUTO_INCREMENT=25 DEFAULT CHARSET=utf8;

-- ----------------------------
-- Records of stockmove
-- ----------------------------
INSERT INTO `stockmove` VALUES ('1', '2743', '-1', null, null, null, null, null, '22', null, '1', null, '0000-00-00', '0', '14', '0000-00-00 00:00:00', null, null, '');
INSERT INTO `stockmove` VALUES ('2', '1487', '-30', null, null, null, null, null, '22', null, '1', null, '0000-00-00', '0', '14', '0000-00-00 00:00:00', null, null, '');
INSERT INTO `stockmove` VALUES ('3', '2743', '-20', null, null, null, null, null, '22', null, '1', null, '0000-00-00', '0', '14', '0000-00-00 00:00:00', null, null, '');
INSERT INTO `stockmove` VALUES ('4', '2755', '-2', null, null, null, null, null, '22', null, '1', null, '0000-00-00', '0', '11', '0000-00-00 00:00:00', null, null, '');
INSERT INTO `stockmove` VALUES ('5', '2743', '-1', null, null, null, null, null, '22', null, '1', null, '0000-00-00', '0', '14', '0000-00-00 00:00:00', null, null, '');
INSERT INTO `stockmove` VALUES ('6', '2743', '-1', null, null, null, null, null, '22', null, '1', null, '0000-00-00', '0', '14', '0000-00-00 00:00:00', null, null, '');
INSERT INTO `stockmove` VALUES ('7', '2755', '-1', null, null, null, null, null, '22', null, '1', null, '0000-00-00', '0', '11', '0000-00-00 00:00:00', null, null, '');
INSERT INTO `stockmove` VALUES ('8', '2762', '-100', null, null, null, null, null, '22', null, '1', null, '0000-00-00', '0', '13', '0000-00-00 00:00:00', null, null, '');
INSERT INTO `stockmove` VALUES ('9', '2761', '-100', null, null, null, null, null, '22', null, '1', null, '0000-00-00', '0', '7', '0000-00-00 00:00:00', null, null, '');
INSERT INTO `stockmove` VALUES ('10', '2743', '-120', null, null, null, null, null, '22', null, '1', null, '0000-00-00', '0', '14', '0000-00-00 00:00:00', null, null, '');
INSERT INTO `stockmove` VALUES ('11', '1487', '-1', null, null, null, null, null, '22', null, '1', null, '0000-00-00', '0', '14', '0000-00-00 00:00:00', null, null, '');
INSERT INTO `stockmove` VALUES ('12', '2743', '-1', null, null, null, null, null, '22', null, '1', null, '0000-00-00', '0', '14', '0000-00-00 00:00:00', null, null, '');
INSERT INTO `stockmove` VALUES ('13', '1207', '-11', null, null, null, null, null, '21', null, '1', null, '0000-00-00', '0', '10', '0000-00-00 00:00:00', null, null, '');
INSERT INTO `stockmove` VALUES ('14', '1253', '-13', null, null, null, null, null, '21', null, '1', null, '0000-00-00', '0', '10', '0000-00-00 00:00:00', null, null, '');
INSERT INTO `stockmove` VALUES ('15', '2755', '-111', null, null, null, null, null, '22', null, '1', null, '0000-00-00', '0', '11', '0000-00-00 00:00:00', null, null, '');
INSERT INTO `stockmove` VALUES ('16', '2743', '-111', null, null, null, null, null, '22', null, '1', null, '0000-00-00', '0', '14', '0000-00-00 00:00:00', null, null, '');
INSERT INTO `stockmove` VALUES ('17', '1317', '-100', null, null, null, null, null, '623', null, '1', null, '0000-00-00', '0', '15', '0000-00-00 00:00:00', null, null, '');
INSERT INTO `stockmove` VALUES ('18', '1210', '-1', null, null, null, null, null, '623', null, '1', null, '0000-00-00', '0', '15', '0000-00-00 00:00:00', null, null, '');
INSERT INTO `stockmove` VALUES ('19', '2743', '-5', null, null, null, null, null, '22', null, '1', null, '0000-00-00', '0', '14', '0000-00-00 00:00:00', null, null, '');
INSERT INTO `stockmove` VALUES ('20', '2762', '-1', null, null, null, null, null, '22', null, '1', null, '0000-00-00', '0', '13', '0000-00-00 00:00:00', null, null, '');
INSERT INTO `stockmove` VALUES ('21', '1487', '-10', null, null, null, null, null, '22', null, '1', null, '0000-00-00', '0', '14', '0000-00-00 00:00:00', null, null, '');
INSERT INTO `stockmove` VALUES ('22', '2743', '-8', null, null, null, null, null, '22', null, '1', null, '0000-00-00', '0', '14', '0000-00-00 00:00:00', null, null, '');
INSERT INTO `stockmove` VALUES ('23', '1210', '-6', null, null, null, null, null, '623', null, '1', null, '0000-00-00', '0', '15', '0000-00-00 00:00:00', null, null, '');
INSERT INTO `stockmove` VALUES ('24', '1317', '-7', null, null, null, null, null, '623', null, '1', null, '0000-00-00', '0', '15', '0000-00-00 00:00:00', null, null, '');

-- ----------------------------
-- Table structure for `supplier`
-- ----------------------------
DROP TABLE IF EXISTS `supplier`;
CREATE TABLE `supplier` (
  `SUPPLIER_ID` int(11) NOT NULL AUTO_INCREMENT,
  `SUPPLIER_NAME` varchar(20) DEFAULT NULL COMMENT 'Supplier Name,y,Y,N,,20,1',
  `SUPPLIER_ADDRESS` varchar(20) DEFAULT NULL COMMENT 'Supplier Address,y,N,N,,20,7',
  `PHONE` varchar(20) DEFAULT NULL COMMENT 'Phone No,y,Y,N,,20,1',
  `MAIL` varchar(50) DEFAULT NULL COMMENT 'EMail,y,,,,20,1',
  `VAT_REG_NO` varchar(50) DEFAULT NULL COMMENT 'Vat Reg No,y,,,,20,1',
  `VAT_PAID` varchar(2) DEFAULT NULL COMMENT ' Vat Paid ,y,N,,,20,1',
  `TIN_REG_NO` varchar(50) DEFAULT NULL COMMENT 'Tin Reg No,y,,,,20,1',
  `WEB_ADDRESS` varchar(50) DEFAULT NULL COMMENT 'Web,y,N,N,PHONE,20,1',
  `CREATED_DATE` datetime NOT NULL,
  `MODIFY_BY` varchar(50) DEFAULT NULL,
  `MODIFY_DATE` date DEFAULT NULL,
  `CREATED_BY` varchar(50) NOT NULL,
  PRIMARY KEY (`SUPPLIER_ID`)
) ENGINE=MyISAM AUTO_INCREMENT=415 DEFAULT CHARSET=utf8 ROW_FORMAT=DYNAMIC;

-- ----------------------------
-- Records of supplier
-- ----------------------------
INSERT INTO `supplier` VALUES ('2', 'Abarani Engineering ', 'dd', null, null, null, null, null, null, '0000-00-00 00:00:00', null, null, '');
INSERT INTO `supplier` VALUES ('3', 'Adideas', '', null, null, null, null, null, null, '0000-00-00 00:00:00', null, null, '');
INSERT INTO `supplier` VALUES ('4', 'Advance Systems Tech', '', null, null, null, null, null, null, '0000-00-00 00:00:00', null, null, '');
INSERT INTO `supplier` VALUES ('5', 'Amecon', '', null, null, null, null, null, null, '0000-00-00 00:00:00', null, null, '');
INSERT INTO `supplier` VALUES ('6', 'Aamra Technologies L', '', null, null, null, null, null, null, '0000-00-00 00:00:00', null, null, '');
INSERT INTO `supplier` VALUES ('7', 'Asset Electronics', '', null, null, null, null, null, null, '0000-00-00 00:00:00', null, null, '');
INSERT INTO `supplier` VALUES ('8', 'Bang Office Supply &', '', null, null, null, null, null, null, '0000-00-00 00:00:00', null, null, '');
INSERT INTO `supplier` VALUES ('9', 'Bestow', '', null, null, null, null, null, null, '0000-00-00 00:00:00', null, null, '');
INSERT INTO `supplier` VALUES ('10', 'Brac BD Mail network', '', null, null, null, null, null, null, '0000-00-00 00:00:00', null, null, '');
INSERT INTO `supplier` VALUES ('11', 'Bridge Computer Tech', '', null, null, null, null, null, null, '0000-00-00 00:00:00', null, null, '');
INSERT INTO `supplier` VALUES ('12', 'Blue Bell Creative', '', null, null, null, null, null, null, '0000-00-00 00:00:00', null, null, '');
INSERT INTO `supplier` VALUES ('13', 'Butterfly Marketing ', '', null, null, null, null, null, null, '0000-00-00 00:00:00', null, null, '');
INSERT INTO `supplier` VALUES ('14', 'CMS Graphics', '', null, null, null, null, null, null, '0000-00-00 00:00:00', null, null, '');
INSERT INTO `supplier` VALUES ('15', 'Computer Service Ltd', '', null, null, null, null, null, null, '0000-00-00 00:00:00', null, null, '');
INSERT INTO `supplier` VALUES ('16', 'Cheque Bureau Centre', '', null, null, null, null, null, null, '0000-00-00 00:00:00', null, null, '');
INSERT INTO `supplier` VALUES ('17', 'Cross World Ltd.', '', null, null, null, null, null, null, '0000-00-00 00:00:00', null, null, '');
INSERT INTO `supplier` VALUES ('18', 'Colorsign Graphics', '', null, null, null, null, null, null, '0000-00-00 00:00:00', null, null, '');
INSERT INTO `supplier` VALUES ('19', 'Data Prk BD Ltd', '', null, null, null, null, null, null, '0000-00-00 00:00:00', null, null, '');
INSERT INTO `supplier` VALUES ('20', 'DU Group', '', null, null, null, null, null, null, '0000-00-00 00:00:00', null, null, '');
INSERT INTO `supplier` VALUES ('21', 'Energypac Power Gene', '', null, null, null, null, null, null, '0000-00-00 00:00:00', null, null, '');
INSERT INTO `supplier` VALUES ('22', 'Electro Mart Ltd.', '', null, null, null, null, null, null, '0000-00-00 00:00:00', null, null, '');
INSERT INTO `supplier` VALUES ('23', 'Electrohome______old', '', null, null, null, null, null, null, '0000-00-00 00:00:00', null, null, '');
INSERT INTO `supplier` VALUES ('24', 'Esquire Electronics ', '', null, null, null, null, null, null, '0000-00-00 00:00:00', null, null, '');
INSERT INTO `supplier` VALUES ('25', 'Excel Telecom Pvt', '', null, null, null, null, null, null, '0000-00-00 00:00:00', null, null, '');
INSERT INTO `supplier` VALUES ('26', 'Eliash Brothers', '', null, null, null, null, null, null, '0000-00-00 00:00:00', null, null, '');
INSERT INTO `supplier` VALUES ('27', 'Flora Limited', 'Motijheel', null, null, null, null, null, null, '0000-00-00 00:00:00', null, null, '');
INSERT INTO `supplier` VALUES ('28', 'GP IT', '', null, null, null, null, null, null, '0000-00-00 00:00:00', null, null, '');
INSERT INTO `supplier` VALUES ('29', 'Golden Age', '', null, null, null, null, null, null, '0000-00-00 00:00:00', null, null, '');
INSERT INTO `supplier` VALUES ('30', 'Haroon Enterprise Lt', '', null, null, null, null, null, null, '0000-00-00 00:00:00', null, null, '');
INSERT INTO `supplier` VALUES ('31', 'Haroon Engineering L', '', null, null, null, null, null, null, '0000-00-00 00:00:00', null, null, '');
INSERT INTO `supplier` VALUES ('32', 'International Office', '', null, null, null, null, null, null, '0000-00-00 00:00:00', null, null, '');
INSERT INTO `supplier` VALUES ('33', 'International Office', '', null, null, null, null, null, null, '0000-00-00 00:00:00', null, null, '');
INSERT INTO `supplier` VALUES ('34', 'Ironco', '', null, null, null, null, null, null, '0000-00-00 00:00:00', null, null, '');
INSERT INTO `supplier` VALUES ('35', 'Ismat Ara Enterprise', '', null, null, null, null, null, null, '0000-00-00 00:00:00', null, null, '');
INSERT INTO `supplier` VALUES ('36', 'International Acumen', '', null, null, null, null, null, null, '0000-00-00 00:00:00', null, null, '');
INSERT INTO `supplier` VALUES ('37', 'IT Consultant Ltd___', '', null, null, null, null, null, null, '0000-00-00 00:00:00', null, null, '');
INSERT INTO `supplier` VALUES ('38', 'Janata Steel Workes', '', null, null, null, null, null, null, '0000-00-00 00:00:00', null, null, '');
INSERT INTO `supplier` VALUES ('39', 'Japan Bangladesh Sec', '', null, null, null, null, null, null, '0000-00-00 00:00:00', null, null, '');
INSERT INTO `supplier` VALUES ('40', 'Khalid Enterprise', '', null, null, null, null, null, null, '0000-00-00 00:00:00', null, null, '');
INSERT INTO `supplier` VALUES ('41', 'LA marketing______ol', '', null, null, null, null, null, null, '0000-00-00 00:00:00', null, null, '');
INSERT INTO `supplier` VALUES ('42', 'Laid Back Soft ltd__', '', null, null, null, null, null, null, '0000-00-00 00:00:00', null, null, '');
INSERT INTO `supplier` VALUES ('43', 'Leads Corporation Lt', '', null, null, null, null, null, null, '0000-00-00 00:00:00', null, null, '');
INSERT INTO `supplier` VALUES ('44', 'Lark Technologies Lt', '', null, null, null, null, null, null, '0000-00-00 00:00:00', null, null, '');
INSERT INTO `supplier` VALUES ('45', 'Lipro Energy Ltd', '', null, null, null, null, null, null, '0000-00-00 00:00:00', null, null, '');
INSERT INTO `supplier` VALUES ('46', 'M Rahman & Company L', '', null, null, null, null, null, null, '0000-00-00 00:00:00', null, null, '');
INSERT INTO `supplier` VALUES ('47', 'M.K. Electronics', '', null, null, null, null, null, null, '0000-00-00 00:00:00', null, null, '');
INSERT INTO `supplier` VALUES ('48', 'Metro Books & Statio', '', null, null, null, null, null, null, '0000-00-00 00:00:00', null, null, '');
INSERT INTO `supplier` VALUES ('49', 'Miguns Technologies', '', null, null, null, null, null, null, '0000-00-00 00:00:00', null, null, '');
INSERT INTO `supplier` VALUES ('50', 'MS Modern Enterprise', '', null, null, null, null, null, null, '0000-00-00 00:00:00', null, null, '');
INSERT INTO `supplier` VALUES ('51', 'Network Hardware Sol', '', null, null, null, null, null, null, '0000-00-00 00:00:00', null, null, '');
INSERT INTO `supplier` VALUES ('52', 'Norban Communication', '', null, null, null, null, null, null, '0000-00-00 00:00:00', null, null, '');
INSERT INTO `supplier` VALUES ('53', 'Netcom Technologies', '', null, null, null, null, null, null, '0000-00-00 00:00:00', null, null, '');
INSERT INTO `supplier` VALUES ('54', 'NSS', '', null, null, null, null, null, null, '0000-00-00 00:00:00', null, null, '');
INSERT INTO `supplier` VALUES ('55', 'Oracle Digital Syste', '', null, null, null, null, null, null, '0000-00-00 00:00:00', null, null, '');
INSERT INTO `supplier` VALUES ('56', 'Oriental Service', '', null, null, null, null, null, null, '0000-00-00 00:00:00', null, null, '');
INSERT INTO `supplier` VALUES ('57', 'Otobi______old', '', null, null, null, null, null, null, '0000-00-00 00:00:00', null, null, '');
INSERT INTO `supplier` VALUES ('58', 'Pacific Automation', '', null, null, null, null, null, null, '0000-00-00 00:00:00', null, null, '');
INSERT INTO `supplier` VALUES ('59', 'Plastic Card ID Ltd', '', null, null, null, null, null, null, '0000-00-00 00:00:00', null, null, '');
INSERT INTO `supplier` VALUES ('60', 'PowerVally______old', '', null, null, null, null, null, null, '0000-00-00 00:00:00', null, null, '');
INSERT INTO `supplier` VALUES ('61', 'Prince Steel Works', '', null, null, null, null, null, null, '0000-00-00 00:00:00', null, null, '');
INSERT INTO `supplier` VALUES ('62', 'Quntam electronics L', '', null, null, null, null, null, null, '0000-00-00 00:00:00', null, null, '');
INSERT INTO `supplier` VALUES ('63', 'Rahim Afroz CNG', '', null, null, null, null, null, null, '0000-00-00 00:00:00', null, null, '');
INSERT INTO `supplier` VALUES ('64', 'Rose Haven enterpris', '', null, null, null, null, null, null, '0000-00-00 00:00:00', null, null, '');
INSERT INTO `supplier` VALUES ('65', 'Rangs Industries Ltd', '', null, null, null, null, null, null, '0000-00-00 00:00:00', null, null, '');
INSERT INTO `supplier` VALUES ('66', 'Rangs Electronics Lt', '', null, null, null, null, null, null, '0000-00-00 00:00:00', null, null, '');
INSERT INTO `supplier` VALUES ('67', 'Ridge Communication', '', null, null, null, null, null, null, '0000-00-00 00:00:00', null, null, '');
INSERT INTO `supplier` VALUES ('68', 'Star Stationary & Co', '', null, null, null, null, null, null, '0000-00-00 00:00:00', null, null, '');
INSERT INTO `supplier` VALUES ('69', 'Satcimit Ltd.', '', null, null, null, null, null, null, '0000-00-00 00:00:00', null, null, '');
INSERT INTO `supplier` VALUES ('70', 'Spectrum Engineering', '', null, null, null, null, null, null, '0000-00-00 00:00:00', null, null, '');
INSERT INTO `supplier` VALUES ('71', 'Secura Bangladesh Lt', '', null, null, null, null, null, null, '0000-00-00 00:00:00', null, null, '');
INSERT INTO `supplier` VALUES ('72', 'Shawon Steel Workes', '', null, null, null, null, null, null, '0000-00-00 00:00:00', null, null, '');
INSERT INTO `supplier` VALUES ('73', 'Singer Bangladesh Lt', '', null, null, null, null, null, null, '0000-00-00 00:00:00', null, null, '');
INSERT INTO `supplier` VALUES ('74', 'Sirius Marketing & S', '', null, null, null, null, null, null, '0000-00-00 00:00:00', null, null, '');
INSERT INTO `supplier` VALUES ('75', 'Smart Technologies__', '', null, null, null, null, null, null, '0000-00-00 00:00:00', null, null, '');
INSERT INTO `supplier` VALUES ('76', 'Tech Valley Solution', '', null, null, null, null, null, null, '0000-00-00 00:00:00', null, null, '');
INSERT INTO `supplier` VALUES ('77', 'Techno HVAC System', '', null, null, null, null, null, null, '0000-00-00 00:00:00', null, null, '');
INSERT INTO `supplier` VALUES ('78', 'Trax Technologies Lt', '', null, null, null, null, null, null, '0000-00-00 00:00:00', null, null, '');
INSERT INTO `supplier` VALUES ('79', 'Technomedia Limited', '', null, null, null, null, null, null, '0000-00-00 00:00:00', null, null, '');
INSERT INTO `supplier` VALUES ('80', 'Techvally Network', '', null, null, null, null, null, null, '0000-00-00 00:00:00', null, null, '');
INSERT INTO `supplier` VALUES ('81', 'Telesens', '', null, null, null, null, null, null, '0000-00-00 00:00:00', null, null, '');
INSERT INTO `supplier` VALUES ('82', 'Thakral Information ', '', null, null, null, null, null, null, '0000-00-00 00:00:00', null, null, '');
INSERT INTO `supplier` VALUES ('83', 'Tonmoy Enterprise', '', null, null, null, null, null, null, '0000-00-00 00:00:00', null, null, '');
INSERT INTO `supplier` VALUES ('84', 'Tradecon', '', null, null, null, null, null, null, '0000-00-00 00:00:00', null, null, '');
INSERT INTO `supplier` VALUES ('85', 'Transcom Electronics', '', null, null, null, null, null, null, '0000-00-00 00:00:00', null, null, '');
INSERT INTO `supplier` VALUES ('86', 'Twin Technology', '', null, null, null, null, null, null, '0000-00-00 00:00:00', null, null, '');
INSERT INTO `supplier` VALUES ('87', 'Unique Business Syst', '', null, null, null, null, null, null, '0000-00-00 00:00:00', null, null, '');
INSERT INTO `supplier` VALUES ('88', 'Sunnuy  Crockeries', '', null, null, null, null, null, null, '0000-00-00 00:00:00', null, null, '');
INSERT INTO `supplier` VALUES ('89', 'Sal Sabeel Cars', '', null, null, null, null, null, null, '0000-00-00 00:00:00', null, null, '');
INSERT INTO `supplier` VALUES ('90', 'Hoq s Bay', '', null, null, null, null, null, null, '0000-00-00 00:00:00', null, null, '');
INSERT INTO `supplier` VALUES ('91', 'HNS Automobiles', '', null, null, null, null, null, null, '0000-00-00 00:00:00', null, null, '');
INSERT INTO `supplier` VALUES ('92', 'Auto Define', '', null, null, null, null, null, null, '0000-00-00 00:00:00', null, null, '');
INSERT INTO `supplier` VALUES ('93', 'Car Selection', '', null, null, null, null, null, null, '0000-00-00 00:00:00', null, null, '');
INSERT INTO `supplier` VALUES ('94', 'Auto Bay', '', null, null, null, null, null, null, '0000-00-00 00:00:00', null, null, '');
INSERT INTO `supplier` VALUES ('95', 'Legend Car', '', null, null, null, null, null, null, '0000-00-00 00:00:00', null, null, '');
INSERT INTO `supplier` VALUES ('96', 'KK Automobiles', '', null, null, null, null, null, null, '0000-00-00 00:00:00', null, null, '');
INSERT INTO `supplier` VALUES ('97', 'Charuta Pvt Ltd', '', null, null, null, null, null, null, '0000-00-00 00:00:00', null, null, '');
INSERT INTO `supplier` VALUES ('98', 'Graphics Information', '', null, null, null, null, null, null, '0000-00-00 00:00:00', null, null, '');
INSERT INTO `supplier` VALUES ('99', 'Litme Enterprise', '', null, null, null, null, null, null, '0000-00-00 00:00:00', null, null, '');
INSERT INTO `supplier` VALUES ('100', 'Quantum Electronics ', '', null, null, null, null, null, null, '0000-00-00 00:00:00', null, null, '');
INSERT INTO `supplier` VALUES ('101', 'Aponjhon Internation', '', null, null, null, null, null, null, '0000-00-00 00:00:00', null, null, '');
INSERT INTO `supplier` VALUES ('102', 'Tricom Electronics L', '', null, null, null, null, null, null, '0000-00-00 00:00:00', null, null, '');
INSERT INTO `supplier` VALUES ('103', 'City Communication S', '', null, null, null, null, null, null, '0000-00-00 00:00:00', null, null, '');
INSERT INTO `supplier` VALUES ('104', 'Oracle Digital Syste', '', null, null, null, null, null, null, '0000-00-00 00:00:00', null, null, '');
INSERT INTO `supplier` VALUES ('105', 'speed Technology & E', '', null, null, null, null, null, null, '0000-00-00 00:00:00', null, null, '');
INSERT INTO `supplier` VALUES ('106', 'Mir Trading', '', null, null, null, null, null, null, '0000-00-00 00:00:00', null, null, '');
INSERT INTO `supplier` VALUES ('107', 'Partex Furniture Ind', '', null, null, null, null, null, null, '0000-00-00 00:00:00', null, null, '');
INSERT INTO `supplier` VALUES ('108', 'Equalizer Engineerin', '', null, null, null, null, null, null, '0000-00-00 00:00:00', null, null, '');
INSERT INTO `supplier` VALUES ('109', 'ARK POWER', '', null, null, null, null, null, null, '0000-00-00 00:00:00', null, null, '');
INSERT INTO `supplier` VALUES ('110', 'E M Power Limited (E', '', null, null, null, null, null, null, '0000-00-00 00:00:00', null, null, '');
INSERT INTO `supplier` VALUES ('111', 'Jahid Office Equipme', '', null, null, null, null, null, null, '0000-00-00 00:00:00', null, null, '');
INSERT INTO `supplier` VALUES ('112', 'E. M Power Limited- ', '', null, null, null, null, null, null, '0000-00-00 00:00:00', null, null, '');
INSERT INTO `supplier` VALUES ('113', 'salima Enterprise', '', null, null, null, null, null, null, '0000-00-00 00:00:00', null, null, '');
INSERT INTO `supplier` VALUES ('114', 'High Source Electron', '', null, null, null, null, null, null, '0000-00-00 00:00:00', null, null, '');
INSERT INTO `supplier` VALUES ('115', 'NGEN IT', '', null, null, null, null, null, null, '0000-00-00 00:00:00', null, null, '');
INSERT INTO `supplier` VALUES ('116', 'Techno Associates', '', null, null, null, null, null, null, '0000-00-00 00:00:00', null, null, '');
INSERT INTO `supplier` VALUES ('117', 'G4S', '', null, null, null, null, null, null, '0000-00-00 00:00:00', null, null, '');
INSERT INTO `supplier` VALUES ('118', 'Minhaz Courier Servi', '', null, null, null, null, null, null, '0000-00-00 00:00:00', null, null, '');
INSERT INTO `supplier` VALUES ('119', 'Periscope Technology', '', null, null, null, null, null, null, '0000-00-00 00:00:00', null, null, '');
INSERT INTO `supplier` VALUES ('120', 'Bright Computer', '', null, null, null, null, null, null, '0000-00-00 00:00:00', null, null, '');
INSERT INTO `supplier` VALUES ('121', 'Big Active Media', '', null, null, null, null, null, null, '0000-00-00 00:00:00', null, null, '');
INSERT INTO `supplier` VALUES ('122', 'Everest Internationa', '', null, null, null, null, null, null, '0000-00-00 00:00:00', null, null, '');
INSERT INTO `supplier` VALUES ('123', 'Compass', '', null, null, null, null, null, null, '0000-00-00 00:00:00', null, null, '');
INSERT INTO `supplier` VALUES ('124', 'Electrocom Ideas & T', '', null, null, null, null, null, null, '0000-00-00 00:00:00', null, null, '');
INSERT INTO `supplier` VALUES ('125', 'step Media', '', null, null, null, null, null, null, '0000-00-00 00:00:00', null, null, '');
INSERT INTO `supplier` VALUES ('126', 'Executive Technologi', '', null, null, null, null, null, null, '0000-00-00 00:00:00', null, null, '');
INSERT INTO `supplier` VALUES ('127', 'Digilog System______', '', null, null, null, null, null, null, '0000-00-00 00:00:00', null, null, '');
INSERT INTO `supplier` VALUES ('128', 'Time Power Engineeri', '', null, null, null, null, null, null, '0000-00-00 00:00:00', null, null, '');
INSERT INTO `supplier` VALUES ('129', 'Computer Source', '', null, null, null, null, null, null, '0000-00-00 00:00:00', null, null, '');
INSERT INTO `supplier` VALUES ('130', 'Navana', '', null, null, null, null, null, null, '0000-00-00 00:00:00', null, null, '');
INSERT INTO `supplier` VALUES ('131', 'Information solution', '', null, null, null, null, null, null, '0000-00-00 00:00:00', null, null, '');
INSERT INTO `supplier` VALUES ('132', 'Express System Limit', '', null, null, null, null, null, null, '0000-00-00 00:00:00', null, null, '');
INSERT INTO `supplier` VALUES ('133', 'Unitech', '', null, null, null, null, null, null, '0000-00-00 00:00:00', null, null, '');
INSERT INTO `supplier` VALUES ('134', 'Karib Auto', '', null, null, null, null, null, null, '0000-00-00 00:00:00', null, null, '');
INSERT INTO `supplier` VALUES ('135', 'synergy Communicatio', '', null, null, null, null, null, null, '0000-00-00 00:00:00', null, null, '');
INSERT INTO `supplier` VALUES ('136', 'General Automation', '', null, null, null, null, null, null, '0000-00-00 00:00:00', null, null, '');
INSERT INTO `supplier` VALUES ('137', 'Cheque Bureau Center', '', null, null, null, null, null, null, '0000-00-00 00:00:00', null, null, '');
INSERT INTO `supplier` VALUES ('138', 'International Office', '', null, null, null, null, null, null, '0000-00-00 00:00:00', null, null, '');
INSERT INTO `supplier` VALUES ('139', 'International Office', '', null, null, null, null, null, null, '0000-00-00 00:00:00', null, null, '');
INSERT INTO `supplier` VALUES ('140', 'Smart Technologies (', '', null, null, null, null, null, null, '0000-00-00 00:00:00', null, null, '');
INSERT INTO `supplier` VALUES ('141', 'IT Consultants Ltd.', '', null, null, null, null, null, null, '0000-00-00 00:00:00', null, null, '');
INSERT INTO `supplier` VALUES ('142', 'AND Technologies Lim', '', null, null, null, null, null, null, '0000-00-00 00:00:00', null, null, '');
INSERT INTO `supplier` VALUES ('143', 'shamim & Company', '', null, null, null, null, null, null, '0000-00-00 00:00:00', null, null, '');
INSERT INTO `supplier` VALUES ('144', 'Techno Tex', '', null, null, null, null, null, null, '0000-00-00 00:00:00', null, null, '');
INSERT INTO `supplier` VALUES ('145', 'shawon Steel Works__', '', null, null, null, null, null, null, '0000-00-00 00:00:00', null, null, '');
INSERT INTO `supplier` VALUES ('146', 'M/s Janata Steel', '', null, null, null, null, null, null, '0000-00-00 00:00:00', null, null, '');
INSERT INTO `supplier` VALUES ('147', 'M/s Simon Iron Indus', '', null, null, null, null, null, null, '0000-00-00 00:00:00', null, null, '');
INSERT INTO `supplier` VALUES ('148', 'L.A Marketing', '', null, null, null, null, null, null, '0000-00-00 00:00:00', null, null, '');
INSERT INTO `supplier` VALUES ('149', 'OTOBI Limited', '', null, null, null, null, null, null, '0000-00-00 00:00:00', null, null, '');
INSERT INTO `supplier` VALUES ('150', 'Prince Steel Works', '', null, null, null, null, null, null, '0000-00-00 00:00:00', null, null, '');
INSERT INTO `supplier` VALUES ('151', 'HMC Technologies Ltd', '', null, null, null, null, null, null, '0000-00-00 00:00:00', null, null, '');
INSERT INTO `supplier` VALUES ('152', 'HATIL', '', null, null, null, null, null, null, '0000-00-00 00:00:00', null, null, '');
INSERT INTO `supplier` VALUES ('153', 'Kube/Delco Business ', '', null, null, null, null, null, null, '0000-00-00 00:00:00', null, null, '');
INSERT INTO `supplier` VALUES ('154', 'Euro-Trend Ltd.', '', null, null, null, null, null, null, '0000-00-00 00:00:00', null, null, '');
INSERT INTO `supplier` VALUES ('155', 'Tonmoy Enterprise___', '', null, null, null, null, null, null, '0000-00-00 00:00:00', null, null, '');
INSERT INTO `supplier` VALUES ('156', 'Fast Trade Ltd', '', null, null, null, null, null, null, '0000-00-00 00:00:00', null, null, '');
INSERT INTO `supplier` VALUES ('157', 'Laidback Soft Ltd.', '', null, null, null, null, null, null, '0000-00-00 00:00:00', null, null, '');
INSERT INTO `supplier` VALUES ('158', 'M/s Zaman Enterprise', '', null, null, null, null, null, null, '0000-00-00 00:00:00', null, null, '');
INSERT INTO `supplier` VALUES ('159', 'steel Tech Engineers', '', null, null, null, null, null, null, '0000-00-00 00:00:00', null, null, '');
INSERT INTO `supplier` VALUES ('160', 'DU Communication____', '', null, null, null, null, null, null, '0000-00-00 00:00:00', null, null, '');
INSERT INTO `supplier` VALUES ('161', 'Dada Metal Process', '', null, null, null, null, null, null, '0000-00-00 00:00:00', null, null, '');
INSERT INTO `supplier` VALUES ('162', 'sharif Crafts', '', null, null, null, null, null, null, '0000-00-00 00:00:00', null, null, '');
INSERT INTO `supplier` VALUES ('163', 'Little Planet', '', null, null, null, null, null, null, '0000-00-00 00:00:00', null, null, '');
INSERT INTO `supplier` VALUES ('164', 'Amecon______old', '', null, null, null, null, null, null, '0000-00-00 00:00:00', null, null, '');
INSERT INTO `supplier` VALUES ('165', 'Rose Heaven Enterpri', '', null, null, null, null, null, null, '0000-00-00 00:00:00', null, null, '');
INSERT INTO `supplier` VALUES ('166', 'Team Work', '', null, null, null, null, null, null, '0000-00-00 00:00:00', null, null, '');
INSERT INTO `supplier` VALUES ('167', 'Alpine Fresh Water S', '', null, null, null, null, null, null, '0000-00-00 00:00:00', null, null, '');
INSERT INTO `supplier` VALUES ('168', 'Everest Drinks & Dai', '', null, null, null, null, null, null, '0000-00-00 00:00:00', null, null, '');
INSERT INTO `supplier` VALUES ('169', 'Idea Creation', '', null, null, null, null, null, null, '0000-00-00 00:00:00', null, null, '');
INSERT INTO `supplier` VALUES ('170', 'Al-Karim AD', '', null, null, null, null, null, null, '0000-00-00 00:00:00', null, null, '');
INSERT INTO `supplier` VALUES ('171', 'Moon Star', '', null, null, null, null, null, null, '0000-00-00 00:00:00', null, null, '');
INSERT INTO `supplier` VALUES ('172', 'Fair Valley', '', null, null, null, null, null, null, '0000-00-00 00:00:00', null, null, '');
INSERT INTO `supplier` VALUES ('173', 'Yellow', '', null, null, null, null, null, null, '0000-00-00 00:00:00', null, null, '');
INSERT INTO `supplier` VALUES ('174', 'Artsign', '', null, null, null, null, null, null, '0000-00-00 00:00:00', null, null, '');
INSERT INTO `supplier` VALUES ('175', 'Classic Billboard', '', null, null, null, null, null, null, '0000-00-00 00:00:00', null, null, '');
INSERT INTO `supplier` VALUES ('176', 'Dream Adv', '', null, null, null, null, null, null, '0000-00-00 00:00:00', null, null, '');
INSERT INTO `supplier` VALUES ('177', 'Images', '', null, null, null, null, null, null, '0000-00-00 00:00:00', null, null, '');
INSERT INTO `supplier` VALUES ('178', 'Color Marker', '', null, null, null, null, null, null, '0000-00-00 00:00:00', null, null, '');
INSERT INTO `supplier` VALUES ('179', 'Event Plus', '', null, null, null, null, null, null, '0000-00-00 00:00:00', null, null, '');
INSERT INTO `supplier` VALUES ('180', 'Trio', '', null, null, null, null, null, null, '0000-00-00 00:00:00', null, null, '');
INSERT INTO `supplier` VALUES ('181', 'I station', '', null, null, null, null, null, null, '0000-00-00 00:00:00', null, null, '');
INSERT INTO `supplier` VALUES ('182', 'Everlite', '', null, null, null, null, null, null, '0000-00-00 00:00:00', null, null, '');
INSERT INTO `supplier` VALUES ('183', 'signage', '', null, null, null, null, null, null, '0000-00-00 00:00:00', null, null, '');
INSERT INTO `supplier` VALUES ('184', 'Proactive', '', null, null, null, null, null, null, '0000-00-00 00:00:00', null, null, '');
INSERT INTO `supplier` VALUES ('185', 'ATM', '', null, null, null, null, null, null, '0000-00-00 00:00:00', null, null, '');
INSERT INTO `supplier` VALUES ('186', 'Karnaphuli Autos', '', null, null, null, null, null, null, '0000-00-00 00:00:00', null, null, '');
INSERT INTO `supplier` VALUES ('187', 'M.H Enterprise', '', null, null, null, null, null, null, '0000-00-00 00:00:00', null, null, '');
INSERT INTO `supplier` VALUES ('188', 'Aladdin', 'erferf', null, null, null, null, null, null, '0000-00-00 00:00:00', null, null, '');
INSERT INTO `supplier` VALUES ('189', 'fdbvfdbv', '', null, null, null, null, null, null, '0000-00-00 00:00:00', null, null, '');
INSERT INTO `supplier` VALUES ('190', 'Iron king', '53/2 D.I.T Extention', null, null, null, null, null, null, '0000-00-00 00:00:00', null, null, '');
INSERT INTO `supplier` VALUES ('191', 'Execute', '89/1B,Naya Paltan,GF', null, null, null, null, null, null, '0000-00-00 00:00:00', null, null, '');
INSERT INTO `supplier` VALUES ('192', 'Prime International', '191,KY Plaza,2nd Fl.', null, null, null, null, null, null, '0000-00-00 00:00:00', null, null, '');
INSERT INTO `supplier` VALUES ('193', 'Maks Prokashoni', '43, east tejturi baz', null, null, null, null, null, null, '0000-00-00 00:00:00', null, null, '');
INSERT INTO `supplier` VALUES ('194', 'Modern Enterprise', '92, rairbazar', null, null, null, null, null, null, '0000-00-00 00:00:00', null, null, '');
INSERT INTO `supplier` VALUES ('195', 'Hossain Printers', '205/5, Fakirapool', null, null, null, null, null, null, '0000-00-00 00:00:00', null, null, '');
INSERT INTO `supplier` VALUES ('196', 'Gadget &amp; Gear', 'Shop: 23, Ground flo', null, null, null, null, null, null, '0000-00-00 00:00:00', null, null, '');
INSERT INTO `supplier` VALUES ('197', 'Mobile Link', 'Bashundhara City, Le', null, null, null, null, null, null, '0000-00-00 00:00:00', null, null, '');
INSERT INTO `supplier` VALUES ('198', 'Extol Trade', 'Suite # 1-B, House #', null, null, null, null, null, null, '0000-00-00 00:00:00', null, null, '');
INSERT INTO `supplier` VALUES ('199', 'Quality Printing', '98,Naya Paltan', null, null, null, null, null, null, '0000-00-00 00:00:00', null, null, '');
INSERT INTO `supplier` VALUES ('200', 'Express Media', '135/3,Arambagh,Motij', null, null, null, null, null, null, '0000-00-00 00:00:00', null, null, '');
INSERT INTO `supplier` VALUES ('201', 'Shatadal Printers', '271,Fakirapool, Moti', null, null, null, null, null, null, '0000-00-00 00:00:00', null, null, '');
INSERT INTO `supplier` VALUES ('202', 'FairAce Printing', '220/1, Fakirapool', null, null, null, null, null, null, '0000-00-00 00:00:00', null, null, '');
INSERT INTO `supplier` VALUES ('203', 'Printcom Bangladesh', '263,Fakirapool', null, null, null, null, null, null, '0000-00-00 00:00:00', null, null, '');
INSERT INTO `supplier` VALUES ('204', 'Abaron Printers', 'Motijheel', null, null, null, null, null, null, '0000-00-00 00:00:00', null, null, '');
INSERT INTO `supplier` VALUES ('205', 'Power Valley', '87 Taltala City Supe', null, null, null, null, null, null, '0000-00-00 00:00:00', null, null, '');
INSERT INTO `supplier` VALUES ('206', 'Electrohome', 'Chandrima Super Mark', null, null, null, null, null, null, '0000-00-00 00:00:00', null, null, '');
INSERT INTO `supplier` VALUES ('207', 'Digilog Systems', '117-118, Khawza Supe', null, null, null, null, null, null, '0000-00-00 00:00:00', null, null, '');
INSERT INTO `supplier` VALUES ('208', 'Unique Crockeries', 'Gulshan-2', null, null, null, null, null, null, '0000-00-00 00:00:00', null, null, '');
INSERT INTO `supplier` VALUES ('209', 'Mukta Variety Store', 'Gulshan-1', null, null, null, null, null, null, '0000-00-00 00:00:00', null, null, '');
INSERT INTO `supplier` VALUES ('210', 'Computer services Lt', '128, Ataturk Tower, ', null, null, null, null, null, null, '0000-00-00 00:00:00', null, null, '');
INSERT INTO `supplier` VALUES ('211', 'Express Systems Ltd.', 'House#8/2, road#01, ', null, null, null, null, null, null, '0000-00-00 00:00:00', null, null, '');
INSERT INTO `supplier` VALUES ('212', 'Intergraphics Ltd.', 'Fakirapool', null, null, null, null, null, null, '0000-00-00 00:00:00', null, null, '');
INSERT INTO `supplier` VALUES ('213', 'master simex', 'Fakirapool', null, null, null, null, null, null, '0000-00-00 00:00:00', null, null, '');
INSERT INTO `supplier` VALUES ('214', 'Secura Bangladesh Li', 'Rahman Chamber 1st f', null, null, null, null, null, null, '0000-00-00 00:00:00', null, null, '');
INSERT INTO `supplier` VALUES ('215', 'Bashundhara Paper Mi', 'Bashundhara R/A', null, null, null, null, null, null, '0000-00-00 00:00:00', null, null, '');
INSERT INTO `supplier` VALUES ('216', 'JAN Associate', '', null, null, null, null, null, null, '0000-00-00 00:00:00', null, null, '');
INSERT INTO `supplier` VALUES ('217', 'Techno Service', '', null, null, null, null, null, null, '0000-00-00 00:00:00', null, null, '');
INSERT INTO `supplier` VALUES ('218', 'Madina Electronics', '', null, null, null, null, null, null, '0000-00-00 00:00:00', null, null, '');
INSERT INTO `supplier` VALUES ('219', 'Akhter Furniture', '', null, null, null, null, null, null, '0000-00-00 00:00:00', null, null, '');
INSERT INTO `supplier` VALUES ('220', 'Navana Furniture', '', null, null, null, null, null, null, '0000-00-00 00:00:00', null, null, '');
INSERT INTO `supplier` VALUES ('221', 'Classic Iron', '', null, null, null, null, null, null, '0000-00-00 00:00:00', null, null, '');
INSERT INTO `supplier` VALUES ('222', 'NAseem Plastic Indus', '6/1 North South Road', null, null, null, null, null, null, '0000-00-00 00:00:00', null, null, '');
INSERT INTO `supplier` VALUES ('223', '60 seconds communica', 'House 36 (4th floor)', null, null, null, null, null, null, '0000-00-00 00:00:00', null, null, '');
INSERT INTO `supplier` VALUES ('224', 'Secura Systems Ltd.', 'Rahman Chamber, Moti', null, null, null, null, null, null, '0000-00-00 00:00:00', null, null, '');
INSERT INTO `supplier` VALUES ('225', 'Networld Bangladesh ', '', null, null, null, null, null, null, '0000-00-00 00:00:00', null, null, '');
INSERT INTO `supplier` VALUES ('226', 'Zahid Office Equipme', '', null, null, null, null, null, null, '0000-00-00 00:00:00', null, null, '');
INSERT INTO `supplier` VALUES ('227', 'Concept', 'Lalmatia', null, null, null, null, null, null, '0000-00-00 00:00:00', null, null, '');
INSERT INTO `supplier` VALUES ('228', 'Shameem &amp; Compan', 'Banani', null, null, null, null, null, null, '0000-00-00 00:00:00', null, null, '');
INSERT INTO `supplier` VALUES ('229', 'Delco Business Assoc', 'Priyo Prangon Tower,', null, null, null, null, null, null, '0000-00-00 00:00:00', null, null, '');
INSERT INTO `supplier` VALUES ('230', 'Halim &amp; Associat', 'W5 South Breeze Apt.', null, null, null, null, null, null, '0000-00-00 00:00:00', null, null, '');
INSERT INTO `supplier` VALUES ('231', 'Rahimafrooz Energy S', '260 B Tejgaon Indust', null, null, null, null, null, null, '0000-00-00 00:00:00', null, null, '');
INSERT INTO `supplier` VALUES ('232', 'Touch Wood Modern Fu', 'Putul house, Plot-2,', null, null, null, null, null, null, '0000-00-00 00:00:00', null, null, '');
INSERT INTO `supplier` VALUES ('233', 'Baikali Enterprise', 'C-9, Gulshan DMC Mar', null, null, null, null, null, null, '0000-00-00 00:00:00', null, null, '');
INSERT INTO `supplier` VALUES ('234', 'Mashnoons computer', '', null, null, null, null, null, null, '0000-00-00 00:00:00', null, null, '');
INSERT INTO `supplier` VALUES ('235', 'Hitech Professionals', '', null, null, null, null, null, null, '0000-00-00 00:00:00', null, null, '');
INSERT INTO `supplier` VALUES ('236', 'Devnet Limited', '', null, null, null, null, null, null, '0000-00-00 00:00:00', null, null, '');
INSERT INTO `supplier` VALUES ('237', 'Data Edge Ltd.', 'Sadharan Bima Bhaban', null, null, null, null, null, null, '0000-00-00 00:00:00', null, null, '');
INSERT INTO `supplier` VALUES ('238', 'Luminous Automation', 'House # 8, Block # C', null, null, null, null, null, null, '0000-00-00 00:00:00', null, null, '');
INSERT INTO `supplier` VALUES ('239', 'Hyundai Motors Bangl', '206/1-207-1, Tejgaon', null, null, null, null, null, null, '0000-00-00 00:00:00', null, null, '');
INSERT INTO `supplier` VALUES ('240', 'Zafrin Crockeries', '', null, null, null, null, null, null, '0000-00-00 00:00:00', null, null, '');
INSERT INTO `supplier` VALUES ('241', 'Dhaka Trunk Store', '', null, null, null, null, null, null, '0000-00-00 00:00:00', null, null, '');
INSERT INTO `supplier` VALUES ('242', 'Sharmin Leather Hous', '', null, null, null, null, null, null, '0000-00-00 00:00:00', null, null, '');
INSERT INTO `supplier` VALUES ('243', 'Mamun Lather Store', '', null, null, null, null, null, null, '0000-00-00 00:00:00', null, null, '');
INSERT INTO `supplier` VALUES ('244', 'unitrend ltd', '', null, null, null, null, null, null, '0000-00-00 00:00:00', null, null, '');
INSERT INTO `supplier` VALUES ('245', 'TVS Auto Bangladesh', '239 Auch Para, Tongi', null, null, null, null, null, null, '0000-00-00 00:00:00', null, null, '');
INSERT INTO `supplier` VALUES ('246', 'Vendor AS Opening Ba', '', null, null, null, null, null, null, '0000-00-00 00:00:00', null, null, '');
INSERT INTO `supplier` VALUES ('247', 'Atlas Bangladesh Ltd', '265-267 Tongi I/A, T', null, null, null, null, null, null, '0000-00-00 00:00:00', null, null, '');
INSERT INTO `supplier` VALUES ('248', 'Uttara Motors Ltd.', '', null, null, null, null, null, null, '0000-00-00 00:00:00', null, null, '');
INSERT INTO `supplier` VALUES ('249', 'Chayti Traders', '', null, null, null, null, null, null, '0000-00-00 00:00:00', null, null, '');
INSERT INTO `supplier` VALUES ('250', 'Shikder Enterprise', '', null, null, null, null, null, null, '0000-00-00 00:00:00', null, null, '');
INSERT INTO `supplier` VALUES ('251', 'Furniture King', '', null, null, null, null, null, null, '0000-00-00 00:00:00', null, null, '');
INSERT INTO `supplier` VALUES ('252', 'Chittagong Furniture', '', null, null, null, null, null, null, '0000-00-00 00:00:00', null, null, '');
INSERT INTO `supplier` VALUES ('253', 'Sayma Enterprise', 'Mohakhali', null, null, null, null, null, null, '0000-00-00 00:00:00', null, null, '');
INSERT INTO `supplier` VALUES ('254', 'Creative Link', 'Babor Road', null, null, null, null, null, null, '0000-00-00 00:00:00', null, null, '');
INSERT INTO `supplier` VALUES ('255', 'M/S Shompa Enterpris', 'Sahagadpur, Gulshan', null, null, null, null, null, null, '0000-00-00 00:00:00', null, null, '');
INSERT INTO `supplier` VALUES ('256', 'Munshi Traders', '', null, null, null, null, null, null, '0000-00-00 00:00:00', null, null, '');
INSERT INTO `supplier` VALUES ('257', 'Asian Electronics', '', null, null, null, null, null, null, '0000-00-00 00:00:00', null, null, '');
INSERT INTO `supplier` VALUES ('258', 'Khulna International', '', null, null, null, null, null, null, '0000-00-00 00:00:00', null, null, '');
INSERT INTO `supplier` VALUES ('259', 'Sketch Interior', '', null, null, null, null, null, null, '0000-00-00 00:00:00', null, null, '');
INSERT INTO `supplier` VALUES ('260', 'Space', '', null, null, null, null, null, null, '0000-00-00 00:00:00', null, null, '');
INSERT INTO `supplier` VALUES ('261', 'Unique Pattern', '', null, null, null, null, null, null, '0000-00-00 00:00:00', null, null, '');
INSERT INTO `supplier` VALUES ('262', 'Razz Associate', '', null, null, null, null, null, null, '0000-00-00 00:00:00', null, null, '');
INSERT INTO `supplier` VALUES ('263', 'Saikon', '', null, null, null, null, null, null, '0000-00-00 00:00:00', null, null, '');
INSERT INTO `supplier` VALUES ('264', 'Unique Survey Servic', '', null, null, null, null, null, null, '0000-00-00 00:00:00', null, null, '');
INSERT INTO `supplier` VALUES ('265', 'Geodetic Survey Corp', '', null, null, null, null, null, null, '0000-00-00 00:00:00', null, null, '');
INSERT INTO `supplier` VALUES ('266', 'Jorip O Paridarshan ', '', null, null, null, null, null, null, '0000-00-00 00:00:00', null, null, '');
INSERT INTO `supplier` VALUES ('267', 'Basatikalpa', '', null, null, null, null, null, null, '0000-00-00 00:00:00', null, null, '');
INSERT INTO `supplier` VALUES ('268', 'South Avenue', '', null, null, null, null, null, null, '0000-00-00 00:00:00', null, null, '');
INSERT INTO `supplier` VALUES ('269', 'Sports Star', '', null, null, null, null, null, null, '0000-00-00 00:00:00', null, null, '');
INSERT INTO `supplier` VALUES ('270', 'Idea kitchen', '', null, null, null, null, null, null, '0000-00-00 00:00:00', null, null, '');
INSERT INTO `supplier` VALUES ('271', 'Anukul Workshop', '', null, null, null, null, null, null, '0000-00-00 00:00:00', null, null, '');
INSERT INTO `supplier` VALUES ('272', 'Arjun &amp; Brothers', '', null, null, null, null, null, null, '0000-00-00 00:00:00', null, null, '');
INSERT INTO `supplier` VALUES ('273', 'M/S Barua Metal', '', null, null, null, null, null, null, '0000-00-00 00:00:00', null, null, '');
INSERT INTO `supplier` VALUES ('274', 'Orient Computers', '', null, null, null, null, null, null, '0000-00-00 00:00:00', null, null, '');
INSERT INTO `supplier` VALUES ('275', 'Rahimafrooz Electron', '', null, null, null, null, null, null, '0000-00-00 00:00:00', null, null, '');
INSERT INTO `supplier` VALUES ('276', 'Shameem Refrigeratio', '162, Lake Circus Kal', null, null, null, null, null, null, '0000-00-00 00:00:00', null, null, '');
INSERT INTO `supplier` VALUES ('277', 'Shamrat Electronics', '46, Bangabandhu Nati', null, null, null, null, null, null, '0000-00-00 00:00:00', null, null, '');
INSERT INTO `supplier` VALUES ('278', 'Islam Enterprise', '', null, null, null, null, null, null, '0000-00-00 00:00:00', null, null, '');
INSERT INTO `supplier` VALUES ('279', 'Global Brand Pvt. Lt', '', null, null, null, null, null, null, '0000-00-00 00:00:00', null, null, '');
INSERT INTO `supplier` VALUES ('280', 'Torsa Computers', '', null, null, null, null, null, null, '0000-00-00 00:00:00', null, null, '');
INSERT INTO `supplier` VALUES ('281', 'T.dot Traders', '', null, null, null, null, null, null, '0000-00-00 00:00:00', null, null, '');
INSERT INTO `supplier` VALUES ('282', 'Sovon Enterprise', '', null, null, null, null, null, null, '0000-00-00 00:00:00', null, null, '');
INSERT INTO `supplier` VALUES ('283', 'M/S Afzal &amp; Moba', '', null, null, null, null, null, null, '0000-00-00 00:00:00', null, null, '');
INSERT INTO `supplier` VALUES ('284', 'M/S Noor Metal', '', null, null, null, null, null, null, '0000-00-00 00:00:00', null, null, '');
INSERT INTO `supplier` VALUES ('285', 'M/S Mir Metal', '', null, null, null, null, null, null, '0000-00-00 00:00:00', null, null, '');
INSERT INTO `supplier` VALUES ('286', 'kallol industries lt', '199,tejgaon i/a', null, null, null, null, null, null, '0000-00-00 00:00:00', null, null, '');
INSERT INTO `supplier` VALUES ('287', 'Unison', '', null, null, null, null, null, null, '0000-00-00 00:00:00', null, null, '');
INSERT INTO `supplier` VALUES ('288', 'Bangladesh Monospool', '', null, null, null, null, null, null, '0000-00-00 00:00:00', null, null, '');
INSERT INTO `supplier` VALUES ('289', 'Liberty Form', '', null, null, null, null, null, null, '0000-00-00 00:00:00', null, null, '');
INSERT INTO `supplier` VALUES ('290', 'Rahimafrooz Distribu', '', null, null, null, null, null, null, '0000-00-00 00:00:00', null, null, '');
INSERT INTO `supplier` VALUES ('291', 'Mobilelink Internati', '', null, null, null, null, null, null, '0000-00-00 00:00:00', null, null, '');
INSERT INTO `supplier` VALUES ('292', 'Little Planet', 'Road: 109, House: 6,', null, null, null, null, null, null, '0000-00-00 00:00:00', null, null, '');
INSERT INTO `supplier` VALUES ('293', 'Wizard', '24/13, Section 12, M', null, null, null, null, null, null, '0000-00-00 00:00:00', null, null, '');
INSERT INTO `supplier` VALUES ('294', 'Neo Craft', '127, Rokeya Sarani, ', null, null, null, null, null, null, '0000-00-00 00:00:00', null, null, '');
INSERT INTO `supplier` VALUES ('295', 'Body &amp; Sports', '57/B, Kemal Ataturk ', null, null, null, null, null, null, '0000-00-00 00:00:00', null, null, '');
INSERT INTO `supplier` VALUES ('296', 'Technocraft', '', null, null, null, null, null, null, '0000-00-00 00:00:00', null, null, '');
INSERT INTO `supplier` VALUES ('297', 'International Comput', '', null, null, null, null, null, null, '0000-00-00 00:00:00', null, null, '');
INSERT INTO `supplier` VALUES ('298', 'The Access Pvt. Ltd.', '', null, null, null, null, null, null, '0000-00-00 00:00:00', null, null, '');
INSERT INTO `supplier` VALUES ('299', 'Hifi Digital Audio', '', null, null, null, null, null, null, '0000-00-00 00:00:00', null, null, '');
INSERT INTO `supplier` VALUES ('300', 'Chaity Traders', '', null, null, null, null, null, null, '0000-00-00 00:00:00', null, null, '');
INSERT INTO `supplier` VALUES ('301', 'Shikdar Enterprise', '', null, null, null, null, null, null, '0000-00-00 00:00:00', null, null, '');
INSERT INTO `supplier` VALUES ('302', 'Rafique Engineering ', '', null, null, null, null, null, null, '0000-00-00 00:00:00', null, null, '');
INSERT INTO `supplier` VALUES ('303', 'SS Engineering Works', '', null, null, null, null, null, null, '0000-00-00 00:00:00', null, null, '');
INSERT INTO `supplier` VALUES ('304', 'SS Electronics', '', null, null, null, null, null, null, '0000-00-00 00:00:00', null, null, '');
INSERT INTO `supplier` VALUES ('305', 'M. Rahman Electric', '', null, null, null, null, null, null, '0000-00-00 00:00:00', null, null, '');
INSERT INTO `supplier` VALUES ('306', 'Shochona Electrical ', '', null, null, null, null, null, null, '0000-00-00 00:00:00', null, null, '');
INSERT INTO `supplier` VALUES ('307', 'M.N Engineering', '', null, null, null, null, null, null, '0000-00-00 00:00:00', null, null, '');
INSERT INTO `supplier` VALUES ('308', 'Pixel Technologies (', '', null, null, null, null, null, null, '0000-00-00 00:00:00', null, null, '');
INSERT INTO `supplier` VALUES ('309', 'Cellular Mobile (Pte', '', null, null, null, null, null, null, '0000-00-00 00:00:00', null, null, '');
INSERT INTO `supplier` VALUES ('310', 'Nokia Playground Cel', '', null, null, null, null, null, null, '0000-00-00 00:00:00', null, null, '');
INSERT INTO `supplier` VALUES ('311', 'ETC Electronics', '', null, null, null, null, null, null, '0000-00-00 00:00:00', null, null, '');
INSERT INTO `supplier` VALUES ('312', 'M. Rahman Electric', '', null, null, null, null, null, null, '0000-00-00 00:00:00', null, null, '');
INSERT INTO `supplier` VALUES ('313', 'S.S Enginnering Work', 'Moddo Badda, Dhaka', null, null, null, null, null, null, '0000-00-00 00:00:00', null, null, '');
INSERT INTO `supplier` VALUES ('314', 'Ad ideas', '', null, null, null, null, null, null, '0000-00-00 00:00:00', null, null, '');
INSERT INTO `supplier` VALUES ('315', 'Prime Art Press', '', null, null, null, null, null, null, '0000-00-00 00:00:00', null, null, '');
INSERT INTO `supplier` VALUES ('316', 'Nymphea', '', null, null, null, null, null, null, '0000-00-00 00:00:00', null, null, '');
INSERT INTO `supplier` VALUES ('317', 'Quantum Consumer Sol', '', null, null, null, null, null, null, '0000-00-00 00:00:00', null, null, '');
INSERT INTO `supplier` VALUES ('318', 'S-Tech', '', null, null, null, null, null, null, '0000-00-00 00:00:00', null, null, '');
INSERT INTO `supplier` VALUES ('319', 'Business Automation ', '', null, null, null, null, null, null, '0000-00-00 00:00:00', null, null, '');
INSERT INTO `supplier` VALUES ('320', 'CIBL Technology Cons', '', null, null, null, null, null, null, '0000-00-00 00:00:00', null, null, '');
INSERT INTO `supplier` VALUES ('321', 'Acnabin', '', null, null, null, null, null, null, '0000-00-00 00:00:00', null, null, '');
INSERT INTO `supplier` VALUES ('322', 'K. M. Hasan &amp; Co', '', null, null, null, null, null, null, '0000-00-00 00:00:00', null, null, '');
INSERT INTO `supplier` VALUES ('323', 'Hoda Vasi Chowdhury ', '', null, null, null, null, null, null, '0000-00-00 00:00:00', null, null, '');
INSERT INTO `supplier` VALUES ('324', 'Danish Foods Ltd.', '', null, null, null, null, null, null, '0000-00-00 00:00:00', null, null, '');
INSERT INTO `supplier` VALUES ('325', 'Meghna Automobiles L', '', null, null, null, null, null, null, '0000-00-00 00:00:00', null, null, '');
INSERT INTO `supplier` VALUES ('326', 'Mamico Tech', '', null, null, null, null, null, null, '0000-00-00 00:00:00', null, null, '');
INSERT INTO `supplier` VALUES ('327', 'Well Freight Service', 'House # 16, Flat # A', null, null, null, null, null, null, '0000-00-00 00:00:00', null, null, '');
INSERT INTO `supplier` VALUES ('328', 'RahimAfrooz Accumula', '', null, null, null, null, null, null, '0000-00-00 00:00:00', null, null, '');
INSERT INTO `supplier` VALUES ('329', 'On-Line Freight Serv', '', null, null, null, null, null, null, '0000-00-00 00:00:00', null, null, '');
INSERT INTO `supplier` VALUES ('330', 'Neptune Freight Ltd.', '', null, null, null, null, null, null, '0000-00-00 00:00:00', null, null, '');
INSERT INTO `supplier` VALUES ('331', 'Shakil Electronics', '', null, null, null, null, null, null, '0000-00-00 00:00:00', null, null, '');
INSERT INTO `supplier` VALUES ('332', 'Azher Steel King', '', null, null, null, null, null, null, '0000-00-00 00:00:00', null, null, '');
INSERT INTO `supplier` VALUES ('333', 'Ashraf Metal Industr', '', null, null, null, null, null, null, '0000-00-00 00:00:00', null, null, '');
INSERT INTO `supplier` VALUES ('334', 'M/S Sumon Steel King', '', null, null, null, null, null, null, '0000-00-00 00:00:00', null, null, '');
INSERT INTO `supplier` VALUES ('335', 'LOS Technology Ltd.', 'House#155, Block #B,', null, null, null, null, null, null, '0000-00-00 00:00:00', null, null, '');
INSERT INTO `supplier` VALUES ('336', 'Unique Furniture Gal', '', null, null, null, null, null, null, '0000-00-00 00:00:00', null, null, '');
INSERT INTO `supplier` VALUES ('337', 'Partex Furniture Ltd', '', null, null, null, null, null, null, '0000-00-00 00:00:00', null, null, '');
INSERT INTO `supplier` VALUES ('338', 'Mohi &amp; Brothers', '', null, null, null, null, null, null, '0000-00-00 00:00:00', null, null, '');
INSERT INTO `supplier` VALUES ('339', 'Tim Trading Internat', '', null, null, null, null, null, null, '0000-00-00 00:00:00', null, null, '');
INSERT INTO `supplier` VALUES ('340', 'Genuity Systems Ltd.', '', null, null, null, null, null, null, '0000-00-00 00:00:00', null, null, '');
INSERT INTO `supplier` VALUES ('341', 'Electro Solar Power ', '', null, null, null, null, null, null, '0000-00-00 00:00:00', null, null, '');
INSERT INTO `supplier` VALUES ('342', 'Rahimafrooz Renewabl', '', null, null, null, null, null, null, '0000-00-00 00:00:00', null, null, '');
INSERT INTO `supplier` VALUES ('343', 'Intraco Renewable En', '', null, null, null, null, null, null, '0000-00-00 00:00:00', null, null, '');
INSERT INTO `supplier` VALUES ('344', 'Electrocom Technolog', '', null, null, null, null, null, null, '0000-00-00 00:00:00', null, null, '');
INSERT INTO `supplier` VALUES ('345', 'Bangladesh Office Su', '', null, null, null, null, null, null, '0000-00-00 00:00:00', null, null, '');
INSERT INTO `supplier` VALUES ('346', 'The Dhaka Office Mac', '', null, null, null, null, null, null, '0000-00-00 00:00:00', null, null, '');
INSERT INTO `supplier` VALUES ('347', 'Eastern Typewriter C', '', null, null, null, null, null, null, '0000-00-00 00:00:00', null, null, '');
INSERT INTO `supplier` VALUES ('348', 'Bangladesh Office Eq', '', null, null, null, null, null, null, '0000-00-00 00:00:00', null, null, '');
INSERT INTO `supplier` VALUES ('349', 'IInnovative Research', 'House # 39 (2nd Floo', null, null, null, null, null, null, '0000-00-00 00:00:00', null, null, '');
INSERT INTO `supplier` VALUES ('350', 'Varuna Leather Produ', '', null, null, null, null, null, null, '0000-00-00 00:00:00', null, null, '');
INSERT INTO `supplier` VALUES ('351', 'Brand Zeal', '', null, null, null, null, null, null, '0000-00-00 00:00:00', null, null, '');
INSERT INTO `supplier` VALUES ('352', 'Multisystem Engineer', 'House # 342, Moghbaz', null, null, null, null, null, null, '0000-00-00 00:00:00', null, null, '');
INSERT INTO `supplier` VALUES ('353', 'Esolution BD Ltd.', '', null, null, null, null, null, null, '0000-00-00 00:00:00', null, null, '');
INSERT INTO `supplier` VALUES ('354', 'Mars Sysndicate', '', null, null, null, null, null, null, '0000-00-00 00:00:00', null, null, '');
INSERT INTO `supplier` VALUES ('355', 'BAFFESCO', '', null, null, null, null, null, null, '0000-00-00 00:00:00', null, null, '');
INSERT INTO `supplier` VALUES ('356', 'Bengal International', '', null, null, null, null, null, null, '0000-00-00 00:00:00', null, null, '');
INSERT INTO `supplier` VALUES ('357', 'Galina Furniture Gal', '', null, null, null, null, null, null, '0000-00-00 00:00:00', null, null, '');
INSERT INTO `supplier` VALUES ('358', 'Moon Particle Furnit', '', null, null, null, null, null, null, '0000-00-00 00:00:00', null, null, '');
INSERT INTO `supplier` VALUES ('359', 'Sufis Foreign Furnit', '', null, null, null, null, null, null, '0000-00-00 00:00:00', null, null, '');
INSERT INTO `supplier` VALUES ('360', 'Hassan Associates', '', null, null, null, null, null, null, '0000-00-00 00:00:00', null, null, '');
INSERT INTO `supplier` VALUES ('361', 'Galina Furniture Gal', '', null, null, null, null, null, null, '0000-00-00 00:00:00', null, null, '');
INSERT INTO `supplier` VALUES ('362', 'Pacific Technology', 'Gulshan-2', null, null, null, null, null, null, '0000-00-00 00:00:00', null, null, '');
INSERT INTO `supplier` VALUES ('363', 'Romask Ltd.', '', null, null, null, null, null, null, '0000-00-00 00:00:00', null, null, '');
INSERT INTO `supplier` VALUES ('364', 'Moni Steel Manikgonj', '', null, null, null, null, null, null, '0000-00-00 00:00:00', null, null, '');
INSERT INTO `supplier` VALUES ('365', 'Emam Steel Works Man', '', null, null, null, null, null, null, '0000-00-00 00:00:00', null, null, '');
INSERT INTO `supplier` VALUES ('366', 'MA Steel King Manikg', '', null, null, null, null, null, null, '0000-00-00 00:00:00', null, null, '');
INSERT INTO `supplier` VALUES ('367', 'Jalalabad Alo Bitan', '', null, null, null, null, null, null, '0000-00-00 00:00:00', null, null, '');
INSERT INTO `supplier` VALUES ('368', 'Bismilla Enterprise', '', null, null, null, null, null, null, '0000-00-00 00:00:00', null, null, '');
INSERT INTO `supplier` VALUES ('369', 'Chowdhury Trade Agen', '', null, null, null, null, null, null, '0000-00-00 00:00:00', null, null, '');
INSERT INTO `supplier` VALUES ('370', 'H.K Leather', '', null, null, null, null, null, null, '0000-00-00 00:00:00', null, null, '');
INSERT INTO `supplier` VALUES ('371', '60 Seconds Communica', '', null, null, null, null, null, null, '0000-00-00 00:00:00', null, null, '');
INSERT INTO `supplier` VALUES ('372', 'Generation Next', '', null, null, null, null, null, null, '0000-00-00 00:00:00', null, null, '');
INSERT INTO `supplier` VALUES ('373', 'Unitech Products (BD', '', null, null, null, null, null, null, '0000-00-00 00:00:00', null, null, '');
INSERT INTO `supplier` VALUES ('374', 'Aziz Trade &amp; Eng', '', null, null, null, null, null, null, '0000-00-00 00:00:00', null, null, '');
INSERT INTO `supplier` VALUES ('375', 'Choity Traders', '', null, null, null, null, null, null, '0000-00-00 00:00:00', null, null, '');
INSERT INTO `supplier` VALUES ('376', 'Golden Design', '', null, null, null, null, null, null, '0000-00-00 00:00:00', null, null, '');
INSERT INTO `supplier` VALUES ('377', 'NNS Solution', '', null, null, null, null, null, null, '0000-00-00 00:00:00', null, null, '');
INSERT INTO `supplier` VALUES ('378', 'Bangla Trac Power Lt', '', null, null, null, null, null, null, '0000-00-00 00:00:00', null, null, '');
INSERT INTO `supplier` VALUES ('379', 'Voice \\\'Creative Zon', '', null, null, null, null, null, null, '0000-00-00 00:00:00', null, null, '');
INSERT INTO `supplier` VALUES ('380', 'Enroute Management C', 'House # 257, Road # ', null, null, null, null, null, null, '0000-00-00 00:00:00', null, null, '');
INSERT INTO `supplier` VALUES ('381', 'Nielsen Company (Ban', 'House # 70 (2nd Floo', null, null, null, null, null, null, '0000-00-00 00:00:00', null, null, '');
INSERT INTO `supplier` VALUES ('382', 'Sristy Printers', '', null, null, null, null, null, null, '0000-00-00 00:00:00', null, null, '');
INSERT INTO `supplier` VALUES ('383', 'H.M Crockeries', '', null, null, null, null, null, null, '0000-00-00 00:00:00', null, null, '');
INSERT INTO `supplier` VALUES ('384', 'Walton Hi-tech Indus', '', null, null, null, null, null, null, '0000-00-00 00:00:00', null, null, '');
INSERT INTO `supplier` VALUES ('385', 'Fujian Power Ltd.', '', null, null, null, null, null, null, '0000-00-00 00:00:00', null, null, '');
INSERT INTO `supplier` VALUES ('386', 'I Energy &amp; Power', '', null, null, null, null, null, null, '0000-00-00 00:00:00', null, null, '');
INSERT INTO `supplier` VALUES ('387', 'Dhakacom Limited', '', null, null, null, null, null, null, '0000-00-00 00:00:00', null, null, '');
INSERT INTO `supplier` VALUES ('388', 'Zahir &amp; Brothers', '', null, null, null, null, null, null, '0000-00-00 00:00:00', null, null, '');
INSERT INTO `supplier` VALUES ('389', 'Walton Hitech Indust', '', null, null, null, null, null, null, '0000-00-00 00:00:00', null, null, '');
INSERT INTO `supplier` VALUES ('390', 'AC World', '', null, null, null, null, null, null, '0000-00-00 00:00:00', null, null, '');
INSERT INTO `supplier` VALUES ('391', 'Navana Furniture', '', null, null, null, null, null, null, '0000-00-00 00:00:00', null, null, '');
INSERT INTO `supplier` VALUES ('392', 'GIGA Power Corporati', '', null, null, null, null, null, null, '0000-00-00 00:00:00', null, null, '');
INSERT INTO `supplier` VALUES ('393', 'Printcomm', '', null, null, null, null, null, null, '0000-00-00 00:00:00', null, null, '');
INSERT INTO `supplier` VALUES ('394', 'Colour Point', '', null, null, null, null, null, null, '0000-00-00 00:00:00', null, null, '');
INSERT INTO `supplier` VALUES ('395', 'H.M Crockeries', '', null, null, null, null, null, null, '0000-00-00 00:00:00', null, null, '');
INSERT INTO `supplier` VALUES ('396', 'M/s. Communication', '', null, null, null, null, null, null, '0000-00-00 00:00:00', null, null, '');
INSERT INTO `supplier` VALUES ('397', 'Securex (pvt.) Ltd.', '', null, null, null, null, null, null, '0000-00-00 00:00:00', null, null, '');
INSERT INTO `supplier` VALUES ('398', 'ENOKA Bangladesh (Pv', '', null, null, null, null, null, null, '0000-00-00 00:00:00', null, null, '');
INSERT INTO `supplier` VALUES ('399', 'Tech Focus', '', null, null, null, null, null, null, '0000-00-00 00:00:00', null, null, '');
INSERT INTO `supplier` VALUES ('400', 'Business Care System', '', null, null, null, null, null, null, '0000-00-00 00:00:00', null, null, '');
INSERT INTO `supplier` VALUES ('401', 'AD. Rupashi Bangla', '', null, null, null, null, null, null, '0000-00-00 00:00:00', null, null, '');
INSERT INTO `supplier` VALUES ('402', 'Super Sign Publicity', '', null, null, null, null, null, null, '0000-00-00 00:00:00', null, null, '');
INSERT INTO `supplier` VALUES ('403', 'Bangladesh AD &amp; ', '', null, null, null, null, null, null, '0000-00-00 00:00:00', null, null, '');
INSERT INTO `supplier` VALUES ('404', 'Org-Quest', 'Unique Trade Center,', null, null, null, null, null, null, '0000-00-00 00:00:00', null, null, '');
INSERT INTO `supplier` VALUES ('405', 'Innovation Technolog', '', null, null, null, null, null, null, '0000-00-00 00:00:00', null, null, '');
INSERT INTO `supplier` VALUES ('406', 'Solution', '', null, null, null, null, null, null, '0000-00-00 00:00:00', null, null, '');
INSERT INTO `supplier` VALUES ('407', 'ICS System Solutions', '', null, null, null, null, null, null, '0000-00-00 00:00:00', null, null, '');
INSERT INTO `supplier` VALUES ('408', 'Open Communication L', '', null, null, null, null, null, null, '0000-00-00 00:00:00', null, null, '');
INSERT INTO `supplier` VALUES ('409', 'AsiaNet Ltd.', '', null, null, null, null, null, null, '0000-00-00 00:00:00', null, null, '');
INSERT INTO `supplier` VALUES ('410', 'Metro Books &amp; St', '', null, null, null, null, null, null, '0000-00-00 00:00:00', null, null, '');
INSERT INTO `supplier` VALUES ('411', 'Fancy Stationary', '', null, null, null, null, null, null, '0000-00-00 00:00:00', null, null, '');
INSERT INTO `supplier` VALUES ('412', 'National Electronics', '', null, null, null, null, null, null, '0000-00-00 00:00:00', null, null, '');
INSERT INTO `supplier` VALUES ('413', 'Charuta Private Limi', '', null, null, null, null, null, null, '0000-00-00 00:00:00', null, null, '');
INSERT INTO `supplier` VALUES ('414', 'Khadem Engineering', '', null, null, null, null, null, null, '0000-00-00 00:00:00', null, null, '');

-- ----------------------------
-- Table structure for `supplier_price`
-- ----------------------------
DROP TABLE IF EXISTS `supplier_price`;
CREATE TABLE `supplier_price` (
  `SUPPLIER_ID` int(10) NOT NULL,
  `PRODUCT_ID` int(11) NOT NULL,
  `PRICE` decimal(10,2) DEFAULT NULL,
  `PRODUCT_CODE` varchar(50) DEFAULT NULL,
  `status` int(11) DEFAULT '1',
  `CREATED_BY` varchar(50) CHARACTER SET latin1 NOT NULL,
  `CREATED_DATE` date NOT NULL,
  `MODIFY_BY` varchar(50) CHARACTER SET latin1 DEFAULT NULL,
  `MODIFY_DATE` date DEFAULT NULL,
  PRIMARY KEY (`SUPPLIER_ID`,`PRODUCT_ID`),
  KEY `PRODUCT_ID` (`PRODUCT_ID`)
) ENGINE=InnoDB DEFAULT CHARSET=utf8;

-- ----------------------------
-- Records of supplier_price
-- ----------------------------
INSERT INTO `supplier_price` VALUES ('0', '4', '0.00', '', '1', '', '0000-00-00', null, null);
INSERT INTO `supplier_price` VALUES ('1', '11', '122.00', null, '1', '', '0000-00-00', null, null);
INSERT INTO `supplier_price` VALUES ('1', '21', '36.00', null, '1', '', '0000-00-00', null, null);
INSERT INTO `supplier_price` VALUES ('1', '22', '44.00', null, '1', '', '0000-00-00', null, null);
INSERT INTO `supplier_price` VALUES ('1', '23', '21.00', null, '1', '', '0000-00-00', null, null);
INSERT INTO `supplier_price` VALUES ('1', '25', '1.00', null, '1', '', '0000-00-00', null, null);
INSERT INTO `supplier_price` VALUES ('1', '26', '50.00', null, '1', '', '0000-00-00', null, null);
INSERT INTO `supplier_price` VALUES ('1', '27', '55.00', null, '1', '', '0000-00-00', null, null);
INSERT INTO `supplier_price` VALUES ('1', '28', '11.00', null, '1', '', '0000-00-00', null, null);
INSERT INTO `supplier_price` VALUES ('1', '29', '222.00', 'dddd', '1', '', '0000-00-00', null, null);
INSERT INTO `supplier_price` VALUES ('1', '137', '200.00', null, '1', '', '0000-00-00', null, null);
INSERT INTO `supplier_price` VALUES ('1', '577', '51.00', '887976', '1', '', '0000-00-00', null, null);
INSERT INTO `supplier_price` VALUES ('1', '609', '60000.00', null, '1', '', '0000-00-00', null, null);
INSERT INTO `supplier_price` VALUES ('1', '630', '5.00', null, '1', '', '0000-00-00', null, null);
INSERT INTO `supplier_price` VALUES ('1', '631', '4.00', null, '1', '', '0000-00-00', null, null);
INSERT INTO `supplier_price` VALUES ('1', '632', '54.00', null, '1', '', '0000-00-00', null, null);
INSERT INTO `supplier_price` VALUES ('1', '633', '10000.00', null, '1', '', '0000-00-00', null, null);
INSERT INTO `supplier_price` VALUES ('1', '634', '20000.00', null, '1', '', '0000-00-00', null, null);
INSERT INTO `supplier_price` VALUES ('1', '636', '22.00', null, '1', '', '0000-00-00', null, null);
INSERT INTO `supplier_price` VALUES ('1', '637', '0.00', null, '1', '', '0000-00-00', null, null);
INSERT INTO `supplier_price` VALUES ('1', '638', '88.00', null, '1', '', '0000-00-00', null, null);
INSERT INTO `supplier_price` VALUES ('1', '639', '88.00', null, '1', '', '0000-00-00', null, null);
INSERT INTO `supplier_price` VALUES ('2', '11', '22.00', null, '1', '', '0000-00-00', null, null);
INSERT INTO `supplier_price` VALUES ('2', '21', '41.00', null, '1', '', '0000-00-00', null, null);
INSERT INTO `supplier_price` VALUES ('2', '22', '41.00', null, '1', '', '0000-00-00', null, null);
INSERT INTO `supplier_price` VALUES ('2', '23', '31.00', null, '1', '', '0000-00-00', null, null);
INSERT INTO `supplier_price` VALUES ('2', '25', '2.00', null, '1', '', '0000-00-00', null, null);
INSERT INTO `supplier_price` VALUES ('2', '26', '1000.00', null, '1', '', '0000-00-00', null, null);
INSERT INTO `supplier_price` VALUES ('2', '27', '49.00', null, '1', '', '0000-00-00', null, null);
INSERT INTO `supplier_price` VALUES ('2', '28', '13.00', null, '1', '', '0000-00-00', null, null);
INSERT INTO `supplier_price` VALUES ('2', '29', '22.00', null, '1', '', '0000-00-00', null, null);
INSERT INTO `supplier_price` VALUES ('2', '137', '200.00', null, '1', '', '0000-00-00', null, null);
INSERT INTO `supplier_price` VALUES ('2', '577', '52.00', null, '1', '', '0000-00-00', null, null);
INSERT INTO `supplier_price` VALUES ('2', '609', '5000.00', null, '1', '', '0000-00-00', null, null);
INSERT INTO `supplier_price` VALUES ('2', '630', '15.00', null, '1', '', '0000-00-00', null, null);
INSERT INTO `supplier_price` VALUES ('2', '631', '5.00', null, '1', '', '0000-00-00', null, null);
INSERT INTO `supplier_price` VALUES ('2', '632', '51.00', null, '1', '', '0000-00-00', null, null);
INSERT INTO `supplier_price` VALUES ('2', '633', '20000.00', null, '1', '', '0000-00-00', null, null);
INSERT INTO `supplier_price` VALUES ('2', '634', '32000.00', null, '1', '', '0000-00-00', null, null);
INSERT INTO `supplier_price` VALUES ('2', '636', '33.00', null, '1', '', '0000-00-00', null, null);
INSERT INTO `supplier_price` VALUES ('2', '637', '0.00', null, '1', '', '0000-00-00', null, null);
INSERT INTO `supplier_price` VALUES ('2', '638', '77.00', null, '1', '', '0000-00-00', null, null);
INSERT INTO `supplier_price` VALUES ('2', '639', '0.00', null, '1', '', '0000-00-00', null, null);
INSERT INTO `supplier_price` VALUES ('2', '1002', '0.00', null, '1', '', '0000-00-00', null, null);
INSERT INTO `supplier_price` VALUES ('2', '1007', '55.00', null, '1', '', '0000-00-00', null, null);
INSERT INTO `supplier_price` VALUES ('2', '1014', '3.00', null, '1', '', '0000-00-00', null, null);
INSERT INTO `supplier_price` VALUES ('2', '1169', '888.00', null, '1', '', '0000-00-00', null, null);
INSERT INTO `supplier_price` VALUES ('2', '1221', '12.00', null, '1', '', '0000-00-00', null, null);
INSERT INTO `supplier_price` VALUES ('2', '1487', '77.00', null, '1', '', '0000-00-00', null, null);
INSERT INTO `supplier_price` VALUES ('2', '2562', '400.00', null, '1', '', '0000-00-00', null, null);
INSERT INTO `supplier_price` VALUES ('2', '2761', '0.00', null, '1', '', '0000-00-00', null, null);
INSERT INTO `supplier_price` VALUES ('2', '2762', '0.00', null, '1', '', '0000-00-00', null, null);
INSERT INTO `supplier_price` VALUES ('2', '2779', '111.00', null, '1', '', '0000-00-00', null, null);
INSERT INTO `supplier_price` VALUES ('3', '11', '22.00', null, '1', '', '0000-00-00', null, null);
INSERT INTO `supplier_price` VALUES ('3', '21', '33.00', null, '1', '', '0000-00-00', null, null);
INSERT INTO `supplier_price` VALUES ('3', '22', '42.00', null, '1', '', '0000-00-00', null, null);
INSERT INTO `supplier_price` VALUES ('3', '23', '33.00', null, '1', '', '0000-00-00', null, null);
INSERT INTO `supplier_price` VALUES ('3', '26', '1000.00', null, '1', '', '0000-00-00', null, null);
INSERT INTO `supplier_price` VALUES ('3', '27', '53.00', null, '1', '', '0000-00-00', null, null);
INSERT INTO `supplier_price` VALUES ('3', '28', '16.00', null, '1', '', '0000-00-00', null, null);
INSERT INTO `supplier_price` VALUES ('3', '29', '22.00', null, '1', '', '0000-00-00', null, null);
INSERT INTO `supplier_price` VALUES ('3', '137', '200.00', null, '1', '', '0000-00-00', null, null);
INSERT INTO `supplier_price` VALUES ('3', '577', '53.00', '', '1', '', '0000-00-00', null, null);
INSERT INTO `supplier_price` VALUES ('3', '609', '10000.00', null, '1', '', '0000-00-00', null, null);
INSERT INTO `supplier_price` VALUES ('3', '630', '13.00', null, '1', '', '0000-00-00', null, null);
INSERT INTO `supplier_price` VALUES ('3', '632', '48.00', null, '1', '', '0000-00-00', null, null);
INSERT INTO `supplier_price` VALUES ('3', '633', '19000.00', null, '1', '', '0000-00-00', null, null);
INSERT INTO `supplier_price` VALUES ('3', '634', '33000.00', null, '1', '', '0000-00-00', null, null);
INSERT INTO `supplier_price` VALUES ('3', '636', '44.00', null, '1', '', '0000-00-00', null, null);
INSERT INTO `supplier_price` VALUES ('3', '637', '0.00', null, '1', '', '0000-00-00', null, null);
INSERT INTO `supplier_price` VALUES ('3', '638', '0.00', null, '1', '', '0000-00-00', null, null);
INSERT INTO `supplier_price` VALUES ('3', '639', '0.00', null, '1', '', '0000-00-00', null, null);
INSERT INTO `supplier_price` VALUES ('3', '1002', '0.00', null, '1', '', '0000-00-00', null, null);
INSERT INTO `supplier_price` VALUES ('3', '1007', '66.00', null, '1', '', '0000-00-00', null, null);
INSERT INTO `supplier_price` VALUES ('3', '1014', '4.00', null, '1', '', '0000-00-00', null, null);
INSERT INTO `supplier_price` VALUES ('3', '1169', '77.00', null, '1', '', '0000-00-00', null, null);
INSERT INTO `supplier_price` VALUES ('3', '1221', '0.00', null, '1', '', '0000-00-00', null, null);
INSERT INTO `supplier_price` VALUES ('3', '1487', '55.00', null, '1', '', '0000-00-00', null, null);
INSERT INTO `supplier_price` VALUES ('3', '2562', '400.00', null, '1', '', '0000-00-00', null, null);
INSERT INTO `supplier_price` VALUES ('3', '2761', '0.00', null, '1', '', '0000-00-00', null, null);
INSERT INTO `supplier_price` VALUES ('3', '2762', '0.00', null, '1', '', '0000-00-00', null, null);
INSERT INTO `supplier_price` VALUES ('3', '2779', '22.00', null, '1', '', '0000-00-00', null, null);
INSERT INTO `supplier_price` VALUES ('4', '11', '22.00', null, '1', '', '0000-00-00', null, null);
INSERT INTO `supplier_price` VALUES ('4', '29', '0.00', null, '1', '', '0000-00-00', null, null);
INSERT INTO `supplier_price` VALUES ('4', '137', '200.00', null, '1', '', '0000-00-00', null, null);
INSERT INTO `supplier_price` VALUES ('4', '609', '20000.00', null, '1', '', '0000-00-00', null, null);
INSERT INTO `supplier_price` VALUES ('4', '636', '0.00', null, '1', '', '0000-00-00', null, null);
INSERT INTO `supplier_price` VALUES ('4', '637', '0.00', null, '1', '', '0000-00-00', null, null);
INSERT INTO `supplier_price` VALUES ('4', '638', '0.00', null, '1', '', '0000-00-00', null, null);
INSERT INTO `supplier_price` VALUES ('4', '639', '77.00', null, '1', '', '0000-00-00', null, null);
INSERT INTO `supplier_price` VALUES ('4', '1002', '0.00', null, '1', '', '0000-00-00', null, null);
INSERT INTO `supplier_price` VALUES ('4', '1007', '0.00', null, '1', '', '0000-00-00', null, null);
INSERT INTO `supplier_price` VALUES ('4', '1014', '0.00', null, '1', '', '0000-00-00', null, null);
INSERT INTO `supplier_price` VALUES ('4', '1169', '0.00', null, '1', '', '0000-00-00', null, null);
INSERT INTO `supplier_price` VALUES ('4', '1174', '0.00', null, '1', '', '0000-00-00', null, null);
INSERT INTO `supplier_price` VALUES ('4', '1221', '88.00', null, '1', '', '0000-00-00', null, null);
INSERT INTO `supplier_price` VALUES ('5', '11', '22.00', null, '1', '', '0000-00-00', null, null);
INSERT INTO `supplier_price` VALUES ('5', '29', '2.00', null, '1', '', '0000-00-00', null, null);
INSERT INTO `supplier_price` VALUES ('5', '636', '0.00', null, '1', '', '0000-00-00', null, null);
INSERT INTO `supplier_price` VALUES ('5', '637', '15000.00', null, '1', '', '0000-00-00', null, null);
INSERT INTO `supplier_price` VALUES ('5', '638', '0.00', null, '1', '', '0000-00-00', null, null);
INSERT INTO `supplier_price` VALUES ('5', '639', '0.00', null, '1', '', '0000-00-00', null, null);
INSERT INTO `supplier_price` VALUES ('5', '1002', '3.00', null, '1', '', '0000-00-00', null, null);
INSERT INTO `supplier_price` VALUES ('5', '1014', '0.00', null, '1', '', '0000-00-00', null, null);
INSERT INTO `supplier_price` VALUES ('5', '1165', '33.00', null, '1', '', '0000-00-00', null, null);
INSERT INTO `supplier_price` VALUES ('5', '1206', '0.00', null, '1', '', '0000-00-00', null, null);
INSERT INTO `supplier_price` VALUES ('5', '1221', '0.00', null, '1', '', '0000-00-00', null, null);
INSERT INTO `supplier_price` VALUES ('5', '1487', '0.00', null, '1', '', '0000-00-00', null, null);
INSERT INTO `supplier_price` VALUES ('5', '2562', '0.00', null, '1', '', '0000-00-00', null, null);
INSERT INTO `supplier_price` VALUES ('5', '2761', '35.00', null, '1', '', '0000-00-00', null, null);
INSERT INTO `supplier_price` VALUES ('5', '2762', '8000.00', null, '1', '', '0000-00-00', null, null);
INSERT INTO `supplier_price` VALUES ('6', '11', '22.00', null, '1', '', '0000-00-00', null, null);
INSERT INTO `supplier_price` VALUES ('6', '29', '222.00', null, '1', '', '0000-00-00', null, null);
INSERT INTO `supplier_price` VALUES ('6', '636', '0.00', null, '1', '', '0000-00-00', null, null);
INSERT INTO `supplier_price` VALUES ('6', '637', '22.00', null, '1', '', '0000-00-00', null, null);
INSERT INTO `supplier_price` VALUES ('6', '638', '77.00', null, '1', '', '0000-00-00', null, null);
INSERT INTO `supplier_price` VALUES ('6', '639', '0.00', null, '1', '', '0000-00-00', null, null);
INSERT INTO `supplier_price` VALUES ('6', '1487', '0.00', null, '1', '', '0000-00-00', null, null);
INSERT INTO `supplier_price` VALUES ('6', '2562', '0.00', null, '1', '', '0000-00-00', null, null);
INSERT INTO `supplier_price` VALUES ('6', '2761', '33.00', null, '1', '', '0000-00-00', null, null);
INSERT INTO `supplier_price` VALUES ('6', '2762', '0.00', null, '1', '', '0000-00-00', null, null);
INSERT INTO `supplier_price` VALUES ('7', '8', '0.00', '3000', '1', '', '0000-00-00', null, null);
INSERT INTO `supplier_price` VALUES ('7', '1487', '0.00', null, '1', '', '0000-00-00', null, null);
INSERT INTO `supplier_price` VALUES ('7', '2761', '0.00', null, '1', '', '0000-00-00', null, null);
INSERT INTO `supplier_price` VALUES ('7', '2762', '6000.00', null, '1', '', '0000-00-00', null, null);
INSERT INTO `supplier_price` VALUES ('8', '1', '0.00', '002', '1', '', '0000-00-00', null, null);
INSERT INTO `supplier_price` VALUES ('8', '11', '22.00', null, '1', '', '0000-00-00', null, null);
INSERT INTO `supplier_price` VALUES ('8', '29', '0.00', null, '1', '', '0000-00-00', null, null);
INSERT INTO `supplier_price` VALUES ('8', '636', '0.00', null, '1', '', '0000-00-00', null, null);
INSERT INTO `supplier_price` VALUES ('8', '637', '66.00', null, '1', '', '0000-00-00', null, null);
INSERT INTO `supplier_price` VALUES ('8', '638', '0.00', null, '1', '', '0000-00-00', null, null);
INSERT INTO `supplier_price` VALUES ('8', '639', '88.00', null, '1', '', '0000-00-00', null, null);
INSERT INTO `supplier_price` VALUES ('8', '1002', '0.00', null, '1', '', '0000-00-00', null, null);
INSERT INTO `supplier_price` VALUES ('8', '1014', '0.00', null, '1', '', '0000-00-00', null, null);
INSERT INTO `supplier_price` VALUES ('8', '1165', '0.00', null, '1', '', '0000-00-00', null, null);
INSERT INTO `supplier_price` VALUES ('8', '1206', '4.00', null, '1', '', '0000-00-00', null, null);
INSERT INTO `supplier_price` VALUES ('8', '1221', '0.00', null, '1', '', '0000-00-00', null, null);
INSERT INTO `supplier_price` VALUES ('9', '1002', '0.00', null, '1', '', '0000-00-00', null, null);
INSERT INTO `supplier_price` VALUES ('9', '1014', '0.00', null, '1', '', '0000-00-00', null, null);
INSERT INTO `supplier_price` VALUES ('9', '1221', '22.00', null, '1', '', '0000-00-00', null, null);
INSERT INTO `supplier_price` VALUES ('9', '2562', '800.00', null, '1', '', '0000-00-00', null, null);
INSERT INTO `supplier_price` VALUES ('10', '1002', '0.00', null, '1', '', '0000-00-00', null, null);
INSERT INTO `supplier_price` VALUES ('10', '1014', '0.00', null, '1', '', '0000-00-00', null, null);
INSERT INTO `supplier_price` VALUES ('10', '1221', '0.00', null, '1', '', '0000-00-00', null, null);
INSERT INTO `supplier_price` VALUES ('10', '2562', '0.00', null, '1', '', '0000-00-00', null, null);
INSERT INTO `supplier_price` VALUES ('11', '1002', '0.00', null, '1', '', '0000-00-00', null, null);
INSERT INTO `supplier_price` VALUES ('11', '1014', '0.00', null, '1', '', '0000-00-00', null, null);
INSERT INTO `supplier_price` VALUES ('11', '1165', '55.00', null, '1', '', '0000-00-00', null, null);
INSERT INTO `supplier_price` VALUES ('11', '1206', '5.00', null, '1', '', '0000-00-00', null, null);
INSERT INTO `supplier_price` VALUES ('11', '1221', '0.00', null, '1', '', '0000-00-00', null, null);
INSERT INTO `supplier_price` VALUES ('16', '2562', '90.00', null, '1', '', '0000-00-00', null, null);
INSERT INTO `supplier_price` VALUES ('55', '1', '0.00', '002154', '1', '', '0000-00-00', null, null);
INSERT INTO `supplier_price` VALUES ('55', '8', '0.00', '20', '1', '', '0000-00-00', null, null);

-- ----------------------------
-- Table structure for `sys_menu`
-- ----------------------------
DROP TABLE IF EXISTS `sys_menu`;
CREATE TABLE `sys_menu` (
  `SYS_MENU_ID` int(3) NOT NULL AUTO_INCREMENT,
  `MENU_NAME` varchar(60) COLLATE latin1_general_ci DEFAULT NULL COMMENT 'Menu Name,y,,,,20,1',
  `NAME_ALIAS` varchar(50) COLLATE latin1_general_ci NOT NULL,
  `DESCRIP` text COLLATE latin1_general_ci,
  `LINKS` varchar(250) COLLATE latin1_general_ci DEFAULT NULL COMMENT 'Url,y,,,,20,1',
  `TARGET` varchar(20) COLLATE latin1_general_ci NOT NULL,
  `FOLDER_NAME` varchar(50) COLLATE latin1_general_ci NOT NULL,
  `MODULES` varchar(50) COLLATE latin1_general_ci NOT NULL,
  `DEPENDENCY` int(1) NOT NULL,
  `DEPENDENCY_TO` varchar(100) COLLATE latin1_general_ci NOT NULL,
  `ACCESS_MODE` int(2) NOT NULL,
  `ACCESS_TYPE` varchar(25) COLLATE latin1_general_ci NOT NULL,
  `ADMIN_SORT` int(3) NOT NULL,
  `_SORT` int(3) NOT NULL,
  `_SUBID` int(3) DEFAULT NULL COMMENT 'Under,y,,,,20,1',
  `_SHOW` int(1) DEFAULT NULL COMMENT 'Show,y,,,,20,',
  `_GROUP` varchar(20) COLLATE latin1_general_ci NOT NULL,
  `_DATE_TIME` datetime NOT NULL,
  `_REFERTO` int(3) NOT NULL,
  `_GROUP_LEVEL` int(3) NOT NULL,
  `_MAINID` int(3) NOT NULL,
  PRIMARY KEY (`SYS_MENU_ID`)
) ENGINE=MyISAM AUTO_INCREMENT=38 DEFAULT CHARSET=latin1 COLLATE=latin1_general_ci;

-- ----------------------------
-- Records of sys_menu
-- ----------------------------
INSERT INTO `sys_menu` VALUES ('1', 'APSIS', '', null, '#', '', '', '', '0', '', '0', '', '1', '1', null, '1', 'main', '0000-00-00 00:00:00', '0', '0', '0');
INSERT INTO `sys_menu` VALUES ('2', 'CREATE OBJECT', '', null, '../lib/create_object.php', '', '', '', '0', '', '0', '', '1', '1', '1', '1', 'sub', '0000-00-00 00:00:00', '0', '0', '0');
INSERT INTO `sys_menu` VALUES ('3', 'CREATE PROPERTY', '', null, '../lib/create_property.php', '', '', '', '0', '', '0', '', '2', '2', '1', '1', 'sub', '0000-00-00 00:00:00', '0', '0', '0');
INSERT INTO `sys_menu` VALUES ('4', 'CREATE GRID', '', null, '../lib/create_grid.php', '', '', '', '0', '', '0', '', '3', '3', '1', '1', 'sub', '0000-00-00 00:00:00', '0', '0', '0');
INSERT INTO `sys_menu` VALUES ('5', 'ADMIN', '', null, '#', '', '', '', '0', '', '0', '', '1', '1', null, '0', 'main', '0000-00-00 00:00:00', '0', '0', '0');
INSERT INTO `sys_menu` VALUES ('6', 'Requisition Manage', '', null, '#', '', '', '', '0', '', '0', '', '3', '3', null, '1', 'main', '0000-00-00 00:00:00', '0', '0', '0');
INSERT INTO `sys_menu` VALUES ('7', 'Requisition List', '', null, '../GeneralProcure/RequisitionList.php', '', '', '', '0', '', '0', '', '1', '1', '6', '1', 'sub', '0000-00-00 00:00:00', '0', '0', '0');
INSERT INTO `sys_menu` VALUES ('8', 'Requisition Group', '', null, '../GeneralProcure/WorkflowGroupList.php', '', '', '', '0', '', '0', '', '2', '2', '6', '1', 'sub', '0000-00-00 00:00:00', '0', '0', '0');
INSERT INTO `sys_menu` VALUES ('9', 'Requisition Group Details', '', null, '../GeneralProcure/WorkflowGroupDetailsList.php', '', '', '', '0', '', '0', '', '3', '3', '6', '1', 'sub', '0000-00-00 00:00:00', '0', '0', '0');
INSERT INTO `sys_menu` VALUES ('10', 'Requisition Pending List', '', null, '../GeneralProcure/RequisitionPendingList.php', '', '', '', '0', '', '0', '', '4', '4', '6', '0', 'sub', '0000-00-00 00:00:00', '0', '0', '0');
INSERT INTO `sys_menu` VALUES ('11', 'Sole List', '', null, '../GeneralProcure/SolList.php', '', '', '', '0', '', '0', '', '5', '5', '6', '1', 'sub', '0000-00-00 00:00:00', '0', '0', '0');
INSERT INTO `sys_menu` VALUES ('12', 'Budget Liat', '', null, '../Finance/CBLBudgetList.php', '', '', '', '0', '', '0', '', '6', '6', '6', '1', 'sub', '0000-00-00 00:00:00', '0', '0', '0');
INSERT INTO `sys_menu` VALUES ('13', 'Payment List', '', null, '../Finance/PaymentList.php', '', '', '', '0', '', '0', '', '7', '7', '6', '1', 'sub', '0000-00-00 00:00:00', '0', '0', '0');
INSERT INTO `sys_menu` VALUES ('14', 'Pending Approval List', '', null, '../GeneralProcure/RequisitionPendingList.php', '', '', '', '0', '', '0', 'b', '1', '1', '6', '1', 'sub', '0000-00-00 00:00:00', '0', '0', '0');
INSERT INTO `sys_menu` VALUES ('15', 'Manage Budget', '', null, '../ManagementBudget/ManageBudget.php', '', '', '', '0', '', '0', '', '5', '5', '6', '1', 'sub', '0000-00-00 00:00:00', '0', '0', '0');
INSERT INTO `sys_menu` VALUES ('16', 'Requisition', '', null, '#', '', '', '', '0', '', '0', '', '0', '1', '6', '1', 'sub', '0000-00-00 00:00:00', '0', '0', '0');
INSERT INTO `sys_menu` VALUES ('17', 'Store/ IT Accessories', '', null, '../requisition', '', '', '', '0', '', '0', '', '0', '0', '16', '1', 'sub', '0000-00-00 00:00:00', '0', '0', '0');
INSERT INTO `sys_menu` VALUES ('23', 'Manage product', '', null, '#', '', '', '', '0', '', '0', '', '6', '6', '0', '1', 'main', '0000-00-00 00:00:00', '0', '0', '0');
INSERT INTO `sys_menu` VALUES ('18', 'Purchase Requisition', '', null, '../GeneralProcure/RequisitionNew.php?requisition_type_id=2', '', '', '', '0', '', '0', '', '0', '0', '16', '1', 'sub', '0000-00-00 00:00:00', '0', '0', '0');
INSERT INTO `sys_menu` VALUES ('19', 'Manage Requisition', '', null, '../manage_product/purchser_requisition_list.php', '', '', '', '0', '', '0', '', '0', '0', '6', '1', 'sub', '0000-00-00 00:00:00', '0', '0', '0');
INSERT INTO `sys_menu` VALUES ('20', 'CS List', '', null, '../manage_product/evaluations.php', '', '', '', '0', '', '0', '', '5', '5', '6', '1', 'sub', '0000-00-00 00:00:00', '0', '0', '0');
INSERT INTO `sys_menu` VALUES ('21', 'GAD', '', null, '../GeneralProcure/RequisitionNew.php?requisition_type_id=2&processDept=1', '', '', '', '0', '', '0', '', '6', '6', '16', '1', 'su', '0000-00-00 00:00:00', '0', '0', '0');
INSERT INTO `sys_menu` VALUES ('22', 'Approval Note List', '', null, '../product_approval/index.php', '', '', '', '0', '', '0', '', '7', '7', '6', '1', 'sub', '0000-00-00 00:00:00', '0', '0', '0');
INSERT INTO `sys_menu` VALUES ('24', 'Store/ IT Accessories', '', null, '../manage_product/store_item_requisition_list.php', '', '', '', '0', '', '0', '', '0', '0', '23', '1', 'sub', '0000-00-00 00:00:00', '0', '0', '0');
INSERT INTO `sys_menu` VALUES ('25', 'Purchse Requisition', '', null, '../manage_product2/purchser_requisition_list.php', '', '', '', '0', '', '0', '', '0', '0', '23', '1', 'sub', '0000-00-00 00:00:00', '0', '0', '7');
INSERT INTO `sys_menu` VALUES ('26', 'Pending Store Item', '', null, '../manage_product/store_item_pending_list.php', '', '', '', '0', '', '0', '', '2', '2', '23', '1', 'sub', '0000-00-00 00:00:00', '0', '0', '0');
INSERT INTO `sys_menu` VALUES ('27', 'Challan Create', '', null, '../manage_product/challan_create.php', '', '', '', '0', '', '0', '', '3', '3', '23', '1', 'sub', '0000-00-00 00:00:00', '0', '0', '0');
INSERT INTO `sys_menu` VALUES ('28', 'Store Item Receive', '', null, '../manage_product/goods_recieve2.php', '', '', '', '0', '', '0', '', '0', '0', '23', '1', 'sub', '0000-00-00 00:00:00', '0', '0', '0');
INSERT INTO `sys_menu` VALUES ('29', 'Delevery Challan', '', null, '../manage_product/delivery_report.php', '', '', '', '0', '', '0', '', '0', '0', '23', '1', 'sub', '0000-00-00 00:00:00', '0', '0', '0');
INSERT INTO `sys_menu` VALUES ('30', 'Delivered Challan list', '', null, '../manage_product/challan_report.php', '', '', '', '0', '', '0', '', '0', '0', '23', '1', 'sub', '0000-00-00 00:00:00', '0', '0', '0');
INSERT INTO `sys_menu` VALUES ('31', 'Goods Receive From Pr', '', null, '../manage_product/goods_recieve.php', '', '', '', '0', '', '0', '', '1', '1', '23', '1', 'sub', '0000-00-00 00:00:00', '0', '0', '0');
INSERT INTO `sys_menu` VALUES ('32', 'Manage Bill', '', null, '../manage_product/approve_store_product_for_gatepass.php', '', '', '', '0', '', '0', '', '7', '7', '23', '1', 'sub', '0000-00-00 00:00:00', '0', '0', '0');
INSERT INTO `sys_menu` VALUES ('33', 'Other', '', null, '../GeneralProcure/RequisitionNew.php?requisition_type_id=2', '', '', '', '0', '', '0', '', '6', '6', '16', '1', 'sub', '0000-00-00 00:00:00', '0', '0', '0');
INSERT INTO `sys_menu` VALUES ('34', 'Challan Report', '', null, '../manage_product/challan_approval_report.php', '', '', '', '0', '', '0', '', '0', '0', '5', '1', 'main', '0000-00-00 00:00:00', '0', '0', '0');
INSERT INTO `sys_menu` VALUES ('35', 'Budget', '', null, '../Finance/CBLBudgetList.php', '', '', '', '0', '', '0', '', '5', '5', null, '1', 'main', '0000-00-00 00:00:00', '0', '0', '0');
INSERT INTO `sys_menu` VALUES ('36', 'Brand', '', null, '../GeneralProcure/RequisitionNew.php?requisition_type_id=2&processDept=3', '', '', '', '0', '', '0', '', '6', '6', '16', '1', 'su', '0000-00-00 00:00:00', '0', '0', '0');
INSERT INTO `sys_menu` VALUES ('37', 'Daily Budget Upload', '', null, '../Finance/budget_upload_daily.php', '', '', '', '0', '', '0', '', '5', '5', '35', '1', 'sub', '0000-00-00 00:00:00', '0', '0', '0');

-- ----------------------------
-- Table structure for `tax_type`
-- ----------------------------
DROP TABLE IF EXISTS `tax_type`;
CREATE TABLE `tax_type` (
  `TAX_TYPE_ID` int(5) NOT NULL,
  `TAX_TYPE` varchar(30) DEFAULT NULL,
  `CREATED_BY` varchar(255) DEFAULT NULL,
  `CREATED_DATE` datetime DEFAULT NULL,
  `MODIFY_BY` varchar(255) DEFAULT NULL,
  `MODIFY_DATE` datetime DEFAULT NULL,
  PRIMARY KEY (`TAX_TYPE_ID`)
) ENGINE=InnoDB DEFAULT CHARSET=latin1;

-- ----------------------------
-- Records of tax_type
-- ----------------------------
INSERT INTO `tax_type` VALUES ('1', 'Tax And Vat Incl', null, null, null, null);
INSERT INTO `tax_type` VALUES ('2', 'Tax And Vat Excl', null, null, null, null);
INSERT INTO `tax_type` VALUES ('3', 'Tax Incl And Vat Excl', null, null, null, null);
INSERT INTO `tax_type` VALUES ('4', 'Tax Excl And Vat Incl', null, null, null, null);

-- ----------------------------
-- Table structure for `thana`
-- ----------------------------
DROP TABLE IF EXISTS `thana`;
CREATE TABLE `thana` (
  `THANA_ID` int(11) NOT NULL,
  `THANA_NAME` varchar(100) DEFAULT NULL COMMENT 'Thana Name,y,Y,,,20,1',
  `DISTRICT_ID` int(11) DEFAULT NULL COMMENT 'District,y,Y,,,20,2',
  `CREATED_BY` varchar(50) DEFAULT NULL,
  `CREATED_DATE` datetime DEFAULT NULL,
  `MODIFY_BY` varchar(50) NOT NULL,
  `MODIFY_DATE` date NOT NULL,
  PRIMARY KEY (`THANA_ID`),
  KEY `DISTRICT_ID` (`DISTRICT_ID`),
  CONSTRAINT `thana_ibfk_1` FOREIGN KEY (`DISTRICT_ID`) REFERENCES `district` (`DISTRICT_ID`) ON UPDATE NO ACTION
) ENGINE=InnoDB DEFAULT CHARSET=utf8;

-- ----------------------------
-- Records of thana
-- ----------------------------
INSERT INTO `thana` VALUES ('1', 'Tejgon', '1', 'admin', '2013-05-30 00:00:00', '', '0000-00-00');
INSERT INTO `thana` VALUES ('2', 'Motizil', '2', 'admin', '2013-05-30 00:00:00', '2013-05-30', '0000-00-00');

-- ----------------------------
-- Table structure for `unit_type`
-- ----------------------------
DROP TABLE IF EXISTS `unit_type`;
CREATE TABLE `unit_type` (
  `UNIT_TYPE_ID` int(10) unsigned NOT NULL AUTO_INCREMENT,
  `UNIT_TYPE_NAME` varchar(60) NOT NULL,
  `CREATED_BY` varchar(50) CHARACTER SET latin1 NOT NULL,
  `CREATED_DATE` date NOT NULL,
  `MODIFY_BY` varchar(50) CHARACTER SET latin1 DEFAULT NULL,
  `MODIFY_DATE` date DEFAULT NULL,
  PRIMARY KEY (`UNIT_TYPE_ID`)
) ENGINE=MyISAM AUTO_INCREMENT=21 DEFAULT CHARSET=utf8;

-- ----------------------------
-- Records of unit_type
-- ----------------------------
INSERT INTO `unit_type` VALUES ('2', 'PCs', '', '0000-00-00', null, null);
INSERT INTO `unit_type` VALUES ('1', 'No.', '', '0000-00-00', null, null);
INSERT INTO `unit_type` VALUES ('3', 'Kit', '', '0000-00-00', null, null);
INSERT INTO `unit_type` VALUES ('4', 'Vial', '', '0000-00-00', null, null);
INSERT INTO `unit_type` VALUES ('5', 'Box', '', '0000-00-00', null, null);
INSERT INTO `unit_type` VALUES ('6', 'Rft', '', '0000-00-00', null, null);
INSERT INTO `unit_type` VALUES ('7', 'Each', '', '0000-00-00', null, null);
INSERT INTO `unit_type` VALUES ('9', 'Roll', '', '0000-00-00', null, null);
INSERT INTO `unit_type` VALUES ('10', 'Job', '', '0000-00-00', null, null);
INSERT INTO `unit_type` VALUES ('11', 'Leaf', '', '0000-00-00', null, null);
INSERT INTO `unit_type` VALUES ('12', 'Book', '', '0000-00-00', null, null);
INSERT INTO `unit_type` VALUES ('14', 'Set', '', '0000-00-00', null, null);
INSERT INTO `unit_type` VALUES ('15', 'Block', '', '0000-00-00', null, null);
INSERT INTO `unit_type` VALUES ('16', 'Pad', '', '0000-00-00', null, null);
INSERT INTO `unit_type` VALUES ('17', 'Meter', '', '0000-00-00', null, null);
INSERT INTO `unit_type` VALUES ('18', 'sft', '', '0000-00-00', null, null);
INSERT INTO `unit_type` VALUES ('19', 'Rim', '', '0000-00-00', null, null);
INSERT INTO `unit_type` VALUES ('20', 'Packet', '', '0000-00-00', null, null);

-- ----------------------------
-- Table structure for `user_level`
-- ----------------------------
DROP TABLE IF EXISTS `user_level`;
CREATE TABLE `user_level` (
  `USER_LEVEL_ID` int(11) NOT NULL AUTO_INCREMENT,
  `USER_LEVEL_NAME` varchar(150) COLLATE latin1_general_ci DEFAULT NULL COMMENT 'Level Name,y,Y,,,20,1',
  `USER_LEVEL_GROUP_ID` int(2) DEFAULT NULL COMMENT 'User Group,y,Y,,,20,2',
  `REQUISITION_ROUTE_ID` int(2) DEFAULT NULL COMMENT 'Requisition Rute,y,Y,,,20,2',
  `PROCESSING_TYPE_ID` int(2) DEFAULT NULL COMMENT 'Processing Type,y,Y,,,20,2',
  `SORT_` int(2) DEFAULT NULL COMMENT 'Sort,y,Y,,,20,1',
  `LEVEL_DESIGNATION` int(1) NOT NULL,
  `TRANSFER_TO_CS` varchar(100) COLLATE latin1_general_ci DEFAULT NULL,
  `MENU_MAIN_ID` varchar(150) COLLATE latin1_general_ci NOT NULL,
  `MENU_SUB_ID` varchar(250) COLLATE latin1_general_ci NOT NULL,
  `APPROVAL` int(1) NOT NULL,
  `ACTIVE` int(1) NOT NULL DEFAULT '1',
  `CREATED_BY` varchar(255) CHARACTER SET latin1 DEFAULT NULL,
  `CREATED_DATE` datetime DEFAULT NULL,
  `MODIFY_BY` varchar(255) CHARACTER SET latin1 DEFAULT NULL,
  `MODIFY_DATE` datetime DEFAULT NULL,
  PRIMARY KEY (`USER_LEVEL_ID`)
) ENGINE=MyISAM AUTO_INCREMENT=110 DEFAULT CHARSET=latin1 COLLATE=latin1_general_ci ROW_FORMAT=DYNAMIC;

-- ----------------------------
-- Records of user_level
-- ----------------------------
INSERT INTO `user_level` VALUES ('1', 'Staff', '1', null, '0', '1', '0', null, '6', '7,16,17,18,21,33,36,19,22', '0', '1', null, null, null, null);
INSERT INTO `user_level` VALUES ('2', 'Approval Person', '1', null, '0', '2', '0', null, '6', '7,14,16,17,18,22', '0', '1', null, null, null, null);
INSERT INTO `user_level` VALUES ('3', 'Store Officer', '2', '1', '1', '3', '0', null, '5,6,153,155,166', '117,208,119,120,131,132,136,137,564,154,164,156,157,158,159,160,161,162,173,176,173,176', '0', '1', null, null, null, null);
INSERT INTO `user_level` VALUES ('4', 'Store Manager', '2', '1', '1', '5', '0', null, '9,28,29,30,31,43,77', '20,21,28,29,30,31,60,76,78,79,80,85,86,87,89,90,106,118', '0', '1', null, null, null, null);
INSERT INTO `user_level` VALUES ('5', 'Procurement Dept', '2', '2', '2', '5', '1', '6,9,10,11', '6,23', '7,14,16,17,18,19,20,22,24,27,28,29,30', '1', '1', null, null, null, null);
INSERT INTO `user_level` VALUES ('6', 'Procurement Head', '2', '2', '2', '6', '2', '5,23,28,51,52,80,90', '6,23', '11,18,19,20,21,22,24,31,32', '1', '1', null, null, null, null);
INSERT INTO `user_level` VALUES ('25', 'Head Of Payment', '4', '2', null, null, '0', null, '6', '14,22', '1', '1', null, null, null, null);
INSERT INTO `user_level` VALUES ('7', 'IT Officer', '2', '5', '2', '7', '1', '8', '6,23,34,35', '7,14,16,17,18,21,33,19,20,22,24,25,26,27,28,29,30,31,32', '1', '1', null, null, null, null);
INSERT INTO `user_level` VALUES ('8', 'IT Head', '1', '5', '2', '1', '0', null, '6,23', '7,14,16,17,18,22,24', '0', '1', '2010061605', '2013-06-11 00:00:00', null, null);
INSERT INTO `user_level` VALUES ('9', 'CRM', '4', '2', '1', '0', '0', null, '3,4,155', '142,126,105,106,107,108,110,130,135,138,139,102,113,115,157', '0', '1', '2010061605', '2013-06-11 00:00:00', null, null);
INSERT INTO `user_level` VALUES ('10', 'Store/ IT Dept.', '4', null, '0', '9', '5', '10,6,8,52,53,50', '6,23', '14,22,24,27,29,30', '1', '1', null, null, null, null);
INSERT INTO `user_level` VALUES ('11', 'AMD-Business', '3', '9', '1', '2', '1', '6,8,51', '6', '22', '1', '1', null, null, '2013-05-30', null);
INSERT INTO `user_level` VALUES ('12', 'Managing Director', '4', null, '0', '11', '3', '10,6,8,51,52,50', '9,42,43,77', '26,27,44,45,46,76,78,79,80,85,86,87,10,11,24,89,90,92,117', '1', '1', null, null, null, null);
INSERT INTO `user_level` VALUES ('100', 'Admin', '100', null, '100', '100', '0', '', '6', '7,8,9,11,12,13,14,16,17,18', '0', '1', null, null, null, null);
INSERT INTO `user_level` VALUES ('13', 'ID', '0', '0', '0', '4', '0', null, '7,3,4,140,5', '122,109,111,112,114,125,126,105,106,107,102,121,104,113,140,140,141,117', '0', '1', '2010061605', '2013-06-11 00:00:00', null, null);
INSERT INTO `user_level` VALUES ('14', 'DMD', '4', null, '0', '0', '4', '10,6,8,51,52,50', '6', '22', '0', '1', null, null, null, null);
INSERT INTO `user_level` VALUES ('15', 'HO Finance', '3', null, '0', '12', '0', '5,8', '9,67,77,111,112', '10,11,24,69,70,71,72,73,74,79,80,87,89,90,92,108,109,110,113,117,119,120,121', '1', '1', null, null, null, null);
INSERT INTO `user_level` VALUES ('16', 'CFO', '3', null, '0', '12', '0', '6,8', '6', '14,22,24', '1', '1', null, null, null, null);
INSERT INTO `user_level` VALUES ('17', 'Finance Officer', '3', null, '0', '12', '0', '28', '6,35', '7,20,22,37', '1', '1', null, null, null, null);
INSERT INTO `user_level` VALUES ('18', 'FMD ', '4', '2', '2', '1', '0', null, '4,140,5,6,153,567,201,253', '523,101,521,123,122,109,111,112,114,124,125,127,128,129,142,126,105,106,107,108,110,130,135,138,139,102,121,104,113,115,116,563,141,117,119,120,131,132,136,137,564,146,147,148,149,150,151,152,154,156,157,158,159,160,161,162,202,203,204,205,206', '0', '1', 'admin', '2013-06-10 00:00:00', null, null);
INSERT INTO `user_level` VALUES ('19', 'rakib', '4', '7', '2', '4', '0', null, '140,5,155', '140,141,117,156,157,158', '0', '1', 'admin', '2013-06-17 00:00:00', null, null);
INSERT INTO `user_level` VALUES ('20', 'Civil', '4', '2', '2', '3', '0', null, '5,177', '117,183,183', '0', '1', null, null, null, null);
INSERT INTO `user_level` VALUES ('21', 'Civil Head', null, null, null, null, '0', null, '', '', '0', '1', null, null, null, null);
INSERT INTO `user_level` VALUES ('23', 'Repair Officer Head', null, null, null, null, '0', '', '1,3,4,5,6,7,100,600,602', '51,52,53,55,101,102,103,104,105,106,107,108,109,110,111,112,113,114,115,116,117,118,119,120,121,122,123,124,125,126,127,128,129,130,131,132,135,136,137,601,603', '0', '1', '', '0000-00-00 00:00:00', '', '0000-00-00 00:00:00');
INSERT INTO `user_level` VALUES ('24', 'Normal User', null, null, null, null, '0', '', '7,3,4,5,6,600,300', '101,123,122,109,111,112,114,124,125,127,128,129,126,105,106,107,108,110,130,135,102,121,104,113,115,116,117,119,120,131,132,136,137,601,315,315,316,317,318,319,320', '0', '1', '', '0000-00-00 00:00:00', '', '0000-00-00 00:00:00');
INSERT INTO `user_level` VALUES ('22', 'Repair Officer', '4', null, null, null, '0', '', '1,3,4,5,6,7,100,600,602', '51,52,53,55,101,102,103,104,105,106,107,108,109,110,111,112,113,114,115,116,117,118,119,120,121,122,123,124,125,126,127,128,129,130,131,132,135,136,137,601,603', '0', '1', '', '0000-00-00 00:00:00', '', '0000-00-00 00:00:00');

-- ----------------------------
-- Table structure for `user_type`
-- ----------------------------
DROP TABLE IF EXISTS `user_type`;
CREATE TABLE `user_type` (
  `USER_TYPE_ID` int(11) NOT NULL AUTO_INCREMENT,
  `USER_TYPE_NAME` varchar(50) DEFAULT NULL,
  `USER_TYPE_SORT` int(2) DEFAULT NULL,
  `CREATED_BY` varchar(16) CHARACTER SET utf8 DEFAULT NULL,
  `CREATED_DATE` datetime DEFAULT NULL,
  `MODIFY_BY` varchar(50) CHARACTER SET utf8 DEFAULT NULL,
  `MODIFY_DATE` datetime DEFAULT NULL,
  PRIMARY KEY (`USER_TYPE_ID`)
) ENGINE=MyISAM AUTO_INCREMENT=3 DEFAULT CHARSET=latin1;

-- ----------------------------
-- Records of user_type
-- ----------------------------
INSERT INTO `user_type` VALUES ('1', 'Admin', '2', null, null, null, null);
INSERT INTO `user_type` VALUES ('2', 'View', '1', null, null, null, null);

-- ----------------------------
-- Table structure for `workflow_group`
-- ----------------------------
DROP TABLE IF EXISTS `workflow_group`;
CREATE TABLE `workflow_group` (
  `WORKFLOW_GROUP_ID` int(11) NOT NULL AUTO_INCREMENT COMMENT 'WORK FOLW GROUP,Y,Y,,,20,1',
  `WORKFLOW_NAME` varchar(255) DEFAULT NULL COMMENT 'WORK FOLW GROUP,y,Y,,,20,1',
  `CREATED_BY` varchar(255) DEFAULT NULL,
  `CREATED_DATE` datetime DEFAULT NULL,
  `MODIFY_BY` varchar(255) DEFAULT NULL,
  `MODIFY_DATE` datetime DEFAULT NULL,
  PRIMARY KEY (`WORKFLOW_GROUP_ID`)
) ENGINE=InnoDB AUTO_INCREMENT=6 DEFAULT CHARSET=latin1;

-- ----------------------------
-- Records of workflow_group
-- ----------------------------
INSERT INTO `workflow_group` VALUES ('1', 'HR', null, null, null, null);
INSERT INTO `workflow_group` VALUES ('2', 'FINANCE', null, null, null, null);
INSERT INTO `workflow_group` VALUES ('3', 'Test', 'admin', '2013-02-24 00:00:00', null, null);
INSERT INTO `workflow_group` VALUES ('4', 'Procurement', '1995056', '2013-02-27 00:00:00', null, null);
INSERT INTO `workflow_group` VALUES ('5', 'xds', '2010441', '2013-03-17 00:00:00', null, null);

-- ----------------------------
-- Table structure for `workflow_group_details`
-- ----------------------------
DROP TABLE IF EXISTS `workflow_group_details`;
CREATE TABLE `workflow_group_details` (
  `WORKFLOW_GROUP_DETAILS_ID` int(11) NOT NULL AUTO_INCREMENT,
  `WORKFLOW_GROUP_ID` int(11) DEFAULT NULL COMMENT 'Group Name,y,,,,20,2',
  `WORKFLOW_PROCESS_TYPE_ID` int(11) DEFAULT NULL COMMENT 'Flow Process,y,,,,20,2',
  `DESIGNATION_ID` int(11) DEFAULT NULL COMMENT 'Designation,y,,,,20,2',
  `OFFICE_TYPE_ID` int(1) DEFAULT NULL,
  `BRANCH_DEPT` int(4) DEFAULT NULL,
  `DIVISION_ID` int(5) DEFAULT NULL,
  `CREATED_BY` varchar(255) DEFAULT NULL,
  `CREATED_DATE` datetime DEFAULT NULL,
  `MODIFY_BY` varchar(255) DEFAULT NULL,
  `MODIFY_DATE` datetime DEFAULT NULL,
  PRIMARY KEY (`WORKFLOW_GROUP_DETAILS_ID`)
) ENGINE=InnoDB AUTO_INCREMENT=5 DEFAULT CHARSET=latin1;

-- ----------------------------
-- Records of workflow_group_details
-- ----------------------------
INSERT INTO `workflow_group_details` VALUES ('1', '2', '1', '5', '1', '0', null, '2011150', '2013-03-18 16:24:08', null, null);
INSERT INTO `workflow_group_details` VALUES ('2', '2', '3', '28', '1', '37', null, '2011150', '2013-03-18 16:26:06', null, null);
INSERT INTO `workflow_group_details` VALUES ('3', '2', '3', '5', '2', '1', '1', '2011150', '2013-03-18 16:27:56', null, null);
INSERT INTO `workflow_group_details` VALUES ('4', '2', '7', '27', '2', '7', '3', '2011150', '2013-03-18 16:32:53', '2011150', '2013-03-18 16:37:43');

-- ----------------------------
-- Table structure for `workflow_manager`
-- ----------------------------
DROP TABLE IF EXISTS `workflow_manager`;
CREATE TABLE `workflow_manager` (
  `WORKFLOW_MANAGER_ID` int(11) NOT NULL AUTO_INCREMENT,
  `WORKFLOW_PROCESS_ID` int(2) DEFAULT NULL,
  `REQUISITION_ID` int(11) DEFAULT NULL,
  `MODULE_NAME` varchar(100) DEFAULT NULL,
  `EMPLOYEE_ID` int(11) DEFAULT NULL,
  `DESIGNATION_ID` int(11) DEFAULT NULL,
  `SL` int(2) DEFAULT NULL,
  `APPROVE_STATUS` int(1) DEFAULT NULL,
  `APPROVAL_COMMENT` varchar(255) DEFAULT NULL,
  `MODIFY_BY` varchar(255) DEFAULT NULL,
  `MODIFY_DATE` datetime DEFAULT NULL,
  `CREATED_BY` varchar(255) DEFAULT NULL,
  `CREATED_DATE` datetime DEFAULT NULL,
  PRIMARY KEY (`WORKFLOW_MANAGER_ID`)
) ENGINE=InnoDB AUTO_INCREMENT=420 DEFAULT CHARSET=latin1 ROW_FORMAT=COMPACT;

-- ----------------------------
-- Records of workflow_manager
-- ----------------------------
INSERT INTO `workflow_manager` VALUES ('151', '1', '2', 'civil Rajib', '18', '5', '0', '1', null, null, null, '', '2013-09-12 15:25:09');
INSERT INTO `workflow_manager` VALUES ('152', '3', '2', 'civil Rajib', '19', '7', '1', '1', null, null, null, '', '2013-09-12 15:25:09');
INSERT INTO `workflow_manager` VALUES ('153', '2', '2', 'civil Rajib', '20', '4', '2', '1', null, null, null, '', '2013-09-12 15:25:09');
INSERT INTO `workflow_manager` VALUES ('154', '1', '6', 'civil Rajib', '18', '5', '0', '3', null, null, null, '', '2013-09-12 15:45:38');
INSERT INTO `workflow_manager` VALUES ('155', '6', '6', 'civil Rajib', '623', '10', '1', '1', null, null, null, '', '2013-09-12 15:45:38');
INSERT INTO `workflow_manager` VALUES ('156', '2', '6', 'civil Rajib', '19', '7', '2', '3', null, null, null, '', '2013-09-12 15:45:38');
INSERT INTO `workflow_manager` VALUES ('157', '4', '6', 'civil Rajib', '21', '11', '3', '3', null, null, null, '', '2013-09-12 15:45:38');
INSERT INTO `workflow_manager` VALUES ('158', '5', '6', 'civil Rajib', '22', '3', '4', '1', null, null, null, '', '2013-09-12 15:45:38');
INSERT INTO `workflow_manager` VALUES ('159', '3', '6', 'civil Rajib', '20', '4', '5', '3', null, null, null, '', '2013-09-12 15:45:38');
INSERT INTO `workflow_manager` VALUES ('166', '2', '6', 'civil Rajib', '18', '5', '0', '0', null, null, null, '', '2013-09-12 16:33:06');
INSERT INTO `workflow_manager` VALUES ('167', '2', '6', 'civil Rajib', '18', '5', '0', '0', null, null, null, '', '2013-09-12 16:33:36');
INSERT INTO `workflow_manager` VALUES ('168', '1', '5', 'Product Approval', '18', '5', '0', '1', null, null, null, '', '2013-09-12 16:38:29');
INSERT INTO `workflow_manager` VALUES ('169', '3', '5', 'Product Approval', '20', '4', '1', '1', null, null, null, '', '2013-09-12 16:38:29');
INSERT INTO `workflow_manager` VALUES ('170', '4', '5', 'Product Approval', '20', '0', '2', '1', null, null, null, '', '2013-09-12 16:38:29');
INSERT INTO `workflow_manager` VALUES ('171', null, '81', 'requisition', '0', '7', '0', '1', 'cccccccccccccc', null, null, '', '2013-09-18 15:05:00');
INSERT INTO `workflow_manager` VALUES ('172', null, '81', 'requisition', '19', '7', '1', '1', 'cccccccccccccc', null, null, '19', '2013-09-18 15:08:40');
INSERT INTO `workflow_manager` VALUES ('173', null, '81', 'requisition', '19', '7', '2', '1', 'dsdfdf', null, null, '19', '2013-09-18 15:10:35');
INSERT INTO `workflow_manager` VALUES ('174', null, '81', 'requisition', '20', '4', '3', '1', '4', null, null, '20', '2013-09-18 15:11:29');
INSERT INTO `workflow_manager` VALUES ('175', null, '110', 'requisition', '19', '7', '0', '1', '02', null, null, '19', '2013-09-18 17:11:07');
INSERT INTO `workflow_manager` VALUES ('176', null, '110', 'requisition', '20', '4', '1', '1', '03', null, null, '20', '2013-09-18 17:11:39');
INSERT INTO `workflow_manager` VALUES ('177', null, '111', 'requisition', '19', '7', '0', '1', '02', null, null, '19', '2013-09-19 12:32:06');
INSERT INTO `workflow_manager` VALUES ('178', null, '111', 'requisition', '20', '4', '1', '1', '03', null, null, '20', '2013-09-19 12:32:36');
INSERT INTO `workflow_manager` VALUES ('179', null, '112', 'requisition', '19', '11', '0', null, null, null, null, '21', '2013-09-19 13:03:55');
INSERT INTO `workflow_manager` VALUES ('180', null, '113', 'requisition', '19', '11', '0', null, null, null, null, '21', '2013-09-19 13:03:57');
INSERT INTO `workflow_manager` VALUES ('181', null, '112', 'requisition', '19', '7', '1', '1', '02', null, null, '19', '2013-09-19 13:07:48');
INSERT INTO `workflow_manager` VALUES ('182', null, '112', 'requisition', '20', '4', '2', '1', '03', null, null, '20', '2013-09-19 13:08:32');
INSERT INTO `workflow_manager` VALUES ('183', '1', '7', 'Product Approval', '21', '11', '0', '1', null, null, null, '', '2013-09-19 13:19:47');
INSERT INTO `workflow_manager` VALUES ('184', '2', '7', 'Product Approval', '0', '0', '1', '1', null, null, null, '', '2013-09-19 13:19:47');
INSERT INTO `workflow_manager` VALUES ('185', null, '115', 'requisition', '19', '7', '0', '1', '02', null, null, '19', '2013-09-19 18:45:13');
INSERT INTO `workflow_manager` VALUES ('186', null, '115', 'requisition', '20', '4', '1', '1', '03', null, null, '20', '2013-09-19 18:45:42');
INSERT INTO `workflow_manager` VALUES ('187', null, '116', 'requisition', '19', '7', '0', '1', '02', null, null, '19', '2013-09-19 18:56:41');
INSERT INTO `workflow_manager` VALUES ('188', null, '116', 'requisition', '20', '4', '1', '1', '03', null, null, '20', '2013-09-19 18:57:08');
INSERT INTO `workflow_manager` VALUES ('189', null, '117', 'requisition', '19', '7', '0', '1', '02', null, null, '19', '2013-09-22 10:00:19');
INSERT INTO `workflow_manager` VALUES ('190', null, '118', 'requisition', '19', '7', '0', '1', '02', null, null, '19', '2013-09-22 10:44:17');
INSERT INTO `workflow_manager` VALUES ('191', null, '119', 'requisition', '19', '7', '0', '1', '02', null, null, '19', '2013-09-22 12:11:37');
INSERT INTO `workflow_manager` VALUES ('192', null, '120', 'requisition', '19', '7', '0', '1', '02', null, null, '19', '2013-09-22 12:35:57');
INSERT INTO `workflow_manager` VALUES ('193', null, '121', 'requisition', '19', '7', '0', '1', '02', null, null, '19', '2013-09-22 12:56:25');
INSERT INTO `workflow_manager` VALUES ('194', null, '122', 'requisition', '20', '4', '0', '1', '03', null, null, '20', '2013-09-22 15:13:29');
INSERT INTO `workflow_manager` VALUES ('195', null, '123', 'requisition', '19', '7', '0', '1', '02', null, null, '19', '2013-09-22 15:16:02');
INSERT INTO `workflow_manager` VALUES ('196', null, '124', 'requisition', '19', '7', '0', '1', '02', null, null, '19', '2013-09-22 15:21:30');
INSERT INTO `workflow_manager` VALUES ('197', null, '125', 'requisition', '19', '7', '0', '1', '', null, null, '19', '2013-09-22 16:01:33');
INSERT INTO `workflow_manager` VALUES ('198', null, '126', 'requisition', '19', '7', '0', '1', 'a', null, null, '19', '2013-09-22 16:09:05');
INSERT INTO `workflow_manager` VALUES ('199', null, '127', 'requisition', '19', '7', '0', '1', '', null, null, '19', '2013-09-22 16:16:23');
INSERT INTO `workflow_manager` VALUES ('200', null, '128', 'requisition', '19', '7', '0', '1', '', null, null, '19', '2013-09-22 16:33:56');
INSERT INTO `workflow_manager` VALUES ('201', null, '129', 'requisition', '19', '11', '0', null, null, null, null, '21', '2013-09-22 17:03:02');
INSERT INTO `workflow_manager` VALUES ('202', null, '130', 'requisition', '19', '11', '0', null, null, null, null, '21', '2013-09-22 17:05:20');
INSERT INTO `workflow_manager` VALUES ('203', null, '131', 'requisition', '19', '11', '0', null, null, null, null, '21', '2013-09-22 17:05:23');
INSERT INTO `workflow_manager` VALUES ('204', null, '130', 'requisition', '19', '7', '1', '1', '02', null, null, '19', '2013-09-22 17:08:57');
INSERT INTO `workflow_manager` VALUES ('205', null, '131', 'requisition', '19', '7', '1', '1', '02', null, null, '19', '2013-09-22 17:09:19');
INSERT INTO `workflow_manager` VALUES ('206', null, '130', 'requisition', '20', '4', '2', '1', '03', null, null, '20', '2013-09-22 17:10:22');
INSERT INTO `workflow_manager` VALUES ('207', null, '131', 'requisition', '20', '4', '2', '1', '03', null, null, '20', '2013-09-22 17:10:41');
INSERT INTO `workflow_manager` VALUES ('208', '1', '8', 'Product Approval', '19', '7', '0', '1', null, null, null, '', '2013-09-22 17:16:54');
INSERT INTO `workflow_manager` VALUES ('209', '2', '8', 'Product Approval', '20', '4', '1', '1', null, null, null, '', '2013-09-22 17:16:54');
INSERT INTO `workflow_manager` VALUES ('210', '3', '8', 'Product Approval', '21', '11', '2', '0', null, null, null, '', '2013-09-22 17:16:54');
INSERT INTO `workflow_manager` VALUES ('211', null, '133', 'requisition', '19', '7', '0', '1', '02', null, null, '19', '2013-09-23 10:48:55');
INSERT INTO `workflow_manager` VALUES ('212', null, '134', 'requisition', '19', '11', '0', null, null, null, null, '21', '2013-09-23 12:02:27');
INSERT INTO `workflow_manager` VALUES ('213', null, '134', 'requisition', '19', '11', '1', null, null, null, null, '21', '2013-09-23 12:59:53');
INSERT INTO `workflow_manager` VALUES ('214', null, '134', 'requisition', '19', '11', '2', null, null, null, null, '21', '2013-09-23 13:10:40');
INSERT INTO `workflow_manager` VALUES ('215', null, '134', 'requisition', '19', '11', '3', null, null, null, null, '21', '2013-09-23 13:36:35');
INSERT INTO `workflow_manager` VALUES ('216', null, '135', 'requisition', '19', '11', '0', null, null, null, null, '21', '2013-09-23 13:37:01');
INSERT INTO `workflow_manager` VALUES ('217', null, '135', 'requisition', '19', '7', '1', '1', '02', null, null, '19', '2013-09-23 13:42:04');
INSERT INTO `workflow_manager` VALUES ('218', null, '135', 'requisition', '20', '4', '2', '1', '03', null, null, '20', '2013-09-23 13:43:31');
INSERT INTO `workflow_manager` VALUES ('219', '1', '9', 'Product Approval', '21', '11', '0', '1', null, null, null, '', '2013-09-23 14:40:05');
INSERT INTO `workflow_manager` VALUES ('220', '2', '9', 'Product Approval', '21', '11', '1', '1', null, null, null, '', '2013-09-23 14:40:05');
INSERT INTO `workflow_manager` VALUES ('221', null, '136', 'requisition', '19', '11', '0', null, null, null, null, '21', '2013-09-23 15:55:05');
INSERT INTO `workflow_manager` VALUES ('222', null, '137', 'requisition', '19', '11', '0', null, null, null, null, '21', '2013-09-23 15:59:59');
INSERT INTO `workflow_manager` VALUES ('223', null, '138', 'requisition', '19', '11', '0', null, null, null, null, '21', '2013-09-23 16:00:03');
INSERT INTO `workflow_manager` VALUES ('224', null, '137', 'requisition', '19', '7', '1', '1', 'ssss', null, null, '19', '2013-09-23 16:02:42');
INSERT INTO `workflow_manager` VALUES ('225', null, '137', 'requisition', '20', '4', '2', '1', '03', null, null, '20', '2013-09-23 16:03:51');
INSERT INTO `workflow_manager` VALUES ('226', '1', '10', 'Product Approval', '19', '7', '0', '1', null, null, null, '', '2013-09-23 16:12:21');
INSERT INTO `workflow_manager` VALUES ('227', '3', '10', 'Product Approval', '20', '4', '1', '1', null, null, null, '', '2013-09-23 16:12:21');
INSERT INTO `workflow_manager` VALUES ('228', null, '139', 'requisition', '19', '11', '0', null, null, null, null, '21', '2013-09-23 16:33:23');
INSERT INTO `workflow_manager` VALUES ('229', null, '140', 'requisition', '19', '11', '0', null, null, null, null, '21', '2013-09-23 16:33:26');
INSERT INTO `workflow_manager` VALUES ('230', null, '139', 'requisition', '19', '7', '1', '1', '02', null, null, '19', '2013-09-23 16:43:49');
INSERT INTO `workflow_manager` VALUES ('231', null, '140', 'requisition', '19', '7', '1', '1', '02', null, null, '19', '2013-09-23 16:47:40');
INSERT INTO `workflow_manager` VALUES ('232', null, '139', 'requisition', '20', '4', '2', '1', '03', null, null, '20', '2013-09-23 16:48:56');
INSERT INTO `workflow_manager` VALUES ('233', null, '140', 'requisition', '20', '4', '2', '1', '03', null, null, '20', '2013-09-23 16:51:53');
INSERT INTO `workflow_manager` VALUES ('234', '1', '11', 'Product Approval', '19', '7', '0', '1', null, null, null, '', '2013-09-23 17:12:48');
INSERT INTO `workflow_manager` VALUES ('235', '2', '11', 'Product Approval', '19', '7', '1', '0', null, null, null, '', '2013-09-23 17:12:48');
INSERT INTO `workflow_manager` VALUES ('236', null, '141', 'requisition', '19', '11', '0', null, null, null, null, '21', '2013-09-23 17:38:47');
INSERT INTO `workflow_manager` VALUES ('237', null, '142', 'requisition', '19', '11', '0', null, null, null, null, '21', '2013-09-24 10:00:49');
INSERT INTO `workflow_manager` VALUES ('238', null, '143', 'requisition', '19', '11', '0', null, null, null, null, '21', '2013-09-24 10:00:51');
INSERT INTO `workflow_manager` VALUES ('239', null, '144', 'requisition', '19', '11', '0', null, null, null, null, '21', '2013-09-24 10:02:28');
INSERT INTO `workflow_manager` VALUES ('240', null, '145', 'requisition', '19', '11', '0', null, null, null, null, '21', '2013-09-24 10:02:30');
INSERT INTO `workflow_manager` VALUES ('241', null, '146', 'requisition', '19', '11', '0', null, null, null, null, '21', '2013-09-24 12:50:17');
INSERT INTO `workflow_manager` VALUES ('242', null, '147', 'requisition', '19', '11', '0', null, null, null, null, '21', '2013-09-24 12:50:19');
INSERT INTO `workflow_manager` VALUES ('243', null, '145', 'requisition', '19', '7', '1', '1', '', null, null, '19', '2013-09-24 13:05:40');
INSERT INTO `workflow_manager` VALUES ('244', null, '147', 'requisition', '19', '7', '1', '1', '02', null, null, '19', '2013-09-24 13:06:13');
INSERT INTO `workflow_manager` VALUES ('245', null, '146', 'requisition', '19', '7', '1', '1', '02', null, null, '19', '2013-09-24 13:06:37');
INSERT INTO `workflow_manager` VALUES ('246', null, '147', 'requisition', '20', '4', '2', '1', '03', null, null, '20', '2013-09-24 13:07:10');
INSERT INTO `workflow_manager` VALUES ('247', null, '146', 'requisition', '20', '4', '2', '1', '03', null, null, '20', '2013-09-24 13:07:29');
INSERT INTO `workflow_manager` VALUES ('248', null, '145', 'requisition', '20', '4', '2', '1', '03', null, null, '20', '2013-09-24 13:07:49');
INSERT INTO `workflow_manager` VALUES ('249', null, '149', 'requisition', '19', '7', '0', '1', '03', null, null, '19', '2013-09-24 14:07:27');
INSERT INTO `workflow_manager` VALUES ('250', null, '148', 'requisition', '19', '7', '0', '1', '02', null, null, '19', '2013-09-24 14:08:15');
INSERT INTO `workflow_manager` VALUES ('251', null, '149', 'requisition', '20', '4', '1', '1', '03', null, null, '20', '2013-09-24 14:09:58');
INSERT INTO `workflow_manager` VALUES ('252', null, '148', 'requisition', '20', '4', '1', '1', '03', null, null, '20', '2013-09-24 14:10:40');
INSERT INTO `workflow_manager` VALUES ('253', null, '151', 'requisition', '19', '7', '0', '1', 'aa', null, null, '19', '2013-09-24 14:21:43');
INSERT INTO `workflow_manager` VALUES ('254', null, '150', 'requisition', '19', '7', '0', '1', '', null, null, '19', '2013-09-24 14:22:00');
INSERT INTO `workflow_manager` VALUES ('255', null, '150', 'requisition', '20', '4', '1', '1', '', null, null, '20', '2013-09-24 14:22:40');
INSERT INTO `workflow_manager` VALUES ('256', null, '151', 'requisition', '20', '4', '1', '1', '', null, null, '20', '2013-09-24 14:24:03');
INSERT INTO `workflow_manager` VALUES ('257', null, '150', 'requisition', '20', '4', '2', '1', '', null, null, '20', '2013-09-24 14:24:30');
INSERT INTO `workflow_manager` VALUES ('258', null, '150', 'requisition', '20', '4', '3', '1', '', null, null, '20', '2013-09-24 14:28:53');
INSERT INTO `workflow_manager` VALUES ('259', null, '151', 'requisition', '20', '4', '2', '1', '', null, null, '20', '2013-09-24 14:29:14');
INSERT INTO `workflow_manager` VALUES ('260', '1', '12', 'Product Approval', '19', '7', '0', '1', null, null, null, '', '2013-09-24 14:51:06');
INSERT INTO `workflow_manager` VALUES ('261', '2', '12', 'Product Approval', '20', '4', '1', '1', null, null, null, '', '2013-09-24 14:51:06');
INSERT INTO `workflow_manager` VALUES ('262', null, '153', 'requisition', '19', '7', '0', '1', '', null, null, '19', '2013-09-24 16:08:26');
INSERT INTO `workflow_manager` VALUES ('263', null, '152', 'requisition', '19', '7', '0', '1', '', null, null, '19', '2013-09-24 16:08:41');
INSERT INTO `workflow_manager` VALUES ('264', null, '153', 'requisition', '20', '4', '1', '1', '', null, null, '20', '2013-09-24 16:09:11');
INSERT INTO `workflow_manager` VALUES ('265', null, '152', 'requisition', '20', '4', '1', '1', '', null, null, '20', '2013-09-24 16:09:27');
INSERT INTO `workflow_manager` VALUES ('266', '1', '13', 'Product Approval', '19', '7', '0', '1', null, null, null, '627', '2013-09-24 16:13:34');
INSERT INTO `workflow_manager` VALUES ('267', '2', '13', 'Product Approval', '20', '4', '1', '1', null, null, null, '627', '2013-09-24 16:13:34');
INSERT INTO `workflow_manager` VALUES ('268', null, '154', 'requisition', '19', '7', '0', '1', '02 review', null, null, '19', '2013-09-24 16:36:39');
INSERT INTO `workflow_manager` VALUES ('269', null, '155', 'requisition', '19', '7', '0', '1', '02 review', null, null, '19', '2013-09-24 16:37:24');
INSERT INTO `workflow_manager` VALUES ('270', null, '154', 'requisition', '20', '4', '1', '1', '03 approve', null, null, '20', '2013-09-24 16:38:25');
INSERT INTO `workflow_manager` VALUES ('271', null, '155', 'requisition', '20', '4', '1', '1', '03 approve', null, null, '20', '2013-09-24 16:38:53');
INSERT INTO `workflow_manager` VALUES ('272', '1', '14', 'Product Approval', '19', '7', '0', '1', null, '19', null, '626', '2013-09-24 16:47:48');
INSERT INTO `workflow_manager` VALUES ('273', '2', '14', 'Product Approval', '19', '7', '1', '1', null, '19', null, '626', '2013-09-24 16:47:48');
INSERT INTO `workflow_manager` VALUES ('274', null, '157', 'requisition', '19', '7', '0', '1', '02', null, null, '19', '2013-09-25 10:19:16');
INSERT INTO `workflow_manager` VALUES ('275', null, '158', 'requisition', '19', '7', '0', '1', '02', null, null, '19', '2013-09-25 10:37:58');
INSERT INTO `workflow_manager` VALUES ('276', null, '159', 'requisition', '19', '7', '0', '1', '02', null, null, '19', '2013-09-25 10:38:29');
INSERT INTO `workflow_manager` VALUES ('277', null, '158', 'requisition', '20', '4', '1', '1', '03', null, null, '20', '2013-09-25 10:39:40');
INSERT INTO `workflow_manager` VALUES ('278', null, '159', 'requisition', '20', '4', '1', '1', '03', null, null, '20', '2013-09-25 10:40:06');
INSERT INTO `workflow_manager` VALUES ('279', '1', '15', 'Product Approval', '21', '11', '0', '1', null, '628', null, '626', '2013-09-25 10:57:35');
INSERT INTO `workflow_manager` VALUES ('280', '2', '15', 'Product Approval', '20', '4', '1', '1', null, '21', null, '626', '2013-09-25 10:57:35');
INSERT INTO `workflow_manager` VALUES ('281', '3', '15', 'Product Approval', '623', '10', '2', '1', null, '19', null, '626', '2013-09-25 10:57:35');
INSERT INTO `workflow_manager` VALUES ('282', null, '166', 'requisition', '19', '7', '0', '1', '02', null, null, '19', '2013-09-25 12:35:20');
INSERT INTO `workflow_manager` VALUES ('283', null, '166', 'requisition', '20', '4', '1', '1', '03', null, null, '20', '2013-09-25 12:35:58');
INSERT INTO `workflow_manager` VALUES ('284', '0', '16', 'Product Approval', '0', '0', '0', '0', null, null, null, '626', '2013-09-25 14:48:28');
INSERT INTO `workflow_manager` VALUES ('285', '1', '16', 'Product Approval', '626', '8', '0', '0', null, null, null, '626', '2013-09-25 14:49:44');
INSERT INTO `workflow_manager` VALUES ('286', '1', '16', 'Product Approval', '626', '8', '1', '0', null, null, null, '626', '2013-09-25 14:49:44');
INSERT INTO `workflow_manager` VALUES ('287', '1', '17', 'Product Approval', '627', '9', '0', '0', null, null, null, '627', '2013-09-25 14:59:50');
INSERT INTO `workflow_manager` VALUES ('288', '1', '17', 'Product Approval', '627', '9', '1', '0', null, null, null, '627', '2013-09-25 14:59:50');
INSERT INTO `workflow_manager` VALUES ('289', '3', '17', 'Product Approval', '627', '9', '2', '0', null, null, null, '627', '2013-09-25 14:59:50');
INSERT INTO `workflow_manager` VALUES ('290', '1', '18', 'Product Approval', '628', '8', '0', '0', null, null, null, '627', '2013-09-25 15:27:22');
INSERT INTO `workflow_manager` VALUES ('291', '2', '18', 'Product Approval', '628', '8', '1', '0', null, null, null, '627', '2013-09-25 15:27:23');
INSERT INTO `workflow_manager` VALUES ('292', '3', '18', 'Product Approval', '628', '8', '2', '0', null, null, null, '627', '2013-09-25 15:27:23');
INSERT INTO `workflow_manager` VALUES ('293', '0', '18', 'Product Approval', '0', '0', '0', '0', null, null, null, '628', '2013-09-26 12:37:11');
INSERT INTO `workflow_manager` VALUES ('294', '1', '19', 'Product Approval', '627', '9', '0', '0', null, null, null, '627', '2013-09-26 12:52:28');
INSERT INTO `workflow_manager` VALUES ('295', '2', '19', 'Product Approval', '627', '9', '1', '0', null, null, null, '627', '2013-09-26 12:52:28');
INSERT INTO `workflow_manager` VALUES ('296', '3', '19', 'Product Approval', '627', '9', '2', '0', null, null, null, '627', '2013-09-26 12:52:28');
INSERT INTO `workflow_manager` VALUES ('297', null, '169', 'requisition', '19', '7', '0', '1', '02', null, null, '19', '2013-09-26 13:02:33');
INSERT INTO `workflow_manager` VALUES ('298', null, '168', 'requisition', '19', '7', '0', '1', '02', null, null, '19', '2013-09-26 13:02:55');
INSERT INTO `workflow_manager` VALUES ('299', null, '168', 'requisition', '20', '4', '1', '1', '03', null, null, '20', '2013-09-26 13:03:43');
INSERT INTO `workflow_manager` VALUES ('300', null, '169', 'requisition', '20', '4', '1', '1', '03', null, null, '20', '2013-09-26 13:04:02');
INSERT INTO `workflow_manager` VALUES ('301', '1', '21', 'Product Approval', '19', '7', '0', '1', null, '628', null, '626', '2013-09-26 13:07:14');
INSERT INTO `workflow_manager` VALUES ('302', '2', '21', 'Product Approval', '20', '4', '1', '1', null, '19', null, '626', '2013-09-26 13:07:14');
INSERT INTO `workflow_manager` VALUES ('303', '3', '21', 'Product Approval', '21', '11', '2', '1', null, '20', null, '626', '2013-09-26 13:07:14');
INSERT INTO `workflow_manager` VALUES ('304', '7', '21', 'Product Approval', '623', '10', '3', '1', null, '21', null, '626', '2013-09-26 13:07:14');
INSERT INTO `workflow_manager` VALUES ('305', null, '157', 'requisition', '20', '4', '0', '1', 'aaaaaaaaaaaaaaaaaaaaa', null, null, '20', '2013-09-28 10:58:27');
INSERT INTO `workflow_manager` VALUES ('306', null, '21', 'requisition', '20', '4', '0', '1', 'zzzzzzzzzzzzzzz', null, null, '20', '2013-09-28 11:02:13');
INSERT INTO `workflow_manager` VALUES ('307', null, '171', 'requisition', '19', '7', '0', '1', '', null, null, '19', '2013-09-28 11:07:02');
INSERT INTO `workflow_manager` VALUES ('308', null, '171', 'requisition', '20', '4', '1', '1', '', null, null, '20', '2013-09-28 11:07:44');
INSERT INTO `workflow_manager` VALUES ('309', null, '172', 'requisition', '19', '7', '0', '1', '', null, null, '19', '2013-09-28 11:19:03');
INSERT INTO `workflow_manager` VALUES ('310', null, '172', 'requisition', '20', '4', '0', '1', '', null, null, '20', '2013-09-28 11:20:01');
INSERT INTO `workflow_manager` VALUES ('311', null, '172', 'requisition', '20', '4', '0', '1', '', null, null, '20', '2013-09-28 11:27:39');
INSERT INTO `workflow_manager` VALUES ('312', null, '172', 'requisition', '20', '4', '0', '1', '', null, null, '20', '2013-09-28 11:27:59');
INSERT INTO `workflow_manager` VALUES ('313', null, '172', 'requisition', '22', '3', '0', '1', '', null, null, '22', '2013-09-28 11:28:41');
INSERT INTO `workflow_manager` VALUES ('314', null, '172', 'requisition', '629', '1', '0', '1', 'zzzzzzzzzzzzzzz', null, null, '629', '2013-09-28 11:29:36');
INSERT INTO `workflow_manager` VALUES ('315', '1', '22', 'Product Approval', '626', '8', '0', '1', null, '628', null, '626', '2013-09-28 11:44:24');
INSERT INTO `workflow_manager` VALUES ('316', '2', '22', 'Product Approval', '626', '8', '1', '1', 'xxxxxxxxxx', '626', null, '626', '2013-09-28 11:44:24');
INSERT INTO `workflow_manager` VALUES ('317', '7', '22', 'Product Approval', '626', '8', '2', '1', 'cccccccccccccccccc', '626', null, '626', '2013-09-28 11:44:24');
INSERT INTO `workflow_manager` VALUES ('318', null, '173', 'requisition', '19', '7', '0', '1', '02cccccccccccccccccccccccc', null, null, '19', '2013-09-28 12:40:15');
INSERT INTO `workflow_manager` VALUES ('319', null, '173', 'requisition', '20', '4', '0', '1', 'zzzzzzzzzzzzzzzzzzzzz', null, null, '20', '2013-09-28 12:43:39');
INSERT INTO `workflow_manager` VALUES ('320', null, '173', 'requisition', '22', '3', '0', '1', 'zxzxzxzxzx', null, null, '22', '2013-09-28 12:44:31');
INSERT INTO `workflow_manager` VALUES ('321', null, '173', 'requisition', '629', '1', '0', '1', '13 vvvvvvvvvvvvvvvvvvv', null, null, '629', '2013-09-28 12:45:16');
INSERT INTO `workflow_manager` VALUES ('322', null, '173', 'requisition', '627', '9', '1', '1', '11 sssssssssssssssssssssss', null, null, '627', '2013-09-28 12:52:37');
INSERT INTO `workflow_manager` VALUES ('323', null, '173', 'requisition', '627', '9', '2', '1', '', null, null, '627', '2013-09-28 12:54:21');
INSERT INTO `workflow_manager` VALUES ('324', null, '173', 'requisition', '627', '9', '3', '1', '', null, null, '627', '2013-09-28 12:55:36');
INSERT INTO `workflow_manager` VALUES ('325', null, '133', 'requisition', '20', '4', '0', '1', '', null, null, '20', '2013-09-28 12:59:24');
INSERT INTO `workflow_manager` VALUES ('326', null, '133', 'requisition', '22', '3', '0', '1', '', null, null, '22', '2013-09-28 13:02:55');
INSERT INTO `workflow_manager` VALUES ('327', null, '133', 'requisition', '629', '1', '0', '1', '', null, null, '629', '2013-09-28 13:04:22');
INSERT INTO `workflow_manager` VALUES ('328', null, '128', 'requisition', '20', '4', '0', '1', '', null, null, '20', '2013-09-28 13:47:19');
INSERT INTO `workflow_manager` VALUES ('329', null, '128', 'requisition', '22', '3', '0', '1', '', null, null, '22', '2013-09-28 13:48:09');
INSERT INTO `workflow_manager` VALUES ('330', null, '128', 'requisition', '629', '1', '0', '1', '', null, null, '629', '2013-09-28 13:48:45');
INSERT INTO `workflow_manager` VALUES ('331', null, '128', 'requisition', '627', '9', '0', '1', '', null, null, '627', '2013-09-28 13:51:57');
INSERT INTO `workflow_manager` VALUES ('332', null, '128', 'requisition', '627', '9', '0', '1', '', null, null, '627', '2013-09-28 13:52:46');
INSERT INTO `workflow_manager` VALUES ('333', null, '133', 'requisition', '626', '8', '0', '1', '', null, null, '626', '2013-09-28 14:15:08');
INSERT INTO `workflow_manager` VALUES ('334', null, '174', 'requisition', '19', '7', '0', '1', '', null, null, '19', '2013-09-28 14:18:40');
INSERT INTO `workflow_manager` VALUES ('335', null, '174', 'requisition', '20', '4', '0', '1', '', null, null, '20', '2013-09-28 14:19:21');
INSERT INTO `workflow_manager` VALUES ('336', null, '174', 'requisition', '22', '3', '0', '1', '', null, null, '22', '2013-09-28 14:20:03');
INSERT INTO `workflow_manager` VALUES ('337', null, '174', 'requisition', '629', '1', '0', '1', '', null, null, '629', '2013-09-28 14:20:35');
INSERT INTO `workflow_manager` VALUES ('338', null, '174', 'requisition', '627', '9', '0', '1', '', null, null, '627', '2013-09-28 14:21:19');
INSERT INTO `workflow_manager` VALUES ('339', null, '174', 'requisition', '627', '9', '0', '1', '', null, null, '627', '2013-09-28 14:21:19');
INSERT INTO `workflow_manager` VALUES ('340', null, '174', 'requisition', '627', '9', '0', '1', '', null, null, '627', '2013-09-28 14:22:14');
INSERT INTO `workflow_manager` VALUES ('341', null, '174', 'requisition', '627', '9', '0', '1', '', null, null, '627', '2013-09-28 14:22:14');
INSERT INTO `workflow_manager` VALUES ('342', null, '174', 'requisition', '627', '9', '0', '1', '', null, null, '627', '2013-09-28 14:22:41');
INSERT INTO `workflow_manager` VALUES ('343', '1', '23', 'Product Approval', '19', '7', '0', '0', null, null, null, '626', '2013-09-28 14:28:09');
INSERT INTO `workflow_manager` VALUES ('344', '2', '23', 'Product Approval', '20', '4', '1', '0', null, null, null, '626', '2013-09-28 14:28:09');
INSERT INTO `workflow_manager` VALUES ('345', '3', '23', 'Product Approval', '21', '11', '2', '0', null, null, null, '626', '2013-09-28 14:28:09');
INSERT INTO `workflow_manager` VALUES ('346', '7', '23', 'Product Approval', '21', '11', '3', '0', null, null, null, '626', '2013-09-28 14:28:09');
INSERT INTO `workflow_manager` VALUES ('347', '0', '24', 'Product Approval', '0', '0', '0', '1', '17 cfo', '633', null, '626', '2013-09-28 14:35:00');
INSERT INTO `workflow_manager` VALUES ('348', '0', '24', 'Product Approval', '0', '0', '0', '0', null, null, null, '626', '2013-09-28 14:37:09');
INSERT INTO `workflow_manager` VALUES ('349', '1', '24', 'Product Approval', '19', '7', '0', '0', null, null, null, '626', '2013-09-28 14:52:06');
INSERT INTO `workflow_manager` VALUES ('350', '7', '24', 'Product Approval', '20', '4', '1', '0', null, null, null, '626', '2013-09-28 14:52:06');
INSERT INTO `workflow_manager` VALUES ('351', '1', '24', 'Product Approval', '630', '8', null, '1', '', null, null, '630', '2013-09-28 14:52:41');
INSERT INTO `workflow_manager` VALUES ('352', '1', '24', 'Product Approval', '631', '11', null, '1', '15 vvvvvvvv', null, null, '631', '2013-09-28 14:53:09');
INSERT INTO `workflow_manager` VALUES ('353', '1', '24', 'Product Approval', '632', '1', null, '1', '16 cccccccccccccccc', null, null, '632', '2013-09-28 14:56:12');
INSERT INTO `workflow_manager` VALUES ('354', '1', '173', 'Product Approval', '633', '4', null, '1', '17 cfo', null, null, '633', '2013-09-28 14:57:10');
INSERT INTO `workflow_manager` VALUES ('355', null, '178', 'requisition', '19', '7', '0', '1', '02  review cccccccccccccccccccccccccccccccccccccccccccccccccccccccc', null, null, '19', '2013-09-28 18:18:58');
INSERT INTO `workflow_manager` VALUES ('356', null, '178', 'requisition', '20', '4', '0', '1', '03 bbbbbbbbbbbbbbbbbbbbbbbbbbbbbbbbbbbb', null, null, '20', '2013-09-28 18:19:56');
INSERT INTO `workflow_manager` VALUES ('357', null, '178', 'requisition', '22', '3', '0', '1', '05 vvvvvvvvvvvvvvvvv ccccccccccccccccc ddddddddddddddddddd eeeeeeeeeeeeeeeeeeeeeeeee', null, null, '22', '2013-09-28 18:21:49');
INSERT INTO `workflow_manager` VALUES ('358', null, '178', 'requisition', '629', '1', '0', '1', '13 vvvvvvvvvvvvvvvvvv', null, null, '629', '2013-09-28 18:22:56');
INSERT INTO `workflow_manager` VALUES ('359', null, '178', 'requisition', '626', '8', '0', '1', '10 cccccccccccccccccccccc', null, null, '626', '2013-09-28 18:25:42');
INSERT INTO `workflow_manager` VALUES ('360', '1', '25', 'Product Approval', '19', '7', '0', '1', 'CFO nnnnnnnnnnnnnnnnnnn', '633', null, '626', '2013-09-28 18:45:47');
INSERT INTO `workflow_manager` VALUES ('361', '2', '25', 'Product Approval', '20', '4', '1', '0', null, null, null, '626', '2013-09-28 18:45:47');
INSERT INTO `workflow_manager` VALUES ('362', '7', '25', 'Product Approval', '21', '11', '2', '0', null, null, null, '626', '2013-09-28 18:45:47');
INSERT INTO `workflow_manager` VALUES ('363', '1', '25', '', '630', '8', null, '1', '14 HOP nnnnnnnnnnnnnnnnnn', null, null, '630', '2013-09-28 18:48:48');
INSERT INTO `workflow_manager` VALUES ('364', '1', '25', '', '631', '11', null, '1', '15 Finance nnnnnnnnnn', null, null, '631', '2013-09-28 18:51:01');
INSERT INTO `workflow_manager` VALUES ('365', '1', '25', '', '632', '1', null, '1', 'HOP cccccccccccc', null, null, '632', '2013-09-28 18:52:18');
INSERT INTO `workflow_manager` VALUES ('366', '1', '178', '', '633', '4', null, '1', 'CFO nnnnnnnnnnnnnnnnnnn', null, null, '633', '2013-09-28 18:52:58');
INSERT INTO `workflow_manager` VALUES ('367', null, '180', 'requisition', '19', '7', '0', '1', '02 review......................', null, null, '19', '2013-09-29 15:53:30');
INSERT INTO `workflow_manager` VALUES ('368', null, '180', 'requisition', '20', '4', '0', '1', '03 review HOD', null, null, '20', '2013-09-29 15:54:50');
INSERT INTO `workflow_manager` VALUES ('369', null, '180', 'requisition', '22', '3', '0', '1', '05 IT Officer', null, null, '22', '2013-09-29 15:58:11');
INSERT INTO `workflow_manager` VALUES ('370', null, '180', 'requisition', '629', '1', '0', '1', '13 HOT', null, null, '629', '2013-09-29 16:24:10');
INSERT INTO `workflow_manager` VALUES ('371', null, '180', 'requisition', '626', '8', '0', '1', '10 Process dept', null, null, '626', '2013-09-29 16:25:12');
INSERT INTO `workflow_manager` VALUES ('372', '1', '26', 'Product Approval', '20', '4', '0', '1', 'ok 17', '633', null, '626', '2013-09-29 16:40:55');
INSERT INTO `workflow_manager` VALUES ('373', '2', '26', 'Product Approval', '21', '11', '1', '0', null, null, null, '626', '2013-09-29 16:40:55');
INSERT INTO `workflow_manager` VALUES ('374', '7', '26', 'Product Approval', '626', '8', '2', '0', null, null, null, '626', '2013-09-29 16:40:55');
INSERT INTO `workflow_manager` VALUES ('375', '1', '26', '', '630', '8', null, '1', '14 POP', null, null, '630', '2013-09-29 16:42:01');
INSERT INTO `workflow_manager` VALUES ('376', '1', '26', '', '631', '11', null, '1', '15 Finance Officer', null, null, '631', '2013-09-29 16:43:45');
INSERT INTO `workflow_manager` VALUES ('377', '1', '26', '', '632', '1', null, '1', '16 HOP', null, null, '632', '2013-09-29 16:45:16');
INSERT INTO `workflow_manager` VALUES ('378', '1', '180', '', '633', '4', null, '1', 'ok 17', null, null, '633', '2013-09-29 16:46:39');
INSERT INTO `workflow_manager` VALUES ('379', null, '183', 'requisition', '19', '7', '0', '1', 'approve', null, null, '19', '2013-10-05 18:19:28');
INSERT INTO `workflow_manager` VALUES ('380', null, '182', 'requisition', '19', '7', '0', '1', 'approve', null, null, '19', '2013-10-05 18:19:50');
INSERT INTO `workflow_manager` VALUES ('381', null, '183', 'requisition', '20', '4', '0', '1', 'approve', null, null, '20', '2013-10-05 18:20:35');
INSERT INTO `workflow_manager` VALUES ('382', null, '182', 'requisition', '20', '4', '1', '1', 'approve', null, null, '20', '2013-10-05 18:20:45');
INSERT INTO `workflow_manager` VALUES ('383', '1', '27', 'Product Approval', '22', '3', '0', '1', 'khjgfd', '633', null, '22', '2013-10-05 18:33:37');
INSERT INTO `workflow_manager` VALUES ('384', '2', '27', 'Product Approval', '20', '4', '1', '0', null, null, null, '22', '2013-10-05 18:33:37');
INSERT INTO `workflow_manager` VALUES ('385', null, '183', 'requisition', '22', '3', '0', '1', ',hmfgndb', null, null, '22', '2013-10-05 18:35:17');
INSERT INTO `workflow_manager` VALUES ('386', null, '183', 'requisition', '629', '1', '0', '1', 'approvw', null, null, '629', '2013-10-05 18:36:02');
INSERT INTO `workflow_manager` VALUES ('387', null, '183', 'requisition', '626', '8', '0', '1', 'aiii', null, null, '626', '2013-10-05 18:36:41');
INSERT INTO `workflow_manager` VALUES ('388', '1', '27', '', '630', '8', null, '1', ' xhmgnd', null, null, '630', '2013-10-05 18:37:55');
INSERT INTO `workflow_manager` VALUES ('389', '1', '27', '', '631', '11', null, '1', 'yuiojhyf', null, null, '631', '2013-10-05 18:38:32');
INSERT INTO `workflow_manager` VALUES ('390', '1', '27', '', '632', '1', null, '1', 'iuy', null, null, '632', '2013-10-05 18:39:05');
INSERT INTO `workflow_manager` VALUES ('391', '1', '183', '', '633', '4', null, '1', 'khjgfd', null, null, '633', '2013-10-05 18:39:50');
INSERT INTO `workflow_manager` VALUES ('392', null, '197', 'requisition', '19', '7', '0', '1', '02', null, null, '19', '2013-10-22 10:11:24');
INSERT INTO `workflow_manager` VALUES ('393', null, '197', 'requisition', '20', '4', '1', '1', '03 dh', null, null, '20', '2013-10-22 10:12:09');
INSERT INTO `workflow_manager` VALUES ('394', '1', '28', 'Product Approval', '18', '5', '0', '1', '17 CFO', '633', null, '634', '2013-10-22 10:41:14');
INSERT INTO `workflow_manager` VALUES ('395', '2', '28', 'Product Approval', '19', '7', '1', '0', null, null, null, '634', '2013-10-22 10:41:14');
INSERT INTO `workflow_manager` VALUES ('396', '7', '28', 'Product Approval', '21', '11', '2', '0', null, null, null, '634', '2013-10-22 10:41:14');
INSERT INTO `workflow_manager` VALUES ('397', '1', '28', '', '630', '8', null, '1', '14 HOP', null, null, '630', '2013-10-22 10:52:22');
INSERT INTO `workflow_manager` VALUES ('398', '1', '28', '', '631', '11', null, '1', '15 Finance', null, null, '631', '2013-10-22 10:53:05');
INSERT INTO `workflow_manager` VALUES ('399', '1', '28', '', '632', '1', null, '1', '16 HOP', null, null, '632', '2013-10-22 10:53:51');
INSERT INTO `workflow_manager` VALUES ('400', '1', '197', '', '633', '4', null, '1', '17 CFO', null, null, '633', '2013-10-22 10:58:41');
INSERT INTO `workflow_manager` VALUES ('401', null, '198', 'requisition', '20', '4', '0', '1', '03 review', null, null, '20', '2013-10-24 11:39:05');
INSERT INTO `workflow_manager` VALUES ('402', '1', '29', 'Product Approval', '635', '7', '0', '1', '', '633', null, '22', '2013-10-24 11:49:14');
INSERT INTO `workflow_manager` VALUES ('403', '2', '29', 'Product Approval', '636', '11', '1', '1', '', '635', null, '22', '2013-10-24 11:49:14');
INSERT INTO `workflow_manager` VALUES ('405', '1', '29', '', '624', '11', null, '1', '', null, null, '624', '2013-10-24 12:02:27');
INSERT INTO `workflow_manager` VALUES ('406', '1', '29', '', '631', '11', null, '1', '', null, null, '631', '2013-10-24 12:04:16');
INSERT INTO `workflow_manager` VALUES ('407', '1', '29', '', '632', '1', null, '1', '', null, null, '632', '2013-10-24 12:05:03');
INSERT INTO `workflow_manager` VALUES ('408', '1', '198', '', '635', '2', null, '1', '', null, null, '633', '2013-10-24 12:11:22');
INSERT INTO `workflow_manager` VALUES ('409', '1', '198', '', '636', '1', null, '1', '', null, null, '633', '2013-10-24 12:14:41');
INSERT INTO `workflow_manager` VALUES ('410', '1', '198', '', '635', '8', null, '1', '', null, null, '635', '2013-10-24 12:37:43');
INSERT INTO `workflow_manager` VALUES ('411', '1', '198', '', '636', '8', null, '1', '', null, null, '636', '2013-10-24 12:38:14');
INSERT INTO `workflow_manager` VALUES ('412', '1', '30', 'Product Approval', '635', '8', '0', '1', '17 CFO', '633', null, '22', '2013-10-24 14:19:20');
INSERT INTO `workflow_manager` VALUES ('413', '7', '30', 'Product Approval', '636', '8', '1', '1', '22 AMD', '635', null, '22', '2013-10-24 14:19:20');
INSERT INTO `workflow_manager` VALUES ('414', '1', '30', '', '624', '11', null, '1', '08', null, null, '624', '2013-10-24 14:20:24');
INSERT INTO `workflow_manager` VALUES ('415', '1', '30', '', '631', '11', null, '1', '15', null, null, '631', '2013-10-24 14:22:13');
INSERT INTO `workflow_manager` VALUES ('416', '1', '30', '', '632', '1', null, '1', '16', null, null, '632', '2013-10-24 14:22:38');
INSERT INTO `workflow_manager` VALUES ('417', '1', '157', '', '633', '4', null, '1', '17 CFO', null, null, '633', '2013-10-24 14:23:21');
INSERT INTO `workflow_manager` VALUES ('418', '1', '157', '', '635', '8', null, '1', '22 AMD', null, null, '635', '2013-10-24 14:25:16');
INSERT INTO `workflow_manager` VALUES ('419', '1', '157', '', '636', '8', null, '1', '23', null, null, '636', '2013-10-24 14:25:48');

-- ----------------------------
-- Table structure for `workflow_process_type`
-- ----------------------------
DROP TABLE IF EXISTS `workflow_process_type`;
CREATE TABLE `workflow_process_type` (
  `WORKFLOW_PROCESS_ID` int(11) NOT NULL AUTO_INCREMENT,
  `WORKFLOW_PROCESS_NAME` varchar(255) DEFAULT NULL,
  `WORKFLOW_SORT` int(2) DEFAULT NULL,
  `CREATED_BY` varchar(255) DEFAULT NULL,
  `CREATED_DATE` datetime DEFAULT NULL,
  `MODIFY_BY` varchar(255) DEFAULT NULL,
  `MODIFY_DATE` datetime DEFAULT NULL,
  PRIMARY KEY (`WORKFLOW_PROCESS_ID`)
) ENGINE=InnoDB AUTO_INCREMENT=8 DEFAULT CHARSET=latin1;

-- ----------------------------
-- Records of workflow_process_type
-- ----------------------------
INSERT INTO `workflow_process_type` VALUES ('1', '1st Reviwe', null, null, null, null, null);
INSERT INTO `workflow_process_type` VALUES ('2', '2nd Reviwe', null, null, null, null, null);
INSERT INTO `workflow_process_type` VALUES ('3', '3rd Reviwe', null, null, null, null, null);
INSERT INTO `workflow_process_type` VALUES ('4', '4th Reviwe', null, null, null, null, null);
INSERT INTO `workflow_process_type` VALUES ('5', '5th Reviwe', null, null, null, null, null);
INSERT INTO `workflow_process_type` VALUES ('6', '6th Reviwe', null, null, null, null, null);
INSERT INTO `workflow_process_type` VALUES ('7', 'Approval', null, null, null, null, null);

-- ----------------------------
-- Table structure for `workflow_type`
-- ----------------------------
DROP TABLE IF EXISTS `workflow_type`;
CREATE TABLE `workflow_type` (
  `WORKFLOW_TYPE_ID` int(11) NOT NULL AUTO_INCREMENT,
  `WORKFLOW_TYPE_NAME` varchar(255) DEFAULT NULL COMMENT 'Type Name,y,,,,20,1',
  `CREATED_BY` varchar(255) DEFAULT NULL,
  `CREATED_DATE` datetime DEFAULT NULL,
  `MODIFY_BY` varchar(255) DEFAULT NULL,
  `MODIFY_DATE` datetime DEFAULT NULL,
  PRIMARY KEY (`WORKFLOW_TYPE_ID`)
) ENGINE=InnoDB AUTO_INCREMENT=3 DEFAULT CHARSET=latin1;

-- ----------------------------
-- Records of workflow_type
-- ----------------------------
INSERT INTO `workflow_type` VALUES ('1', 'MANUAL ', null, null, null, null);
INSERT INTO `workflow_type` VALUES ('2', 'BY DEFAULT', null, null, null, null);
